CustomerKey,Recency,Frequency,Monetary,R_Score,F_Score,M_Score,RFM_Score,Segment,CLV_Tier
301,468,1,592.0,3,1,1,311,Need Attention,Low Value
325,414,3,5787.67,4,4,4,444,Champions,Top Value
554,444,2,951.71,3,2,2,322,Loyal,Low Value
1042,1083,1,1124.91,1,1,2,112,Lost,Low Value
1314,1160,1,2539.86,1,1,3,113,Lost,Medium Value
1568,11,4,4922.43,5,5,4,554,Champions,Medium Value
1585,724,2,6700.62,2,2,4,224,Lost,Top Value
1626,365,2,2940.35,4,2,3,423,Loyal,Medium Value
1642,642,1,115.98,2,1,1,211,Lost,Low Value
1863,197,2,2198.25,5,2,3,523,Loyal,Medium Value
2238,352,2,579.94,4,2,1,421,Loyal,Low Value
2248,770,1,869.92,2,1,2,212,Lost,Low Value
2435,1115,2,2474.9700000000003,1,2,3,123,Lost,Medium Value
2469,472,1,158.76,3,1,1,311,Need Attention,Low Value
2512,358,2,3575.08,4,2,3,423,Loyal,Medium Value
2792,657,1,70.13,2,1,1,211,Lost,Low Value
3002,1822,1,932.27,1,1,2,112,Lost,Low Value
3203,799,2,6206.66,2,2,4,224,Lost,Top Value
3327,925,1,2851.0,1,1,3,113,Lost,Medium Value
3575,1822,1,774.0,1,1,1,111,Lost,Low Value
3964,1474,1,1506.0,1,1,2,112,Lost,Low Value
4174,88,2,4465.53,5,2,4,524,Need Attention,Medium Value
5097,1874,1,43.14,1,1,1,111,Lost,Low Value
5445,1207,1,600.0,1,1,1,111,Lost,Low Value
5962,975,2,5377.61,1,2,4,124,Lost,Top Value
6258,59,1,4394.0,5,1,4,514,Need Attention,Medium Value
6308,597,1,1117.48,3,1,2,312,Need Attention,Low Value
7109,1011,1,494.95,1,1,1,111,Lost,Low Value
7566,540,1,3142.0,3,1,3,313,Need Attention,Medium Value
7700,905,1,182.97,1,1,1,111,Lost,Low Value
7783,527,1,1299.95,3,1,2,312,Need Attention,Low Value
8098,550,1,2094.0,3,1,2,312,Need Attention,Medium Value
8181,368,1,1991.94,4,1,2,412,Need Attention,Medium Value
8789,899,1,1499.5,1,1,2,112,Lost,Low Value
8945,430,1,1638.9,4,1,2,412,Need Attention,Low Value
9167,509,1,227.96999999999997,3,1,1,311,Need Attention,Low Value
9184,963,2,26039.44,1,2,5,125,Lost,Top Value
9456,218,2,7130.49,5,2,4,524,Need Attention,Top Value
9812,31,3,4339.4,5,4,4,544,Champions,Medium Value
9915,1264,1,13569.0,1,1,5,115,Lost,Top Value
10039,467,1,899.97,3,1,2,312,Need Attention,Low Value
10299,1485,1,419.96,1,1,1,111,Lost,Low Value
10393,216,1,2310.0,5,1,3,513,Need Attention,Medium Value
11035,372,1,268.0,4,1,1,411,Need Attention,Low Value
12160,984,2,7465.78,1,2,4,124,Lost,Top Value
12365,344,1,1719.97,5,1,2,512,Need Attention,Medium Value
12392,785,1,7988.669999999999,2,1,5,215,Lost,Top Value
12649,367,1,62.910000000000004,4,1,1,411,Need Attention,Low Value
12729,550,4,6990.45,3,5,4,354,Loyal,Top Value
12859,421,1,545.68,4,1,1,411,Need Attention,Low Value
13045,960,2,1785.72,1,2,2,122,Lost,Medium Value
13071,99,1,749.0,5,1,1,511,Need Attention,Low Value
13365,2,1,109.0,5,1,1,511,Need Attention,Low Value
14069,795,1,837.0,2,1,1,211,Lost,Low Value
14180,1860,1,864.78,1,1,2,112,Lost,Low Value
14906,1263,1,770.42,1,1,1,111,Lost,Low Value
14962,478,2,15810.829999999998,3,2,5,325,Need Attention,Top Value
14988,723,1,6001.97,2,1,4,214,Lost,Top Value
15391,1143,1,497.97,1,1,1,111,Lost,Low Value
15718,405,1,2072.51,4,1,2,412,Need Attention,Medium Value
16716,587,1,1889.08,3,1,2,312,Need Attention,Medium Value
17412,877,3,2083.31,2,4,2,242,Lost,Medium Value
17811,794,1,2727.2,2,1,3,213,Lost,Medium Value
18309,984,1,511.95,1,1,1,111,Lost,Low Value
18470,19,3,1811.69,5,4,2,542,Loyal,Medium Value
18493,1713,1,350.48,1,1,1,111,Lost,Low Value
18887,1289,1,1328.3600000000001,1,1,2,112,Lost,Low Value
19082,183,3,4469.97,5,4,4,544,Champions,Medium Value
19207,635,2,2282.64,2,2,3,223,Lost,Medium Value
19404,370,1,657.0,4,1,1,411,Need Attention,Low Value
19534,927,1,870.02,1,1,2,112,Lost,Low Value
19726,352,1,857.0,4,1,2,412,Need Attention,Low Value
19753,795,2,684.85,2,2,1,221,Lost,Low Value
20069,430,4,3086.31,4,5,3,453,Loyal,Medium Value
20092,524,2,4190.91,3,2,4,324,Need Attention,Medium Value
20237,418,1,5071.45,4,1,4,414,Need Attention,Top Value
20623,418,3,3760.6800000000003,4,4,3,443,Loyal,Medium Value
20946,835,1,5816.79,2,1,4,214,Lost,Top Value
21203,1555,1,872.4,1,1,2,112,Lost,Low Value
21424,199,2,6951.889999999999,5,2,4,524,Need Attention,Top Value
21460,57,1,3668.88,5,1,3,513,Need Attention,Medium Value
21523,1459,1,10395.99,1,1,5,115,Lost,Top Value
21575,1713,1,429.0,1,1,1,111,Lost,Low Value
21819,726,2,1001.96,2,2,2,222,Lost,Low Value
22540,423,2,22548.08,4,2,5,425,Need Attention,Top Value
23203,430,3,3243.82,4,4,3,443,Loyal,Medium Value
23267,1214,1,1508.99,1,1,2,112,Lost,Low Value
23320,545,1,639.96,3,1,1,311,Need Attention,Low Value
23599,743,1,3853.96,2,1,3,213,Lost,Medium Value
25771,1142,3,2979.9799999999996,1,4,3,143,At Risk,Medium Value
25864,526,3,3206.63,3,4,3,343,Loyal,Medium Value
26477,1229,1,7543.879999999999,1,1,5,115,Lost,Top Value
26642,1758,1,2194.9300000000003,1,1,3,113,Lost,Medium Value
26728,511,1,13096.96,3,1,5,315,Need Attention,Top Value
27356,944,2,1572.33,1,2,2,122,Lost,Low Value
27492,431,3,7054.15,4,4,4,444,Champions,Top Value
27616,715,2,2827.51,2,2,3,223,Lost,Medium Value
27945,1276,1,65.98,1,1,1,111,Lost,Low Value
28690,239,2,905.94,5,2,2,522,Loyal,Low Value
29041,1184,1,4610.0,1,1,4,114,Lost,Medium Value
29278,788,1,158.0,2,1,1,211,Lost,Low Value
29475,456,1,608.64,3,1,1,311,Need Attention,Low Value
29555,32,3,4383.4,5,4,4,544,Champions,Medium Value
29647,828,1,1677.56,2,1,2,212,Lost,Low Value
29689,417,2,12177.99,4,2,5,425,Need Attention,Top Value
29812,957,1,327.83,1,1,1,111,Lost,Low Value
29973,241,2,3179.99,5,2,3,523,Loyal,Medium Value
30090,470,2,1110.96,3,2,2,322,Loyal,Low Value
31086,585,1,369.5,3,1,1,311,Need Attention,Low Value
31164,1381,1,8059.92,1,1,5,115,Lost,Top Value
31236,1471,1,5009.0,1,1,4,114,Lost,Top Value
31784,516,1,1951.93,3,1,2,312,Need Attention,Medium Value
32037,847,2,3240.13,2,2,3,223,Lost,Medium Value
32455,1240,1,4425.0,1,1,4,114,Lost,Medium Value
32488,426,1,32.0,4,1,1,411,Need Attention,Low Value
32511,585,1,16082.82,3,1,5,315,Need Attention,Top Value
32538,288,1,592.0,5,1,1,511,Need Attention,Low Value
33036,899,2,1209.6799999999998,1,2,2,122,Lost,Low Value
33205,377,4,3871.54,4,5,3,453,Loyal,Medium Value
33444,477,3,10384.91,3,4,5,345,Loyal,Top Value
34081,788,4,9588.53,2,5,5,255,At Risk,Top Value
34143,384,1,4726.0,4,1,4,414,Need Attention,Medium Value
34431,946,1,28.0,1,1,1,111,Lost,Low Value
34850,1282,2,2477.96,1,2,3,123,Lost,Medium Value
34915,596,1,56.0,3,1,1,311,Need Attention,Low Value
35257,587,2,120.78999999999999,3,2,1,321,Loyal,Low Value
35703,830,1,715.98,2,1,1,211,Lost,Low Value
35733,236,3,8441.27,5,4,5,545,Champions,Top Value
35795,736,1,8790.72,2,1,5,215,Lost,Top Value
36112,474,2,2939.55,3,2,3,323,Loyal,Medium Value
36336,904,1,1592.2,1,1,2,112,Lost,Low Value
36418,13,1,1026.88,5,1,2,512,Need Attention,Low Value
36507,421,2,5605.5,4,2,4,424,Need Attention,Top Value
37070,472,3,8240.35,3,4,5,345,Loyal,Top Value
37251,1125,1,3779.49,1,1,3,113,Lost,Medium Value
37408,813,1,4562.95,2,1,4,214,Lost,Medium Value
37580,519,1,599.55,3,1,1,311,Need Attention,Low Value
37585,5,1,4032.98,5,1,3,513,Need Attention,Medium Value
37802,761,3,8883.960000000001,2,4,5,245,At Risk,Top Value
37991,466,2,6893.0,3,2,4,324,Need Attention,Top Value
38006,895,1,6.99,1,1,1,111,Lost,Low Value
38036,997,1,1049.8,1,1,2,112,Lost,Low Value
38195,372,3,6548.02,4,4,4,444,Champions,Top Value
38212,450,1,400.99,3,1,1,311,Need Attention,Low Value
38613,717,3,6230.1,2,4,4,244,At Risk,Top Value
39246,1711,1,2154.0,1,1,2,112,Lost,Medium Value
39268,815,1,389.95,2,1,1,211,Lost,Low Value
39314,839,1,453.56,2,1,1,211,Lost,Low Value
39582,820,2,5555.0,2,2,4,224,Lost,Top Value
39592,982,1,2016.93,1,1,2,112,Lost,Medium Value
39894,1839,1,879.92,1,1,2,112,Lost,Low Value
39927,827,1,2080.9700000000003,2,1,2,212,Lost,Medium Value
40363,827,1,5489.15,2,1,4,214,Lost,Top Value
40443,481,1,624.0,3,1,1,311,Need Attention,Low Value
40649,564,2,11007.0,3,2,5,325,Need Attention,Top Value
40669,743,1,4359.0,2,1,4,214,Lost,Medium Value
41281,516,2,630.6800000000001,3,2,1,321,Loyal,Low Value
41570,351,1,8377.97,4,1,5,415,Need Attention,Top Value
42177,1097,1,2557.87,1,1,3,113,Lost,Medium Value
42364,866,2,8609.39,2,2,5,225,Lost,Top Value
42408,517,1,1667.35,3,1,2,312,Need Attention,Low Value
42840,660,1,1496.98,2,1,2,212,Lost,Low Value
42956,480,2,172.99,3,2,1,321,Loyal,Low Value
43784,391,1,2915.94,4,1,3,413,Need Attention,Medium Value
43840,415,3,3593.79,4,4,3,443,Loyal,Medium Value
44493,239,2,1043.45,5,2,2,522,Loyal,Low Value
44728,431,3,12658.83,4,4,5,445,Champions,Top Value
45172,635,1,654.9,2,1,1,211,Lost,Low Value
45250,568,1,4495.0,3,1,4,314,Need Attention,Medium Value
45436,492,3,1026.46,3,4,2,342,Loyal,Low Value
45781,976,1,6.89,1,1,1,111,Lost,Low Value
45814,11,1,2687.9700000000003,5,1,3,513,Need Attention,Medium Value
46155,52,1,62.0,5,1,1,511,Need Attention,Low Value
46917,1559,1,313.99,1,1,1,111,Lost,Low Value
46996,1612,1,29.97,1,1,1,111,Lost,Low Value
47518,997,1,2745.64,1,1,3,113,Lost,Medium Value
48383,39,1,611.52,5,1,1,511,Need Attention,Low Value
48466,597,3,6746.09,3,4,4,344,Loyal,Top Value
48733,904,1,3753.76,1,1,3,113,Lost,Medium Value
49400,367,2,2062.38,4,2,2,422,Loyal,Medium Value
49606,1636,1,1198.0,1,1,2,112,Lost,Low Value
49776,524,2,5856.0,3,2,4,324,Need Attention,Top Value
49950,550,1,7963.99,3,1,5,315,Need Attention,Top Value
50075,1705,1,2272.8500000000004,1,1,3,113,Lost,Medium Value
50681,1702,1,624.0,1,1,1,111,Lost,Low Value
50741,1289,1,25.32,1,1,1,111,Lost,Low Value
51172,472,2,1253.0,3,2,2,322,Loyal,Low Value
51314,731,2,9649.83,2,2,5,225,Lost,Top Value
51718,535,1,3299.99,3,1,3,313,Need Attention,Medium Value
52536,835,1,768.96,2,1,1,211,Lost,Low Value
52694,928,1,4761.57,1,1,4,114,Lost,Medium Value
53318,1460,1,2149.98,1,1,2,112,Lost,Medium Value
53920,1142,2,757.54,1,2,1,121,Lost,Low Value
54089,1501,2,15182.99,1,2,5,125,Lost,Top Value
54161,621,1,462.0,2,1,1,211,Lost,Low Value
54752,578,1,320.0,3,1,1,311,Need Attention,Low Value
54987,852,1,2440.98,2,1,3,213,Lost,Medium Value
55039,627,2,4662.75,2,2,4,224,Lost,Medium Value
55066,500,1,4413.79,3,1,4,314,Need Attention,Medium Value
55084,843,1,3498.8,2,1,3,213,Lost,Medium Value
55411,869,2,1790.48,2,2,2,222,Lost,Medium Value
55914,499,2,791.57,3,2,1,321,Loyal,Low Value
56791,841,1,841.97,2,1,1,211,Lost,Low Value
56834,284,1,25.69,5,1,1,511,Need Attention,Low Value
56999,751,1,854.79,2,1,2,212,Lost,Low Value
57307,450,1,966.6999999999999,3,1,2,312,Need Attention,Low Value
57374,642,1,1800.0,2,1,2,212,Lost,Medium Value
58066,972,2,477.78000000000003,1,2,1,121,Lost,Low Value
58710,658,2,309.28,2,2,1,221,Lost,Low Value
58919,1527,1,2889.99,1,1,3,113,Lost,Medium Value
59159,1,2,7852.53,5,2,5,525,Need Attention,Top Value
59304,1511,1,5851.47,1,1,4,114,Lost,Top Value
59422,552,2,1447.76,3,2,2,322,Loyal,Low Value
59529,1030,1,2838.96,1,1,3,113,Lost,Medium Value
59842,123,1,2497.85,5,1,3,513,Need Attention,Medium Value
59961,537,1,437.94,3,1,1,311,Need Attention,Low Value
60150,1478,1,959.1999999999999,1,1,2,112,Lost,Low Value
60407,1020,1,1405.78,1,1,2,112,Lost,Low Value
60411,748,2,2309.67,2,2,3,223,Lost,Medium Value
60454,1095,1,1989.0,1,1,2,112,Lost,Medium Value
60722,573,1,3313.85,3,1,3,313,Need Attention,Medium Value
60892,178,1,1729.87,5,1,2,512,Need Attention,Medium Value
61718,53,2,4645.14,5,2,4,524,Need Attention,Medium Value
61773,262,3,1805.91,5,4,2,542,Loyal,Medium Value
61881,50,2,2887.16,5,2,3,523,Loyal,Medium Value
61947,498,2,2507.71,3,2,3,323,Loyal,Medium Value
62017,172,1,479.97,5,1,1,511,Need Attention,Low Value
62076,424,1,1199.96,4,1,2,412,Need Attention,Low Value
62125,1129,1,899.95,1,1,2,112,Lost,Low Value
62163,737,3,5496.9400000000005,2,4,4,244,At Risk,Top Value
62416,551,2,1997.94,3,2,2,322,Loyal,Medium Value
62590,40,1,556.0,5,1,1,511,Need Attention,Low Value
63342,389,1,9301.25,4,1,5,415,Need Attention,Top Value
63681,738,1,2916.98,2,1,3,213,Lost,Medium Value
64037,598,1,13.89,3,1,1,311,Need Attention,Low Value
64511,852,2,11205.0,2,2,5,225,Lost,Top Value
64764,471,2,7258.99,3,2,4,324,Need Attention,Top Value
64842,462,1,6934.98,3,1,4,314,Need Attention,Top Value
65163,484,2,229.64000000000001,3,2,1,321,Loyal,Low Value
65180,624,1,11362.4,2,1,5,215,Lost,Top Value
65269,414,4,7731.15,4,5,5,455,Champions,Top Value
65283,718,2,4496.4,2,2,4,224,Lost,Medium Value
65372,54,3,5865.28,5,4,4,544,Champions,Top Value
65507,505,1,379.94,3,1,1,311,Need Attention,Low Value
66352,573,1,899.0,3,1,2,312,Need Attention,Low Value
67066,389,2,8724.84,4,2,5,425,Need Attention,Top Value
67157,352,2,10420.96,4,2,5,425,Need Attention,Top Value
67217,417,2,4502.91,4,2,4,424,Need Attention,Medium Value
67369,408,1,2765.4,4,1,3,413,Need Attention,Medium Value
67455,648,1,5073.0,2,1,4,214,Lost,Top Value
67744,649,1,118.0,2,1,1,211,Lost,Low Value
68082,1094,1,1182.99,1,1,2,112,Lost,Low Value
68537,1268,1,1183.68,1,1,2,112,Lost,Low Value
68882,1139,1,74.97,1,1,1,111,Lost,Low Value
69066,432,1,210.68,4,1,1,411,Need Attention,Low Value
69557,722,1,3359.49,2,1,3,213,Lost,Medium Value
69645,1322,1,199.95,1,1,1,111,Lost,Low Value
69707,592,2,1543.23,3,2,2,322,Loyal,Low Value
69754,23,1,139.0,5,1,1,511,Need Attention,Low Value
69812,577,1,1606.96,3,1,2,312,Need Attention,Low Value
69959,30,3,5509.88,5,4,4,544,Champions,Top Value
70453,725,2,2981.7200000000003,2,2,3,223,Lost,Medium Value
70544,1339,1,84.0,1,1,1,111,Lost,Low Value
70584,449,1,7569.65,3,1,5,315,Need Attention,Top Value
70598,139,1,1360.0,5,1,2,512,Need Attention,Low Value
70912,228,3,27219.2,5,4,5,545,Champions,Top Value
71218,1230,2,14296.89,1,2,5,125,Lost,Top Value
71220,709,1,249.98,2,1,1,211,Lost,Low Value
71282,499,1,444.01,3,1,1,311,Need Attention,Low Value
71333,816,2,14154.279999999999,2,2,5,225,Lost,Top Value
71343,854,1,758.8499999999999,2,1,1,211,Lost,Low Value
71511,600,3,3553.6,3,4,3,343,Loyal,Medium Value
71625,838,2,3991.77,2,2,3,223,Lost,Medium Value
72003,401,2,3213.71,4,2,3,423,Loyal,Medium Value
72194,380,1,76.95,4,1,1,411,Need Attention,Low Value
72812,543,2,9284.86,3,2,5,325,Need Attention,Top Value
72826,585,1,683.95,3,1,1,311,Need Attention,Low Value
73070,754,2,6165.92,2,2,4,224,Lost,Top Value
73636,286,1,204.0,5,1,1,511,Need Attention,Low Value
73704,1448,1,456.99,1,1,1,111,Lost,Low Value
74071,765,2,5982.15,2,2,4,224,Lost,Top Value
74581,1711,1,774.0,1,1,1,111,Lost,Low Value
74585,466,2,4151.98,3,2,4,324,Need Attention,Medium Value
74687,1524,1,2810.0,1,1,3,113,Lost,Medium Value
74845,274,2,879.6500000000001,5,2,2,522,Loyal,Low Value
74871,484,1,3876.0,3,1,3,313,Need Attention,Medium Value
75555,788,2,7109.42,2,2,4,224,Lost,Top Value
75706,390,2,7039.02,4,2,4,424,Need Attention,Top Value
75965,820,2,6425.54,2,2,4,224,Lost,Top Value
75976,1014,1,2352.9300000000003,1,1,3,113,Lost,Medium Value
75991,592,1,1509.8899999999999,3,1,2,312,Need Attention,Low Value
76013,211,2,1387.52,5,2,2,522,Loyal,Low Value
76021,813,3,10817.92,2,4,5,245,At Risk,Top Value
76149,533,1,71.16,3,1,1,311,Need Attention,Low Value
76499,826,1,44.0,2,1,1,211,Lost,Low Value
76560,367,2,8687.4,4,2,5,425,Need Attention,Top Value
76714,830,2,4949.51,2,2,4,224,Lost,Medium Value
76891,59,1,9389.8,5,1,5,515,Need Attention,Top Value
76979,1517,1,549.75,1,1,1,111,Lost,Low Value
77150,356,2,6831.48,4,2,4,424,Need Attention,Top Value
77290,1326,1,399.99,1,1,1,111,Lost,Low Value
77534,945,1,2706.8900000000003,1,1,3,113,Lost,Medium Value
78097,578,2,787.61,3,2,1,321,Loyal,Low Value
78428,176,3,10616.26,5,4,5,545,Champions,Top Value
78578,410,1,540.0,4,1,1,411,Need Attention,Low Value
78616,806,1,336.0,2,1,1,211,Lost,Low Value
79131,1307,2,4287.48,1,2,4,124,Lost,Medium Value
79191,298,1,6758.35,5,1,4,514,Need Attention,Top Value
79245,395,1,3497.0,4,1,3,413,Need Attention,Medium Value
80029,753,1,519.98,2,1,1,211,Lost,Low Value
80128,1450,1,91.56,1,1,1,111,Lost,Low Value
80155,762,2,471.94,2,2,1,221,Lost,Low Value
80172,381,3,11351.95,4,4,5,445,Champions,Top Value
80273,645,1,1845.97,2,1,2,212,Lost,Medium Value
80598,388,1,999.8,4,1,2,412,Need Attention,Low Value
81018,1439,2,20727.46,1,2,5,125,Lost,Top Value
81720,634,2,14782.869999999999,2,2,5,225,Lost,Top Value
82415,198,3,3467.87,5,4,3,543,Loyal,Medium Value
82533,1290,2,409.85,1,2,1,121,Lost,Low Value
82644,249,3,5438.33,5,4,4,544,Champions,Top Value
83643,461,1,604.0,3,1,1,311,Need Attention,Low Value
83651,410,1,737.02,4,1,1,411,Need Attention,Low Value
83690,1622,1,265.98,1,1,1,111,Lost,Low Value
83705,1606,1,3291.88,1,1,3,113,Lost,Medium Value
83985,552,2,3477.5,3,2,3,323,Loyal,Medium Value
84085,460,1,6503.99,3,1,4,314,Need Attention,Top Value
85080,11,1,1152.0,5,1,2,512,Need Attention,Low Value
85124,481,1,299.0,3,1,1,311,Need Attention,Low Value
85265,625,3,1713.8400000000001,2,4,2,242,Lost,Medium Value
85430,724,1,470.0,2,1,1,211,Lost,Low Value
85597,1233,2,5794.93,1,2,4,124,Lost,Top Value
85609,771,2,476.3,2,2,1,221,Lost,Low Value
85804,1016,1,6339.95,1,1,4,114,Lost,Top Value
85861,410,2,236.33,4,2,1,421,Loyal,Low Value
85974,60,3,7581.15,5,4,5,545,Champions,Top Value
86036,372,1,2046.54,4,1,2,412,Need Attention,Medium Value
86126,835,2,4689.83,2,2,4,224,Lost,Medium Value
86267,110,1,3023.0,5,1,3,513,Need Attention,Medium Value
86465,471,2,85.97,3,2,1,321,Loyal,Low Value
86472,603,1,2664.8,3,1,3,313,Need Attention,Medium Value
86475,557,2,4917.72,3,2,4,324,Need Attention,Medium Value
87229,617,1,499.9,2,1,1,211,Lost,Low Value
87690,146,1,1425.04,5,1,2,512,Need Attention,Low Value
87891,773,1,443.37,2,1,1,211,Lost,Low Value
88047,991,1,879.6,1,1,2,112,Lost,Low Value
88785,542,2,2187.98,3,2,3,323,Loyal,Medium Value
88791,1458,1,4064.0,1,1,3,113,Lost,Medium Value
88897,600,2,4086.18,3,2,4,324,Need Attention,Medium Value
89416,594,1,897.0,3,1,2,312,Need Attention,Low Value
89721,962,2,4214.93,1,2,4,124,Lost,Medium Value
89946,620,2,3311.92,2,2,3,223,Lost,Medium Value
90037,785,1,865.98,2,1,2,212,Lost,Low Value
90079,428,3,770.06,4,4,1,441,Loyal,Low Value
90316,423,2,4917.19,4,2,4,424,Need Attention,Medium Value
90893,1143,1,7273.540000000001,1,1,4,114,Lost,Top Value
91218,953,1,118.6,1,1,1,111,Lost,Low Value
91545,835,1,479.97,2,1,1,211,Lost,Low Value
91756,778,1,265.65000000000003,2,1,1,211,Lost,Low Value
91913,603,1,1174.7,3,1,2,312,Need Attention,Low Value
91918,291,2,476.6,5,2,1,521,Loyal,Low Value
92275,1268,1,2249.98,1,1,3,113,Lost,Medium Value
92311,797,1,1608.95,2,1,2,212,Lost,Low Value
92920,893,1,6696.9,1,1,4,114,Lost,Top Value
93314,636,3,10143.55,2,4,5,245,At Risk,Top Value
93339,1450,1,12421.56,1,1,5,115,Lost,Top Value
93389,519,2,149.88,3,2,1,321,Loyal,Low Value
93788,899,1,470.0,1,1,1,111,Lost,Low Value
94554,799,1,5360.92,2,1,4,214,Lost,Top Value
94758,613,2,4150.81,2,2,4,224,Lost,Medium Value
95043,725,2,983.75,2,2,2,222,Lost,Low Value
95275,1093,1,1807.68,1,1,2,112,Lost,Medium Value
96331,57,3,3654.3100000000004,5,4,3,543,Loyal,Medium Value
96631,474,1,232.0,3,1,1,311,Need Attention,Low Value
97219,398,1,349.0,4,1,1,411,Need Attention,Low Value
97228,1759,1,809.96,1,1,1,111,Lost,Low Value
97611,618,4,7042.15,2,5,4,254,At Risk,Top Value
98002,661,3,5283.76,2,4,4,244,At Risk,Top Value
98185,529,1,899.95,3,1,2,312,Need Attention,Low Value
98583,759,1,1832.72,2,1,2,212,Lost,Medium Value
99189,1355,1,276.0,1,1,1,111,Lost,Low Value
99711,578,2,2176.4,3,2,3,323,Loyal,Medium Value
99810,271,2,4993.219999999999,5,2,4,524,Need Attention,Top Value
99988,629,2,7592.9400000000005,2,2,5,225,Lost,Top Value
100040,906,1,4158.0,1,1,4,114,Lost,Medium Value
100092,191,4,9238.699999999999,5,5,5,555,Champions,Top Value
100361,417,1,9.99,4,1,1,411,Need Attention,Low Value
100386,498,1,2240.62,3,1,3,313,Need Attention,Medium Value
101064,666,1,349.39,2,1,1,211,Lost,Low Value
101100,516,1,6565.7,3,1,4,314,Need Attention,Top Value
102466,737,2,1770.99,2,2,2,222,Lost,Medium Value
102503,1367,1,12608.48,1,1,5,115,Lost,Top Value
102817,554,1,673.44,3,1,1,311,Need Attention,Low Value
104456,488,3,4112.67,3,4,4,344,Loyal,Medium Value
104748,404,2,3459.34,4,2,3,423,Loyal,Medium Value
105107,774,1,299.9,2,1,1,211,Lost,Low Value
105126,617,1,947.9200000000001,2,1,2,212,Lost,Low Value
105417,454,1,7479.39,3,1,4,314,Need Attention,Top Value
105595,389,1,3036.9,4,1,3,413,Need Attention,Medium Value
105647,419,6,10318.94,4,5,5,455,Champions,Top Value
106039,589,1,198.0,3,1,1,311,Need Attention,Low Value
106880,1084,2,11398.93,1,2,5,125,Lost,Top Value
107299,1076,1,1294.89,1,1,2,112,Lost,Low Value
108022,115,1,1874.97,5,1,2,512,Need Attention,Medium Value
108311,373,3,7101.17,4,4,4,444,Champions,Top Value
109148,450,2,2533.7,3,2,3,323,Loyal,Medium Value
109580,1093,2,751.98,1,2,1,121,Lost,Low Value
109977,414,1,319.79,4,1,1,411,Need Attention,Low Value
111207,998,1,3030.26,1,1,3,113,Lost,Medium Value
111492,366,2,2926.33,4,2,3,423,Loyal,Medium Value
111568,358,1,5061.96,4,1,4,414,Need Attention,Top Value
112287,341,1,219.98,5,1,1,511,Need Attention,Low Value
112762,804,2,2968.99,2,2,3,223,Lost,Medium Value
113121,380,1,2070.0,4,1,2,412,Need Attention,Medium Value
113244,382,3,6092.53,4,4,4,444,Champions,Top Value
113290,297,1,3034.99,5,1,3,513,Need Attention,Medium Value
113294,379,1,3476.0,4,1,3,413,Need Attention,Medium Value
113448,366,2,5226.820000000001,4,2,4,424,Need Attention,Top Value
113481,856,2,7321.679999999999,2,2,4,224,Lost,Top Value
113635,988,1,722.73,1,1,1,111,Lost,Low Value
113833,414,1,548.97,4,1,1,411,Need Attention,Low Value
114070,620,2,18796.559999999998,2,2,5,225,Lost,Top Value
114201,793,1,653.96,2,1,1,211,Lost,Low Value
114561,514,2,1465.93,3,2,2,322,Loyal,Low Value
114916,792,2,3842.35,2,2,3,223,Lost,Medium Value
114949,46,3,5598.29,5,4,4,544,Champions,Top Value
115168,528,1,206.13,3,1,1,311,Need Attention,Low Value
115335,359,2,14826.55,4,2,5,425,Need Attention,Top Value
115447,358,2,11870.29,4,2,5,425,Need Attention,Top Value
115452,655,1,853.99,2,1,2,212,Lost,Low Value
115902,1151,1,4033.7300000000005,1,1,3,113,Lost,Medium Value
116149,289,4,5156.5,5,5,4,554,Champions,Top Value
116524,57,3,3667.6499999999996,5,4,3,543,Loyal,Medium Value
116571,1149,1,4712.0,1,1,4,114,Lost,Medium Value
116824,613,1,382.32,2,1,1,211,Lost,Low Value
117048,1216,1,877.5,1,1,2,112,Lost,Low Value
117386,1114,1,199.98,1,1,1,111,Lost,Low Value
117496,241,1,1837.92,5,1,2,512,Need Attention,Medium Value
117995,488,1,1140.0,3,1,2,312,Need Attention,Low Value
118271,652,3,14463.82,2,4,5,245,At Risk,Top Value
118451,444,1,2498.0,3,1,3,313,Need Attention,Medium Value
118540,1821,1,5300.93,1,1,4,114,Lost,Top Value
118829,73,3,4023.55,5,4,3,543,Loyal,Medium Value
118902,225,1,110.97,5,1,1,511,Need Attention,Low Value
119085,522,2,7763.8,3,2,5,325,Need Attention,Top Value
119365,717,1,3444.93,2,1,3,213,Lost,Medium Value
120398,761,1,493.0,2,1,1,211,Lost,Low Value
120607,435,1,1823.98,3,1,2,312,Need Attention,Medium Value
120802,735,1,417.58,2,1,1,211,Lost,Low Value
120952,990,1,872.4,1,1,2,112,Lost,Low Value
121324,814,1,194.95000000000002,2,1,1,211,Lost,Low Value
121376,478,1,2916.96,3,1,3,313,Need Attention,Medium Value
121813,738,1,2684.6,2,1,3,213,Lost,Medium Value
121958,1699,2,4940.4,1,2,4,124,Lost,Medium Value
122096,1151,1,1551.93,1,1,2,112,Lost,Low Value
122511,1831,1,1854.92,1,1,2,112,Lost,Medium Value
122533,612,3,13766.89,2,4,5,245,At Risk,Top Value
123266,422,2,1532.8,4,2,2,422,Loyal,Low Value
123353,463,2,2836.96,3,2,3,323,Loyal,Medium Value
124444,437,1,96.0,3,1,1,311,Need Attention,Low Value
124719,1326,2,2185.46,1,2,3,123,Lost,Medium Value
124722,129,1,5569.96,5,1,4,514,Need Attention,Top Value
125008,1646,1,990.0,1,1,2,112,Lost,Low Value
125033,541,1,56.99,3,1,1,311,Need Attention,Low Value
125236,778,2,20928.02,2,2,5,225,Lost,Top Value
125254,512,1,547.54,3,1,1,311,Need Attention,Low Value
125391,1235,1,1876.0,1,1,2,112,Lost,Medium Value
125649,366,2,451.97,4,2,1,421,Loyal,Low Value
125764,1209,1,3390.96,1,1,3,113,Lost,Medium Value
125784,417,2,2134.94,4,2,2,422,Loyal,Medium Value
125873,725,1,1726.6,2,1,2,212,Lost,Medium Value
125950,1853,1,506.87,1,1,1,111,Lost,Low Value
126083,185,2,15401.43,5,2,5,525,Need Attention,Top Value
126320,367,1,1076.0,4,1,2,412,Need Attention,Low Value
126573,1359,2,2479.0,1,2,3,123,Lost,Medium Value
126633,1303,2,3667.96,1,2,3,123,Lost,Medium Value
126744,227,1,4692.0,5,1,4,514,Need Attention,Medium Value
126838,592,1,1030.5,3,1,2,312,Need Attention,Low Value
126852,1005,2,5980.58,1,2,4,124,Lost,Top Value
127015,492,5,11940.12,3,5,5,355,Loyal,Top Value
127146,780,1,624.0,2,1,1,211,Lost,Low Value
127193,1849,1,1962.92,1,1,2,112,Lost,Medium Value
127239,64,1,343.42,5,1,1,511,Need Attention,Low Value
127283,416,1,259.99,4,1,1,411,Need Attention,Low Value
127417,531,1,7741.29,3,1,5,315,Need Attention,Top Value
127943,269,3,8122.05,5,4,5,545,Champions,Top Value
128179,1758,1,526.97,1,1,1,111,Lost,Low Value
128305,284,4,4613.99,5,5,4,554,Champions,Medium Value
129176,788,2,7404.88,2,2,4,224,Lost,Top Value
129318,1877,1,1970.0,1,1,2,112,Lost,Medium Value
129494,795,2,10826.609999999999,2,2,5,225,Lost,Top Value
129540,558,2,3268.56,3,2,3,323,Loyal,Medium Value
129554,446,2,5283.95,3,2,4,324,Need Attention,Top Value
129581,929,1,3529.62,1,1,3,113,Lost,Medium Value
129698,360,1,54.0,4,1,1,411,Need Attention,Low Value
130214,1846,1,8844.15,1,1,5,115,Lost,Top Value
130270,1187,1,3309.82,1,1,3,113,Lost,Medium Value
130585,1452,1,412.93,1,1,1,111,Lost,Low Value
130670,424,3,4652.72,4,4,4,444,Champions,Medium Value
130750,1165,1,1362.56,1,1,2,112,Lost,Low Value
131067,503,1,2831.0,3,1,3,313,Need Attention,Medium Value
131758,1333,1,1436.4,1,1,2,112,Lost,Low Value
131976,1607,2,10823.93,1,2,5,125,Lost,Top Value
132377,788,1,801.74,2,1,1,211,Lost,Low Value
132701,1632,1,7019.98,1,1,4,114,Lost,Top Value
132774,493,2,2804.0,3,2,3,323,Loyal,Medium Value
133358,373,2,9660.13,4,3,5,435,Loyal,Top Value
133458,397,2,4628.96,4,3,4,434,Loyal,Medium Value
133761,1122,2,2458.87,1,3,3,133,At Risk,Medium Value
133787,566,2,8201.5,3,3,5,335,Loyal,Top Value
133905,638,1,2470.9700000000003,2,1,3,213,Lost,Medium Value
133928,1240,1,2700.0,1,1,3,113,Lost,Medium Value
133956,561,1,11145.4,3,1,5,315,Need Attention,Top Value
133986,1387,1,10871.85,1,1,5,115,Lost,Top Value
134230,1100,1,73.39,1,1,1,111,Lost,Low Value
134281,363,2,3874.9700000000003,4,3,3,433,Loyal,Medium Value
135020,1828,1,1619.3999999999999,1,1,2,112,Lost,Low Value
135374,650,1,347.98,2,1,1,211,Lost,Low Value
135675,423,1,161.94,4,1,1,411,Need Attention,Low Value
136055,361,1,299.99,4,1,1,411,Need Attention,Low Value
136134,394,2,5722.8,4,3,4,434,Loyal,Top Value
136284,778,3,17183.78,2,4,5,245,At Risk,Top Value
137865,1660,1,1475.0,1,1,2,112,Lost,Low Value
137949,1196,1,485.52,1,1,1,111,Lost,Low Value
138242,298,4,6604.62,5,5,4,554,Champions,Top Value
138332,561,3,6268.38,3,4,4,344,Loyal,Top Value
138464,353,1,2223.0,4,1,3,413,Need Attention,Medium Value
138735,45,2,4179.89,5,3,4,534,Loyal,Medium Value
139224,416,1,2615.0,4,1,3,413,Need Attention,Medium Value
139376,1389,1,49.5,1,1,1,111,Lost,Low Value
139411,730,1,89.98,2,1,1,211,Lost,Low Value
139479,720,2,906.89,2,3,2,232,Lost,Low Value
139742,446,1,4.06,3,1,1,311,Need Attention,Low Value
139817,411,1,433.8,4,1,1,411,Need Attention,Low Value
139856,1097,1,17149.69,1,1,5,115,Lost,Top Value
139891,565,3,2753.15,3,4,3,343,Loyal,Medium Value
140004,1098,1,3687.8,1,1,3,113,Lost,Medium Value
140239,790,1,848.0,2,1,1,211,Lost,Low Value
140389,1156,1,22.89,1,1,1,111,Lost,Low Value
140829,808,1,11608.68,2,1,5,215,Lost,Top Value
140872,466,1,1149.5,3,1,2,312,Need Attention,Low Value
140911,382,1,559.0,4,1,1,411,Need Attention,Low Value
140956,415,1,1009.89,4,1,2,412,Need Attention,Low Value
140972,1009,1,3122.6,1,1,3,113,Lost,Medium Value
141179,1662,1,329.96999999999997,1,1,1,111,Lost,Low Value
141238,1660,1,7100.97,1,1,4,114,Lost,Top Value
141338,39,2,5157.26,5,3,4,534,Loyal,Top Value
141696,1373,1,2543.0,1,1,3,113,Lost,Medium Value
142086,916,1,1720.98,1,1,2,112,Lost,Medium Value
142282,935,2,2923.37,1,3,3,133,At Risk,Medium Value
142335,277,1,599.0,5,1,1,511,Need Attention,Low Value
142837,724,2,13014.369999999999,2,3,5,235,At Risk,Top Value
143033,589,2,26747.829999999998,3,3,5,335,Loyal,Top Value
143206,620,1,2200.0,2,1,3,213,Lost,Medium Value
143278,1824,1,5445.4400000000005,1,1,4,114,Lost,Top Value
143585,439,1,12.66,3,1,1,311,Need Attention,Low Value
143972,779,2,7557.219999999999,2,3,5,235,At Risk,Top Value
144080,765,4,6458.29,2,5,4,254,At Risk,Top Value
144273,974,1,2498.38,1,1,3,113,Lost,Medium Value
144330,710,2,916.83,2,3,2,232,Lost,Low Value
145085,893,1,3020.44,1,1,3,113,Lost,Medium Value
145258,359,1,1558.32,4,1,2,412,Need Attention,Low Value
145342,1513,1,3980.99,1,1,3,113,Lost,Medium Value
146194,919,2,7260.04,1,3,4,134,At Risk,Top Value
146534,1103,1,616.0,1,1,1,111,Lost,Low Value
147228,281,4,1615.26,5,5,2,552,Loyal,Low Value
147312,369,3,2550.7200000000003,4,4,3,443,Loyal,Medium Value
147341,267,1,9308.92,5,1,5,515,Need Attention,Top Value
147413,793,2,4990.98,2,3,4,234,At Risk,Top Value
148348,885,1,6828.24,1,1,4,114,Lost,Top Value
148716,727,3,3923.9300000000003,2,4,3,243,At Risk,Medium Value
149123,347,1,41.339999999999996,4,1,1,411,Need Attention,Low Value
149353,1465,1,4379.8,1,1,4,114,Lost,Medium Value
149478,556,1,1417.95,3,1,2,312,Need Attention,Low Value
149733,803,2,3245.96,2,3,3,233,At Risk,Medium Value
149955,347,2,29936.0,4,3,5,435,Loyal,Top Value
150762,1474,1,1555.96,1,1,2,112,Lost,Low Value
150770,403,1,639.96,4,1,1,411,Need Attention,Low Value
151044,780,1,16.99,2,1,1,211,Lost,Low Value
151076,1359,1,2480.27,1,1,3,113,Lost,Medium Value
151318,463,2,5634.0,3,3,4,334,Loyal,Top Value
151326,1,1,1946.96,5,1,2,512,Need Attention,Medium Value
151401,150,1,3198.0,5,1,3,513,Need Attention,Medium Value
151499,475,2,9993.060000000001,3,3,5,335,Loyal,Top Value
151589,842,1,215.0,2,1,1,211,Lost,Low Value
151628,446,3,6339.900000000001,3,4,4,344,Loyal,Top Value
151851,866,1,480.0,2,1,1,211,Lost,Low Value
151986,463,1,1967.97,3,1,2,312,Need Attention,Medium Value
152009,480,1,783.1500000000001,3,1,1,311,Need Attention,Low Value
152270,641,1,4546.6,2,1,4,214,Lost,Medium Value
152342,968,1,6563.5,1,1,4,114,Lost,Top Value
152438,446,4,3156.1800000000003,3,5,3,353,Loyal,Medium Value
152445,780,1,928.0,2,1,2,212,Lost,Low Value
152908,1310,1,945.0,1,1,2,112,Lost,Low Value
154042,108,2,8475.65,5,3,5,535,Loyal,Top Value
154163,734,1,358.0,2,1,1,211,Lost,Low Value
154611,800,1,513.9300000000001,2,1,1,211,Lost,Low Value
154891,505,2,1902.98,3,3,2,332,Loyal,Medium Value
154973,1097,1,349.0,1,1,1,111,Lost,Low Value
155350,257,2,3507.0299999999997,5,3,3,533,Loyal,Medium Value
155388,792,1,4733.8,2,1,4,214,Lost,Medium Value
155611,43,1,4356.6,5,1,4,514,Need Attention,Medium Value
155656,185,1,398.0,5,1,1,511,Need Attention,Low Value
155797,1501,1,3942.49,1,1,3,113,Lost,Medium Value
156006,814,1,282.12,2,1,1,211,Lost,Low Value
156070,141,1,1239.78,5,1,2,512,Need Attention,Low Value
156286,430,2,3463.48,4,3,3,433,Loyal,Medium Value
156399,898,1,519.97,1,1,1,111,Lost,Low Value
156795,825,3,1907.8899999999999,2,4,2,242,Lost,Medium Value
156814,1006,1,1115.72,1,1,2,112,Lost,Low Value
156902,125,1,576.0,5,1,1,511,Need Attention,Low Value
157171,1607,1,319.98,1,1,1,111,Lost,Low Value
157872,852,2,7052.780000000001,2,3,4,234,At Risk,Top Value
158179,1616,1,646.0,1,1,1,111,Lost,Low Value
158191,627,1,398.0,2,1,1,211,Lost,Low Value
158349,612,1,4911.93,2,1,4,214,Lost,Medium Value
158951,425,2,518.99,4,3,1,431,Loyal,Low Value
159123,729,2,964.39,2,3,2,232,Lost,Low Value
159137,1285,1,265.23,1,1,1,111,Lost,Low Value
159242,561,1,1108.52,3,1,2,312,Need Attention,Low Value
159255,242,1,2160.9700000000003,5,1,2,512,Need Attention,Medium Value
159270,515,1,1949.7,3,1,2,312,Need Attention,Medium Value
159547,134,2,459.9,5,3,1,531,Loyal,Low Value
159816,519,1,129.12,3,1,1,311,Need Attention,Low Value
160124,428,1,601.99,4,1,1,411,Need Attention,Low Value
160533,719,1,9996.0,2,1,5,215,Lost,Top Value
160624,194,2,1534.0900000000001,5,3,2,532,Loyal,Low Value
160804,432,2,730.74,4,3,1,431,Loyal,Low Value
161038,87,1,1500.3899999999999,5,1,2,512,Need Attention,Low Value
161095,491,4,16086.48,3,5,5,355,Loyal,Top Value
161286,776,3,3769.8,2,4,3,243,At Risk,Medium Value
161493,1663,1,1926.99,1,1,2,112,Lost,Medium Value
161613,729,1,749.49,2,1,1,211,Lost,Low Value
161742,431,2,1735.88,4,3,2,432,Loyal,Medium Value
161879,60,2,5502.61,5,3,4,534,Loyal,Top Value
161962,1748,1,561.04,1,1,1,111,Lost,Low Value
162091,712,1,9340.0,2,1,5,215,Lost,Top Value
162181,1003,1,1194.0,1,1,2,112,Lost,Low Value
162300,1011,2,5329.92,1,3,4,134,At Risk,Top Value
162355,1397,1,660.0,1,1,1,111,Lost,Low Value
162784,368,2,500.38,4,3,1,431,Loyal,Low Value
162905,1594,1,273.61,1,1,1,111,Lost,Low Value
163186,479,1,2437.0,3,1,3,313,Need Attention,Medium Value
163416,258,1,698.0,5,1,1,511,Need Attention,Low Value
163706,582,2,1928.02,3,3,2,332,Loyal,Medium Value
163849,33,1,1881.59,5,1,2,512,Need Attention,Medium Value
163999,607,1,777.05,2,1,1,211,Lost,Low Value
164129,1153,1,19.98,1,1,1,111,Lost,Low Value
164579,1600,1,13.98,1,1,1,111,Lost,Low Value
165032,1089,3,6386.9,1,4,4,144,At Risk,Top Value
165336,386,1,888.0,4,1,2,412,Need Attention,Low Value
165581,542,2,5000.4,3,3,4,334,Loyal,Top Value
165611,805,1,5304.0,2,1,4,214,Lost,Top Value
165649,1105,1,478.55,1,1,1,111,Lost,Low Value
165801,344,1,99.98,5,1,1,511,Need Attention,Low Value
166366,1347,1,4689.12,1,1,4,114,Lost,Medium Value
166456,446,2,4241.0,3,3,4,334,Loyal,Medium Value
166599,643,2,1479.57,2,3,2,232,Lost,Low Value
166813,431,4,4071.8,4,5,3,453,Loyal,Medium Value
166838,922,1,2276.94,1,1,3,113,Lost,Medium Value
167115,281,1,1083.01,5,1,2,512,Need Attention,Low Value
167153,240,1,269.95,5,1,1,511,Need Attention,Low Value
167214,31,2,1956.83,5,3,2,532,Loyal,Medium Value
167257,430,1,527.38,4,1,1,411,Need Attention,Low Value
167382,346,1,14426.56,4,1,5,415,Need Attention,Top Value
167441,1226,1,4949.8,1,1,4,114,Lost,Medium Value
167444,186,1,3722.84,5,1,3,513,Need Attention,Medium Value
167874,806,1,8364.0,2,1,5,215,Lost,Top Value
167962,405,1,231.96,4,1,1,411,Need Attention,Low Value
168089,492,2,639.85,3,3,1,331,Loyal,Low Value
168899,390,2,7771.92,4,3,5,435,Loyal,Top Value
169067,792,1,571.53,2,1,1,211,Lost,Low Value
169470,946,2,1317.0,1,3,2,132,Lost,Low Value
169633,572,1,7249.4400000000005,3,1,4,314,Need Attention,Top Value
170077,497,2,4982.98,3,3,4,334,Loyal,Top Value
170467,477,1,7272.0,3,1,4,314,Need Attention,Top Value
171030,645,1,416.0,2,1,1,211,Lost,Low Value
171237,395,1,599.0,4,1,1,411,Need Attention,Low Value
171253,716,2,778.96,2,3,1,231,Lost,Low Value
172387,590,1,570.97,3,1,1,311,Need Attention,Low Value
173245,470,1,484.94,3,1,1,311,Need Attention,Low Value
174176,151,4,3702.07,5,5,3,553,Loyal,Medium Value
174622,526,2,809.42,3,3,1,331,Loyal,Low Value
174819,638,1,3669.98,2,1,3,213,Lost,Medium Value
175184,900,1,659.9399999999999,1,1,1,111,Lost,Low Value
175282,860,2,2145.88,2,3,2,232,Lost,Medium Value
175310,271,1,1567.34,5,1,2,512,Need Attention,Low Value
175556,577,1,817.94,3,1,1,311,Need Attention,Low Value
175741,547,1,220.9,3,1,1,311,Need Attention,Low Value
176310,583,1,101.34,3,1,1,311,Need Attention,Low Value
176531,730,1,539.9,2,1,1,211,Lost,Low Value
176800,1234,1,1281.67,1,1,2,112,Lost,Low Value
176813,1221,1,1347.1399999999999,1,1,2,112,Lost,Low Value
177231,1388,1,1319.6999999999998,1,1,2,112,Lost,Low Value
177687,470,1,2191.9700000000003,3,1,3,313,Need Attention,Medium Value
177969,288,1,6559.709999999999,5,1,4,514,Need Attention,Top Value
178133,649,2,1184.6499999999999,2,3,2,232,Lost,Low Value
178265,795,1,701.97,2,1,1,211,Lost,Low Value
178302,571,2,1550.86,3,3,2,332,Loyal,Low Value
178612,276,1,140.97,5,1,1,511,Need Attention,Low Value
178780,629,2,5225.88,2,3,4,234,At Risk,Top Value
179144,743,2,10502.92,2,3,5,235,At Risk,Top Value
179278,934,1,4777.3,1,1,4,114,Lost,Medium Value
179287,425,1,178.0,4,1,1,411,Need Attention,Low Value
179431,547,2,912.8900000000001,3,3,2,332,Loyal,Low Value
180348,1212,1,219.98,1,1,1,111,Lost,Low Value
180599,345,1,2551.0899999999997,4,1,3,413,Need Attention,Medium Value
180605,662,3,1288.74,2,4,2,242,Lost,Low Value
180678,46,3,2445.62,5,4,3,543,Loyal,Medium Value
180820,530,1,1267.98,3,1,2,312,Need Attention,Low Value
181317,801,1,1378.3,2,1,2,212,Lost,Low Value
181488,807,2,5506.219999999999,2,3,4,234,At Risk,Top Value
181622,662,1,188.0,2,1,1,211,Lost,Low Value
181881,577,2,9415.4,3,3,5,335,Loyal,Top Value
181892,473,1,1120.0,3,1,2,312,Need Attention,Low Value
182177,850,1,1116.95,2,1,2,212,Lost,Low Value
182186,757,2,1880.45,2,3,2,232,Lost,Medium Value
182208,1198,1,7432.6,1,1,4,114,Lost,Top Value
183169,200,3,4634.66,5,4,4,544,Champions,Medium Value
183264,418,3,2955.63,4,4,3,443,Loyal,Medium Value
183354,78,1,1368.5,5,1,2,512,Need Attention,Low Value
183954,109,1,488.70000000000005,5,1,1,511,Need Attention,Low Value
184327,993,1,24.97,1,1,1,111,Lost,Low Value
185061,368,1,479.97,4,1,1,411,Need Attention,Low Value
185180,263,4,8242.24,5,5,5,555,Champions,Top Value
185409,775,1,1673.97,2,1,2,212,Lost,Low Value
186136,496,2,1516.7,3,3,2,332,Loyal,Low Value
186193,302,1,447.0,5,1,1,511,Need Attention,Low Value
186266,780,1,657.0,2,1,1,211,Lost,Low Value
186798,894,1,1872.59,1,1,2,112,Lost,Medium Value
186894,60,4,18283.25,5,5,5,555,Champions,Top Value
186985,652,1,2403.0,2,1,3,213,Lost,Medium Value
187301,421,1,838.17,4,1,1,411,Need Attention,Low Value
187349,533,1,869.5799999999999,3,1,2,312,Need Attention,Low Value
187544,785,1,3.35,2,1,1,211,Lost,Low Value
187653,367,2,16778.46,4,3,5,435,Loyal,Top Value
187750,461,2,5104.429999999999,3,3,4,334,Loyal,Top Value
188311,624,1,689.92,2,1,1,211,Lost,Low Value
188404,736,2,5625.6,2,3,4,234,At Risk,Top Value
188670,390,2,3838.97,4,3,3,433,Loyal,Medium Value
188712,1739,1,1394.52,1,1,2,112,Lost,Low Value
189113,380,1,387.0,4,1,1,411,Need Attention,Low Value
189414,775,1,1335.32,2,1,2,212,Lost,Low Value
189459,726,1,1939.98,2,1,2,212,Lost,Medium Value
190347,415,1,83.34,4,1,1,411,Need Attention,Low Value
190882,148,2,16940.6,5,3,5,535,Loyal,Top Value
190919,50,2,2042.89,5,3,2,532,Loyal,Medium Value
190944,422,3,11760.539999999999,4,4,5,445,Champions,Top Value
191211,270,2,13292.33,5,3,5,535,Loyal,Top Value
191711,1205,1,10730.89,1,1,5,115,Lost,Top Value
192139,1137,1,637.75,1,1,1,111,Lost,Low Value
192200,495,2,5503.97,3,3,4,334,Loyal,Top Value
192425,45,3,2209.86,5,4,3,543,Loyal,Medium Value
192428,1349,1,7739.88,1,1,5,115,Lost,Top Value
192436,505,1,1806.0,3,1,2,312,Need Attention,Medium Value
192466,428,1,365.89,4,1,1,411,Need Attention,Low Value
193216,1870,1,1308.6,1,1,2,112,Lost,Low Value
193445,1475,1,5603.99,1,1,4,114,Lost,Top Value
193458,710,1,1843.3,2,1,2,212,Lost,Medium Value
193847,1145,1,3891.9700000000003,1,1,3,113,Lost,Medium Value
193929,495,2,603.77,3,3,1,331,Loyal,Low Value
194226,416,2,2637.8599999999997,4,3,3,433,Loyal,Medium Value
194279,50,1,512.0,5,1,1,511,Need Attention,Low Value
194359,663,2,2970.81,2,3,3,233,At Risk,Medium Value
194510,255,1,2936.9,5,1,3,513,Need Attention,Medium Value
195521,1872,1,3678.98,1,1,3,113,Lost,Medium Value
195613,258,1,119.8,5,1,1,511,Need Attention,Low Value
196161,425,1,303.6,4,1,1,411,Need Attention,Low Value
196288,1011,1,13573.29,1,1,5,115,Lost,Top Value
196331,843,1,847.8999999999999,2,1,1,211,Lost,Low Value
196921,760,2,9451.95,2,3,5,235,At Risk,Top Value
197088,432,1,6387.08,4,1,4,414,Need Attention,Top Value
197192,249,2,5380.77,5,3,4,534,Loyal,Top Value
197212,545,2,916.71,3,3,2,332,Loyal,Low Value
197655,1159,1,25.69,1,1,1,111,Lost,Low Value
198128,224,1,1442.74,5,1,2,512,Need Attention,Low Value
198616,664,1,2274.0,2,1,3,213,Lost,Medium Value
198627,969,1,289.99,1,1,1,111,Lost,Low Value
198716,475,1,3992.26,3,1,3,313,Need Attention,Medium Value
199120,881,2,2546.7799999999997,1,3,3,133,At Risk,Medium Value
199288,1615,1,1342.59,1,1,2,112,Lost,Low Value
200208,201,3,6209.900000000001,5,4,4,544,Champions,Top Value
200370,345,1,2786.0,4,1,3,413,Need Attention,Medium Value
200727,248,3,5402.44,5,4,4,544,Champions,Top Value
200765,351,1,53.97,4,1,1,411,Need Attention,Low Value
200860,481,1,1520.0,3,1,2,312,Need Attention,Low Value
200903,1748,1,169.99,1,1,1,111,Lost,Low Value
200992,1831,1,43.0,1,1,1,111,Lost,Low Value
201299,394,3,9279.66,4,4,5,445,Champions,Top Value
201664,424,3,6722.17,4,4,4,444,Champions,Top Value
201709,1528,1,1189.99,1,1,2,112,Lost,Low Value
201728,1313,1,1429.96,1,1,2,112,Lost,Low Value
201865,428,2,10277.900000000001,4,3,5,435,Loyal,Top Value
202220,627,2,1211.39,2,3,2,232,Lost,Low Value
202290,386,4,8281.22,4,5,5,455,Champions,Top Value
202552,1538,1,1053.8,1,1,2,112,Lost,Low Value
202626,757,1,919.99,2,1,2,212,Lost,Low Value
203076,1551,1,312.0,1,1,1,111,Lost,Low Value
203191,46,3,12342.84,5,4,5,545,Champions,Top Value
203836,541,2,5145.76,3,3,4,334,Loyal,Top Value
203916,603,1,4792.0,3,1,4,314,Need Attention,Medium Value
204030,783,1,928.0,2,1,2,212,Lost,Low Value
204136,386,3,14130.19,4,4,5,445,Champions,Top Value
204149,61,2,1482.98,5,3,2,532,Loyal,Low Value
204488,538,1,333.9,3,1,1,311,Need Attention,Low Value
204502,971,2,3105.92,1,3,3,133,At Risk,Medium Value
205077,440,5,8137.73,3,5,5,355,Loyal,Top Value
205194,961,1,2381.1000000000004,1,1,3,113,Lost,Medium Value
205333,744,2,23733.87,2,3,5,235,At Risk,Top Value
205476,106,3,6480.9400000000005,5,4,4,544,Champions,Top Value
205480,869,1,81.1,2,1,1,211,Lost,Low Value
205510,1031,1,798.4,1,1,1,111,Lost,Low Value
205762,67,2,4151.0,5,3,4,534,Loyal,Medium Value
205862,841,2,1344.92,2,3,2,232,Lost,Low Value
205955,1151,1,988.0,1,1,2,112,Lost,Low Value
206055,1657,1,57.99,1,1,1,111,Lost,Low Value
206133,214,1,937.6600000000001,5,1,2,512,Need Attention,Low Value
206185,463,2,2370.54,3,3,3,333,Loyal,Medium Value
206407,1719,1,903.0,1,1,2,112,Lost,Low Value
206450,293,1,4333.0,5,1,4,514,Need Attention,Medium Value
206717,1821,1,1582.0,1,1,2,112,Lost,Low Value
207200,444,2,1837.93,3,3,2,332,Loyal,Medium Value
207476,977,1,3816.7400000000002,1,1,3,113,Lost,Medium Value
207552,1012,1,4905.98,1,1,4,114,Lost,Medium Value
207775,367,1,1267.0,4,1,2,412,Need Attention,Low Value
207855,845,2,1799.1,2,3,2,232,Lost,Medium Value
207996,554,1,1876.0,3,1,2,312,Need Attention,Medium Value
208037,426,3,2181.67,4,4,3,443,Loyal,Medium Value
208195,427,1,1236.0,4,1,2,412,Need Attention,Low Value
208556,1537,2,1503.0,1,3,2,132,Lost,Low Value
208682,299,1,1791.62,5,1,2,512,Need Attention,Medium Value
208720,584,2,3960.9700000000003,3,3,3,333,Loyal,Medium Value
208825,636,2,2017.97,2,3,2,232,Lost,Medium Value
208987,100,1,109.99,5,1,1,511,Need Attention,Low Value
209171,914,2,6781.69,1,3,4,134,At Risk,Top Value
209360,1459,1,3814.9700000000003,1,1,3,113,Lost,Medium Value
209529,491,2,1110.83,3,3,2,332,Loyal,Low Value
209628,1018,1,1267.0,1,1,2,112,Lost,Low Value
209685,990,1,1475.0,1,1,2,112,Lost,Low Value
209872,382,2,454.18,4,3,1,431,Loyal,Low Value
209922,361,4,7851.2,4,5,5,455,Champions,Top Value
209990,564,3,12044.53,3,4,5,345,Loyal,Top Value
210267,99,3,4351.43,5,4,4,544,Champions,Medium Value
210310,417,2,10197.3,4,3,5,435,Loyal,Top Value
210320,1103,1,1401.5,1,1,2,112,Lost,Low Value
210538,1124,1,4338.69,1,1,4,114,Lost,Medium Value
210689,1585,1,1152.45,1,1,2,112,Lost,Low Value
210936,626,1,204.97000000000003,2,1,1,211,Lost,Low Value
211057,360,2,375.99,4,3,1,431,Loyal,Low Value
211067,270,2,1108.6599999999999,5,3,2,532,Loyal,Low Value
211214,637,2,1759.0,2,3,2,232,Lost,Medium Value
211486,422,3,2012.72,4,4,2,442,Loyal,Medium Value
211740,442,3,3129.74,3,4,3,343,Loyal,Medium Value
211746,792,5,5165.03,2,5,4,254,At Risk,Top Value
211809,660,3,8746.95,2,4,5,245,At Risk,Top Value
211855,841,1,10796.1,2,1,5,215,Lost,Top Value
211862,1089,1,999.9,1,1,2,112,Lost,Low Value
211938,403,1,269.9,4,1,1,411,Need Attention,Low Value
212119,1009,1,2480.5,1,1,3,113,Lost,Medium Value
212167,394,2,1008.95,4,3,2,432,Loyal,Low Value
212281,8,3,6987.7699999999995,5,4,4,544,Champions,Top Value
212385,649,2,3498.7,2,3,3,233,At Risk,Medium Value
212807,227,2,1382.83,5,3,2,532,Loyal,Low Value
212881,19,4,4299.0,5,5,4,554,Champions,Medium Value
213157,1074,1,1781.73,1,1,2,112,Lost,Medium Value
213183,662,1,768.0,2,1,1,211,Lost,Low Value
213262,1576,1,269.9,1,1,1,111,Lost,Low Value
213636,1012,1,285.31,1,1,1,111,Lost,Low Value
213806,447,2,6544.59,3,3,4,334,Loyal,Top Value
213985,366,3,2913.6400000000003,4,4,3,443,Loyal,Medium Value
214969,268,1,1128.94,5,1,2,512,Need Attention,Low Value
215067,843,2,2978.4,2,3,3,233,At Risk,Medium Value
215139,66,3,2400.58,5,4,3,543,Loyal,Medium Value
215236,1385,1,53.97,1,1,1,111,Lost,Low Value
215351,549,1,102.5,3,1,1,311,Need Attention,Low Value
215523,562,1,2996.0,3,1,3,313,Need Attention,Medium Value
215600,444,2,3893.9700000000003,3,3,3,333,Loyal,Medium Value
215852,390,1,1997.8200000000002,4,1,2,412,Need Attention,Medium Value
215878,1597,2,2850.02,1,3,3,133,At Risk,Medium Value
215895,477,3,4599.21,3,4,4,344,Loyal,Medium Value
215948,429,2,4175.99,4,3,4,434,Loyal,Medium Value
215955,407,1,26.0,4,1,1,411,Need Attention,Low Value
216267,466,4,5466.93,3,5,4,354,Loyal,Top Value
216372,780,3,6886.99,2,4,4,244,At Risk,Top Value
216550,373,4,3357.04,4,5,3,453,Loyal,Medium Value
216812,37,1,4521.0,5,1,4,514,Need Attention,Medium Value
217000,1625,1,803.95,1,1,1,111,Lost,Low Value
217020,819,2,1479.6999999999998,2,3,2,232,Lost,Low Value
217102,515,3,1224.92,3,4,2,342,Loyal,Low Value
217405,430,2,1908.98,4,3,2,432,Loyal,Medium Value
217424,1440,1,1340.67,1,1,2,112,Lost,Low Value
217762,491,2,4152.33,3,3,4,334,Loyal,Medium Value
217859,631,1,1079.8,2,1,2,212,Lost,Low Value
217910,461,3,16328.88,3,4,5,345,Loyal,Top Value
218278,759,1,664.92,2,1,1,211,Lost,Low Value
218298,419,3,1603.8,4,4,2,442,Loyal,Low Value
218530,521,2,3376.91,3,3,3,333,Loyal,Medium Value
218565,830,1,43.0,2,1,1,211,Lost,Low Value
218961,410,3,3582.84,4,4,3,443,Loyal,Medium Value
219073,788,2,7971.93,2,3,5,235,At Risk,Top Value
219098,419,1,1401.0,4,1,2,412,Need Attention,Low Value
219411,1165,1,100.88,1,1,1,111,Lost,Low Value
219561,53,1,40.55,5,1,1,511,Need Attention,Low Value
219940,825,1,3339.95,2,1,3,213,Lost,Medium Value
219959,360,4,8854.78,4,5,5,455,Champions,Top Value
220034,519,1,2646.0,3,1,3,313,Need Attention,Medium Value
220324,786,1,205.92000000000002,2,1,1,211,Lost,Low Value
220411,974,1,352.75,1,1,1,111,Lost,Low Value
220463,377,2,2147.54,4,3,2,432,Loyal,Medium Value
220519,787,2,33481.93,2,3,5,235,At Risk,Top Value
220543,402,2,1609.91,4,3,2,432,Loyal,Low Value
220612,1520,1,2111.19,1,1,2,112,Lost,Medium Value
220723,260,3,1763.8700000000001,5,4,2,542,Loyal,Medium Value
220755,48,2,4371.93,5,3,4,534,Loyal,Medium Value
220756,540,1,57.99,3,1,1,311,Need Attention,Low Value
220775,869,1,121.98,2,1,1,211,Lost,Low Value
220902,736,2,1341.9,2,3,2,232,Lost,Low Value
221062,442,2,390.61,3,3,1,331,Loyal,Low Value
221326,732,1,735.73,2,1,1,211,Lost,Low Value
221410,445,2,5640.45,3,3,4,334,Loyal,Top Value
221602,1198,1,2052.0,1,1,2,112,Lost,Medium Value
221851,452,1,1785.0,3,1,2,312,Need Attention,Medium Value
221924,1016,1,1738.0,1,1,2,112,Lost,Medium Value
222287,554,2,2025.15,3,3,2,332,Loyal,Medium Value
222512,275,1,1316.0,5,1,2,512,Need Attention,Low Value
222617,743,2,460.76,2,3,1,231,Lost,Low Value
222847,418,2,1469.94,4,3,2,432,Loyal,Low Value
222999,1693,1,1410.99,1,1,2,112,Lost,Low Value
223081,1747,1,1337.0,1,1,2,112,Lost,Low Value
223142,965,1,1795.38,1,1,2,112,Lost,Medium Value
223555,1293,1,3845.1099999999997,1,1,3,113,Lost,Medium Value
223761,403,4,7187.76,4,5,4,454,Champions,Top Value
223904,772,1,15.830000000000002,2,1,1,211,Lost,Low Value
224035,285,4,14636.96,5,5,5,555,Champions,Top Value
224111,3,8,16405.2,5,5,5,555,Champions,Top Value
224376,431,3,2177.9700000000003,4,4,3,443,Loyal,Medium Value
224416,1684,1,3147.9,1,1,3,113,Lost,Medium Value
224418,838,1,7515.700000000001,2,1,5,215,Lost,Top Value
224434,1459,2,3916.28,1,3,3,133,At Risk,Medium Value
224588,628,1,396.0,2,1,1,211,Lost,Low Value
225285,1272,1,223.06,1,1,1,111,Lost,Low Value
225768,1590,2,2598.9,1,3,3,133,At Risk,Medium Value
226013,835,2,11010.49,2,3,5,235,At Risk,Top Value
226220,617,4,19740.010000000002,2,5,5,255,At Risk,Top Value
226576,240,2,5314.66,5,3,4,534,Loyal,Top Value
226740,185,2,3168.88,5,3,3,533,Loyal,Medium Value
226833,150,3,10873.84,5,4,5,545,Champions,Top Value
227116,1558,1,3859.5,1,1,3,113,Lost,Medium Value
227281,549,3,10301.98,3,4,5,345,Loyal,Top Value
227338,72,2,1591.77,5,3,2,532,Loyal,Low Value
227416,804,1,151.8,2,1,1,211,Lost,Low Value
227564,1338,1,3589.8900000000003,1,1,3,113,Lost,Medium Value
227565,533,2,2827.7799999999997,3,3,3,333,Loyal,Medium Value
227646,1093,4,11033.59,1,5,5,155,At Risk,Top Value
227654,1163,1,2097.0,1,1,2,112,Lost,Medium Value
227656,242,2,4880.88,5,3,4,534,Loyal,Medium Value
227898,957,4,4298.57,1,5,4,154,At Risk,Medium Value
227946,773,1,3655.95,2,1,3,213,Lost,Medium Value
228402,431,4,2660.28,4,5,3,453,Loyal,Medium Value
228413,972,1,3244.38,1,1,3,113,Lost,Medium Value
228792,801,3,4468.9400000000005,2,4,4,244,At Risk,Medium Value
228850,1744,1,11550.0,1,1,5,115,Lost,Top Value
229084,153,1,765.0,5,1,1,511,Need Attention,Low Value
229104,542,1,1619.91,3,1,2,312,Need Attention,Low Value
229251,798,2,1040.67,2,3,2,232,Lost,Low Value
229286,361,1,8.12,4,1,1,411,Need Attention,Low Value
229582,363,2,4199.39,4,3,4,434,Loyal,Medium Value
229838,496,4,6573.219999999999,3,5,4,354,Loyal,Top Value
229939,1248,1,2226.9,1,1,3,113,Lost,Medium Value
229949,514,2,7272.55,3,3,4,334,Loyal,Top Value
230391,151,2,5287.5,5,3,4,534,Loyal,Top Value
230405,611,2,852.12,2,3,2,232,Lost,Low Value
230521,386,2,535.97,4,3,1,431,Loyal,Low Value
230598,379,1,654.88,4,1,1,411,Need Attention,Low Value
231898,442,1,2550.2200000000003,3,1,3,313,Need Attention,Medium Value
231984,481,4,11164.45,3,5,5,355,Loyal,Top Value
231997,1082,1,2120.79,1,1,2,112,Lost,Medium Value
232195,1123,1,200.0,1,1,1,111,Lost,Low Value
232586,900,3,648.97,1,4,1,141,Lost,Low Value
232588,579,1,1024.0,3,1,2,312,Need Attention,Low Value
232740,561,1,1489.78,3,1,2,312,Need Attention,Low Value
232998,458,2,2086.18,3,3,2,332,Loyal,Medium Value
233477,423,1,206.0,4,1,1,411,Need Attention,Low Value
233565,348,1,6505.95,4,1,4,414,Need Attention,Top Value
233567,523,1,1610.0,3,1,2,312,Need Attention,Low Value
233698,1157,1,10939.93,1,1,5,115,Lost,Top Value
233855,1373,1,1365.78,1,1,2,112,Lost,Low Value
233904,377,3,5363.78,4,4,4,444,Champions,Top Value
234326,591,3,7128.2,3,4,4,344,Loyal,Top Value
234648,624,2,2891.93,2,3,3,233,At Risk,Medium Value
234726,201,3,5721.95,5,4,4,544,Champions,Top Value
235050,1102,1,1696.98,1,1,2,112,Lost,Medium Value
235116,469,1,2399.2,3,1,3,313,Need Attention,Medium Value
235133,51,4,3192.22,5,5,3,553,Loyal,Medium Value
235534,541,2,2881.2799999999997,3,3,3,333,Loyal,Medium Value
235730,951,1,564.0,1,1,1,111,Lost,Low Value
235891,73,1,310.0,5,1,1,511,Need Attention,Low Value
236161,765,2,3395.95,2,3,3,233,At Risk,Medium Value
236612,214,4,12875.9,5,5,5,555,Champions,Top Value
236812,1376,1,499.98,1,1,1,111,Lost,Low Value
236863,631,1,149.0,2,1,1,211,Lost,Low Value
237541,865,2,1524.9299999999998,2,3,2,232,Lost,Low Value
237557,1507,2,3892.27,1,3,3,133,At Risk,Medium Value
237725,430,3,8977.4,4,4,5,445,Champions,Top Value
238065,556,2,1923.71,3,3,2,332,Loyal,Medium Value
238069,1083,1,399.8,1,1,1,111,Lost,Low Value
238385,792,1,1407.0,2,1,2,212,Lost,Low Value
238625,374,1,2189.9300000000003,4,1,3,413,Need Attention,Medium Value
238678,738,1,7034.96,2,1,4,214,Lost,Top Value
239066,20,5,7555.4,5,5,5,555,Champions,Top Value
239126,610,3,21045.03,2,4,5,245,At Risk,Top Value
239134,39,3,1817.76,5,4,2,542,Loyal,Medium Value
239187,812,1,737.9300000000001,2,1,1,211,Lost,Low Value
239297,10,1,57.98,5,1,1,511,Need Attention,Low Value
239424,410,1,969.0,4,1,2,412,Need Attention,Low Value
239502,1665,1,4077.5699999999997,1,1,4,114,Lost,Medium Value
239571,401,5,15487.22,4,5,5,455,Champions,Top Value
239647,1325,4,11295.96,1,5,5,155,At Risk,Top Value
239991,233,2,3384.25,5,3,3,533,Loyal,Medium Value
240017,426,1,999.96,4,1,2,412,Need Attention,Low Value
240085,1244,2,3223.66,1,3,3,133,At Risk,Medium Value
240328,566,2,3194.9,3,3,3,333,Loyal,Medium Value
240341,1140,2,781.0,1,3,1,131,Lost,Low Value
240347,253,2,5078.08,5,3,4,534,Loyal,Top Value
240370,282,1,2984.15,5,1,3,513,Need Attention,Medium Value
240527,1616,1,6772.33,1,1,4,114,Lost,Top Value
240595,465,2,5219.91,3,3,4,334,Loyal,Top Value
240609,1612,1,143.85000000000002,1,1,1,111,Lost,Low Value
240858,595,1,499.98,3,1,1,311,Need Attention,Low Value
241006,372,3,4522.7,4,4,4,444,Champions,Medium Value
241230,494,3,15506.67,3,4,5,345,Loyal,Top Value
241365,407,2,6764.53,4,3,4,434,Loyal,Top Value
241436,365,2,1122.67,4,3,2,432,Loyal,Low Value
241450,1827,1,3206.17,1,1,3,113,Lost,Medium Value
241513,431,3,1231.84,4,4,2,442,Loyal,Low Value
241610,1516,1,1772.6599999999999,1,1,2,112,Lost,Medium Value
241760,431,2,14078.289999999999,4,3,5,435,Loyal,Top Value
241885,584,2,18205.99,3,3,5,335,Loyal,Top Value
242098,253,3,7043.91,5,4,4,544,Champions,Top Value
242542,45,5,9913.64,5,5,5,555,Champions,Top Value
242571,363,2,1927.92,4,3,2,432,Loyal,Medium Value
242781,773,1,1624.2,2,1,2,212,Lost,Low Value
242897,447,2,1870.87,3,3,2,332,Loyal,Medium Value
242901,36,4,6231.78,5,5,4,554,Champions,Top Value
242920,1630,1,1159.96,1,1,2,112,Lost,Low Value
243036,712,2,1169.97,2,3,2,232,Lost,Low Value
243209,734,2,175.97,2,3,1,231,Lost,Low Value
243332,346,1,6076.459999999999,4,1,4,414,Need Attention,Top Value
243341,547,1,2284.0,3,1,3,313,Need Attention,Medium Value
243543,257,2,3795.3199999999997,5,3,3,533,Loyal,Medium Value
243747,160,1,1778.72,5,1,2,512,Need Attention,Medium Value
243799,264,1,3922.93,5,1,3,513,Need Attention,Medium Value
243917,1877,1,2965.98,1,1,3,113,Lost,Medium Value
244193,435,4,15548.77,3,5,5,355,Loyal,Top Value
244320,1586,1,235.96,1,1,1,111,Lost,Low Value
244323,403,1,1279.92,4,1,2,412,Need Attention,Low Value
244465,379,1,4842.8,4,1,4,414,Need Attention,Medium Value
244545,138,1,1177.97,5,1,2,512,Need Attention,Low Value
244921,477,3,7308.89,3,4,4,344,Loyal,Top Value
244936,529,1,1801.58,3,1,2,312,Need Attention,Medium Value
245017,589,1,1399.9,3,1,2,312,Need Attention,Low Value
245143,379,2,1104.94,4,3,2,432,Loyal,Low Value
245649,1495,1,143.85000000000002,1,1,1,111,Lost,Low Value
245739,191,3,6266.45,5,4,4,544,Champions,Top Value
245912,396,3,4979.73,4,4,4,444,Champions,Top Value
245936,500,1,869.0,3,1,2,312,Need Attention,Low Value
246420,355,4,9861.62,4,5,5,455,Champions,Top Value
246656,771,1,2278.0,2,1,3,213,Lost,Medium Value
246888,563,3,3338.58,3,4,3,343,Loyal,Medium Value
247032,369,3,6060.1,4,4,4,444,Champions,Top Value
247129,419,5,21453.96,4,5,5,455,Champions,Top Value
247132,230,2,7774.37,5,3,5,535,Loyal,Top Value
247443,668,2,2743.84,2,3,3,233,At Risk,Medium Value
247706,509,1,219.95,3,1,1,311,Need Attention,Low Value
247866,818,2,3299.02,2,3,3,233,At Risk,Medium Value
247966,590,3,14644.59,3,4,5,345,Loyal,Top Value
247971,346,4,5401.360000000001,4,5,4,454,Champions,Top Value
248178,53,3,671.4599999999999,5,4,1,541,Loyal,Low Value
248406,178,2,1797.66,5,3,2,532,Loyal,Medium Value
248476,418,3,2967.12,4,4,3,443,Loyal,Medium Value
248555,47,3,1162.59,5,4,2,542,Loyal,Low Value
248607,717,3,2341.58,2,4,3,243,At Risk,Medium Value
248677,982,2,10792.929999999998,1,3,5,135,At Risk,Top Value
248690,1191,1,5992.97,1,1,4,114,Lost,Top Value
249261,904,3,3848.41,1,4,3,143,At Risk,Medium Value
249269,1018,1,826.88,1,1,1,111,Lost,Low Value
249320,901,1,790.99,1,1,1,111,Lost,Low Value
249397,181,1,1030.56,5,1,2,512,Need Attention,Low Value
249578,493,3,1628.6600000000003,3,4,2,342,Loyal,Low Value
249893,1607,1,13.98,1,1,1,111,Lost,Low Value
249956,901,1,1148.9,1,1,2,112,Lost,Low Value
250052,411,2,401.81,4,3,1,431,Loyal,Low Value
250176,1629,1,1645.69,1,1,2,112,Lost,Low Value
250194,632,1,20.97,2,1,1,211,Lost,Low Value
250884,431,3,18180.879999999997,4,4,5,445,Champions,Top Value
250944,244,4,20886.7,5,5,5,555,Champions,Top Value
250990,1236,1,4117.4,1,1,4,114,Lost,Medium Value
251045,1174,1,948.0,1,1,2,112,Lost,Low Value
251069,428,1,1253.0,4,1,2,412,Need Attention,Low Value
251084,23,3,10137.39,5,4,5,545,Champions,Top Value
251282,1018,1,8950.0,1,1,5,115,Lost,Top Value
251587,923,1,47.42,1,1,1,111,Lost,Low Value
251670,983,1,416.65,1,1,1,111,Lost,Low Value
252272,289,1,3163.56,5,1,3,513,Need Attention,Medium Value
252545,655,3,21987.530000000002,2,4,5,245,At Risk,Top Value
252769,276,2,314.89,5,3,1,531,Loyal,Low Value
253141,776,3,2475.21,2,4,3,243,At Risk,Medium Value
253233,1310,2,178.89,1,3,1,131,Lost,Low Value
253278,1023,1,9269.97,1,1,5,115,Lost,Top Value
253505,388,5,10885.07,4,5,5,455,Champions,Top Value
253567,530,1,689.7,3,1,1,311,Need Attention,Low Value
253632,473,4,6937.57,3,5,4,354,Loyal,Top Value
253813,729,2,10017.769999999999,2,3,5,235,At Risk,Top Value
254142,536,2,1634.94,3,3,2,332,Loyal,Low Value
254265,354,2,4396.96,4,3,4,434,Loyal,Medium Value
254402,1089,1,2417.79,1,1,3,113,Lost,Medium Value
254407,410,4,6096.38,4,5,4,454,Champions,Top Value
254540,435,3,2554.02,3,4,3,343,Loyal,Medium Value
254779,1077,1,326.0,1,1,1,111,Lost,Low Value
254795,515,1,276.98,3,1,1,311,Need Attention,Low Value
254825,54,3,3699.8599999999997,5,4,3,543,Loyal,Medium Value
254861,1149,2,552.79,1,3,1,131,Lost,Low Value
255295,1121,1,318.0,1,1,1,111,Lost,Low Value
255312,914,1,948.4000000000001,1,1,2,112,Lost,Low Value
255479,951,1,809.88,1,1,1,111,Lost,Low Value
255536,800,3,3494.91,2,4,3,243,At Risk,Medium Value
255723,726,3,4988.110000000001,2,4,4,244,At Risk,Top Value
255882,113,3,2833.95,5,4,3,543,Loyal,Medium Value
256114,641,1,888.0,2,1,2,212,Lost,Low Value
256411,1482,1,999.8,1,1,2,112,Lost,Low Value
256475,913,2,10740.63,1,3,5,135,At Risk,Top Value
256526,447,3,4158.78,3,4,4,344,Loyal,Medium Value
256531,800,1,2259.96,2,1,3,213,Lost,Medium Value
256789,367,1,1927.98,4,1,2,412,Need Attention,Medium Value
256837,474,1,53.97,3,1,1,311,Need Attention,Low Value
257031,347,1,316.17,4,1,1,411,Need Attention,Low Value
257471,417,2,1040.97,4,3,2,432,Loyal,Low Value
257642,407,1,398.0,4,1,1,411,Need Attention,Low Value
258236,239,3,1482.52,5,4,2,542,Loyal,Low Value
258316,597,2,1494.99,3,3,2,332,Loyal,Low Value
258429,431,2,4867.9,4,3,4,434,Loyal,Medium Value
258702,120,3,6298.27,5,4,4,544,Champions,Top Value
259102,218,4,5879.7,5,5,4,554,Champions,Top Value
259221,591,1,1006.47,3,1,2,312,Need Attention,Low Value
259407,223,3,3986.77,5,4,3,543,Loyal,Medium Value
259457,1814,1,6378.32,1,1,4,114,Lost,Top Value
259615,402,1,19.98,4,1,1,411,Need Attention,Low Value
259651,1164,2,4813.56,1,3,4,134,At Risk,Medium Value
259681,152,5,7338.6900000000005,5,5,4,554,Champions,Top Value
259842,612,3,9306.33,2,4,5,245,At Risk,Top Value
260031,1320,1,301.15999999999997,1,1,1,111,Lost,Low Value
260206,362,3,5667.97,4,4,4,444,Champions,Top Value
260521,905,1,421.32,1,1,1,111,Lost,Low Value
260889,838,1,129.0,2,1,1,211,Lost,Low Value
261059,717,1,326.0,2,1,1,211,Lost,Low Value
261086,456,2,2423.91,3,3,3,333,Loyal,Medium Value
261099,510,1,2038.93,3,1,2,312,Need Attention,Medium Value
261111,823,1,2885.11,2,1,3,213,Lost,Medium Value
261122,170,3,3823.51,5,4,3,543,Loyal,Medium Value
261199,1753,2,8114.84,1,3,5,135,At Risk,Top Value
261256,508,2,2201.04,3,3,3,333,Loyal,Medium Value
261275,92,1,2112.93,5,1,2,512,Need Attention,Medium Value
261356,632,2,29326.68,2,3,5,235,At Risk,Top Value
261498,249,2,1378.31,5,3,2,532,Loyal,Low Value
261558,454,1,519.98,3,1,1,311,Need Attention,Low Value
261669,494,1,309.0,3,1,1,311,Need Attention,Low Value
261686,621,3,2772.9700000000003,2,4,3,243,At Risk,Medium Value
261840,1471,1,2120.0,1,1,2,112,Lost,Medium Value
261910,179,2,3138.57,5,3,3,533,Loyal,Medium Value
262037,19,3,5408.47,5,4,4,544,Champions,Top Value
262050,808,1,600.28,2,1,1,211,Lost,Low Value
262052,243,3,8028.44,5,4,5,545,Champions,Top Value
262089,1494,1,799.96,1,1,1,111,Lost,Low Value
262761,452,2,7367.91,3,3,4,334,Loyal,Top Value
262788,375,3,6255.889999999999,4,4,4,444,Champions,Top Value
262821,533,1,654.29,3,1,1,311,Need Attention,Low Value
262871,367,3,38813.88,4,4,5,445,Champions,Top Value
263011,365,3,6616.41,4,4,4,444,Champions,Top Value
263308,423,1,20439.99,4,1,5,415,Need Attention,Top Value
263373,449,1,1784.71,3,1,2,312,Need Attention,Medium Value
263808,1109,3,4836.08,1,4,4,144,At Risk,Medium Value
264228,787,2,6530.88,2,3,4,234,At Risk,Top Value
264451,1620,1,1925.97,1,1,2,112,Lost,Medium Value
264515,746,1,1739.94,2,1,2,212,Lost,Medium Value
264632,414,1,2857.99,4,1,3,413,Need Attention,Medium Value
264640,979,2,3725.51,1,3,3,133,At Risk,Medium Value
264718,417,1,458.0,4,1,1,411,Need Attention,Low Value
265007,404,1,218.0,4,1,1,411,Need Attention,Low Value
265326,1014,1,357.0,1,1,1,111,Lost,Low Value
265483,727,2,6594.0,2,3,4,234,At Risk,Top Value
265593,1130,2,1261.0,1,3,2,132,Lost,Low Value
265598,495,3,1461.43,3,4,2,342,Loyal,Low Value
265666,527,2,2433.7,3,3,3,333,Loyal,Medium Value
265712,1009,1,4103.5,1,1,4,114,Lost,Medium Value
265807,368,2,5279.1900000000005,4,3,4,434,Loyal,Top Value
265825,493,2,455.99,3,3,1,331,Loyal,Low Value
265864,367,3,1866.5,4,4,2,442,Loyal,Medium Value
266019,775,2,8002.0,2,3,5,235,At Risk,Top Value
266254,589,1,129.0,3,1,1,311,Need Attention,Low Value
266399,822,2,7904.93,2,3,5,235,At Risk,Top Value
266492,1016,2,12804.630000000001,1,3,5,135,At Risk,Top Value
266658,1023,1,189.98,1,1,1,111,Lost,Low Value
267168,368,3,4558.2,4,4,4,444,Champions,Medium Value
267235,449,1,1186.93,3,1,2,312,Need Attention,Low Value
267544,141,5,3769.14,5,5,3,553,Loyal,Medium Value
267561,171,2,4817.37,5,3,4,534,Loyal,Medium Value
267691,782,1,664.95,2,1,1,211,Lost,Low Value
268465,662,1,9090.0,2,1,5,215,Lost,Top Value
268540,917,1,16065.0,1,1,5,115,Lost,Top Value
268575,281,3,3199.01,5,4,3,543,Loyal,Medium Value
268628,647,1,1028.85,2,1,2,212,Lost,Low Value
268815,361,1,620.0,4,1,1,411,Need Attention,Low Value
268820,53,3,16977.19,5,4,5,545,Champions,Top Value
268913,53,2,563.13,5,3,1,531,Loyal,Low Value
269052,1366,1,2479.92,1,1,3,113,Lost,Medium Value
269337,411,2,4084.8500000000004,4,3,4,434,Loyal,Medium Value
269340,1156,1,5462.0,1,1,4,114,Lost,Top Value
269370,845,1,22.97,2,1,1,211,Lost,Low Value
269414,1164,1,6593.4,1,1,4,114,Lost,Top Value
269713,232,3,2859.62,5,4,3,543,Loyal,Medium Value
269879,549,2,4207.9,3,3,4,334,Loyal,Medium Value
270034,365,2,6877.47,4,3,4,434,Loyal,Top Value
270320,513,1,3049.0,3,1,3,313,Need Attention,Medium Value
270359,1530,1,113.8,1,1,1,111,Lost,Low Value
270462,437,3,2236.79,3,4,3,343,Loyal,Medium Value
270614,376,2,7625.97,4,3,5,435,Loyal,Top Value
270633,435,2,8092.879999999999,3,3,5,335,Loyal,Top Value
270682,73,2,1330.65,5,3,2,532,Loyal,Low Value
270736,1866,1,4075.49,1,1,3,113,Lost,Medium Value
270917,550,3,4182.35,3,4,4,344,Loyal,Medium Value
271065,443,3,6682.54,3,4,4,344,Loyal,Top Value
271122,1187,1,7259.92,1,1,4,114,Lost,Top Value
271155,593,2,27320.81,3,3,5,335,Loyal,Top Value
271212,900,1,7992.0,1,1,5,115,Lost,Top Value
271416,1559,2,9314.42,1,3,5,135,At Risk,Top Value
271760,351,1,3219.2299999999996,4,1,3,413,Need Attention,Medium Value
271825,728,3,9699.75,2,4,5,245,At Risk,Top Value
271916,530,1,730.89,3,1,1,311,Need Attention,Low Value
272146,269,1,237.41,5,1,1,511,Need Attention,Low Value
272295,111,3,2973.18,5,4,3,543,Loyal,Medium Value
272462,442,1,2450.82,3,1,3,313,Need Attention,Medium Value
272601,864,1,2619.8,2,1,3,213,Lost,Medium Value
272662,1643,1,219.0,1,1,1,111,Lost,Low Value
272681,131,1,1699.78,5,1,2,512,Need Attention,Medium Value
273404,212,1,5880.0,5,1,4,514,Need Attention,Top Value
273661,452,1,1707.0,3,1,2,312,Need Attention,Medium Value
273887,897,3,3924.58,1,4,3,143,At Risk,Medium Value
274446,612,2,849.61,2,3,2,232,Lost,Low Value
274692,1459,1,249.99,1,1,1,111,Lost,Low Value
274765,435,2,4340.68,3,3,4,334,Loyal,Medium Value
274967,261,2,1198.9,5,3,2,532,Loyal,Low Value
275137,464,1,2147.94,3,1,2,312,Need Attention,Medium Value
275140,1703,1,17.99,1,1,1,111,Lost,Low Value
275227,431,1,2513.39,4,1,3,413,Need Attention,Medium Value
275615,968,2,3552.85,1,3,3,133,At Risk,Medium Value
275718,598,3,4437.99,3,4,4,344,Loyal,Medium Value
275830,760,1,805.0,2,1,1,211,Lost,Low Value
275930,1271,2,4064.9700000000003,1,3,3,133,At Risk,Medium Value
276050,1489,1,9029.99,1,1,5,115,Lost,Top Value
276051,390,4,15628.39,4,5,5,455,Champions,Top Value
276091,429,2,2554.87,4,3,3,433,Loyal,Medium Value
276098,894,2,467.05000000000007,1,3,1,131,Lost,Low Value
276108,1151,4,8563.64,1,5,5,155,At Risk,Top Value
276325,1112,1,2328.96,1,1,3,113,Lost,Medium Value
276836,1317,2,2715.99,1,3,3,133,At Risk,Medium Value
276895,785,1,3117.99,2,1,3,213,Lost,Medium Value
276906,352,1,1681.99,4,1,2,412,Need Attention,Low Value
277015,382,2,10399.25,4,3,5,435,Loyal,Top Value
277538,548,4,4735.82,3,5,4,354,Loyal,Medium Value
277808,424,2,895.09,4,3,2,432,Loyal,Low Value
277906,775,1,96.0,2,1,1,211,Lost,Low Value
277915,926,2,677.39,1,3,1,131,Lost,Low Value
278255,776,2,3300.99,2,3,3,233,At Risk,Medium Value
278518,566,1,64.88,3,1,1,311,Need Attention,Low Value
278544,848,1,1065.65,2,1,2,212,Lost,Low Value
278787,1480,1,1713.84,1,1,2,112,Lost,Medium Value
278979,890,1,3329.7000000000003,1,1,3,113,Lost,Medium Value
279223,541,2,1927.46,3,3,2,332,Loyal,Medium Value
279240,932,1,2432.02,1,1,3,113,Lost,Medium Value
279486,22,5,10423.060000000001,5,5,5,555,Champions,Top Value
280023,372,1,773.97,4,1,1,411,Need Attention,Low Value
280183,351,3,7183.78,4,4,4,444,Champions,Top Value
280277,234,4,7351.42,5,5,4,554,Champions,Top Value
280641,4,2,1050.9,5,3,2,532,Loyal,Low Value
281008,430,2,1094.92,4,3,2,432,Loyal,Low Value
281485,368,2,3304.42,4,3,3,433,Loyal,Medium Value
281546,755,3,3635.3,2,4,3,243,At Risk,Medium Value
281553,362,1,299.96999999999997,4,1,1,411,Need Attention,Low Value
281638,360,2,9704.0,4,3,5,435,Loyal,Top Value
281675,44,1,2921.2999999999997,5,1,3,513,Need Attention,Medium Value
282061,409,1,2047.83,4,1,2,412,Need Attention,Medium Value
282098,1573,1,877.5,1,1,2,112,Lost,Low Value
282188,221,1,662.91,5,1,1,511,Need Attention,Low Value
282556,83,4,4349.32,5,5,4,554,Champions,Medium Value
282615,1567,1,4093.72,1,1,4,114,Lost,Medium Value
282634,364,2,1177.0,4,3,2,432,Loyal,Low Value
282724,388,1,555.0,4,1,1,411,Need Attention,Low Value
283228,285,1,77.99,5,1,1,511,Need Attention,Low Value
283301,614,1,7479.73,2,1,4,214,Lost,Top Value
283685,274,3,1182.94,5,4,2,542,Loyal,Low Value
283837,352,2,5071.57,4,3,4,434,Loyal,Top Value
283869,360,2,3727.8999999999996,4,3,3,433,Loyal,Medium Value
283881,1817,1,809.8900000000001,1,1,1,111,Lost,Low Value
283982,427,2,3870.91,4,3,3,433,Loyal,Medium Value
284243,1710,1,4425.54,1,1,4,114,Lost,Medium Value
284346,1096,1,1226.4,1,1,2,112,Lost,Low Value
284579,949,1,3775.3,1,1,3,113,Lost,Medium Value
284628,479,1,2563.98,3,1,3,313,Need Attention,Medium Value
284716,753,3,3041.94,2,4,3,243,At Risk,Medium Value
285254,985,2,2324.67,1,3,3,133,At Risk,Medium Value
285421,1817,1,1228.94,1,1,2,112,Lost,Low Value
285552,586,1,5899.0,3,1,4,314,Need Attention,Top Value
285706,372,1,1075.84,4,1,2,412,Need Attention,Low Value
285730,754,1,12.66,2,1,1,211,Lost,Low Value
285999,468,4,12798.45,3,5,5,355,Loyal,Top Value
286077,515,2,605.1899999999999,3,3,1,331,Loyal,Low Value
286234,858,1,912.99,2,1,2,212,Lost,Low Value
286855,1478,2,1462.95,1,3,2,132,Lost,Low Value
286857,626,2,1739.68,2,3,2,232,Lost,Medium Value
286879,765,2,4358.89,2,3,4,234,At Risk,Medium Value
287047,1319,1,3255.75,1,1,3,113,Lost,Medium Value
287707,1567,1,645.0,1,1,1,111,Lost,Low Value
287877,1572,1,2854.0,1,1,3,113,Lost,Medium Value
288287,1534,1,336.78000000000003,1,1,1,111,Lost,Low Value
288497,396,3,4181.969999999999,4,4,4,444,Champions,Medium Value
288604,433,2,12.34,4,3,1,431,Loyal,Low Value
288667,723,1,1448.0,2,1,2,212,Lost,Low Value
288828,374,1,3162.0,4,1,3,413,Need Attention,Medium Value
289281,43,1,4.98,5,1,1,511,Need Attention,Low Value
289312,1027,1,5002.99,1,1,4,114,Lost,Top Value
289320,563,2,10084.82,3,3,5,335,Loyal,Top Value
289547,401,1,3227.4700000000003,4,1,3,413,Need Attention,Medium Value
289674,473,2,6148.66,3,3,4,334,Loyal,Top Value
289810,1473,1,2864.64,1,1,3,113,Lost,Medium Value
289990,472,3,1583.47,3,4,2,342,Loyal,Low Value
290147,1091,1,2965.0,1,1,3,113,Lost,Medium Value
290747,346,3,4328.68,4,4,4,444,Champions,Medium Value
290812,1352,2,362.94,1,3,1,131,Lost,Low Value
290888,424,3,7246.79,4,4,4,444,Champions,Top Value
291316,397,1,2694.2999999999997,4,1,3,413,Need Attention,Medium Value
291325,1545,1,2704.78,1,1,3,113,Lost,Medium Value
291356,1087,2,2169.45,1,3,3,133,At Risk,Medium Value
291425,624,1,5658.65,2,1,4,214,Lost,Top Value
291743,471,3,7773.97,3,4,5,345,Loyal,Top Value
291843,1144,2,462.8,1,3,1,131,Lost,Low Value
291985,548,3,8383.82,3,4,5,345,Loyal,Top Value
292054,352,3,10244.67,4,4,5,445,Champions,Top Value
292203,1161,1,54.97,1,1,1,111,Lost,Low Value
292395,516,1,4349.12,3,1,4,314,Need Attention,Medium Value
292420,902,3,7347.04,1,4,4,144,At Risk,Top Value
292643,108,3,15381.91,5,4,5,545,Champions,Top Value
292797,1599,1,27.78,1,1,1,111,Lost,Low Value
292911,276,5,5547.31,5,5,4,554,Champions,Top Value
293167,986,2,1947.58,1,3,2,132,Lost,Medium Value
293369,94,2,4546.349999999999,5,3,4,534,Loyal,Medium Value
293556,1761,1,1825.2,1,1,2,112,Lost,Medium Value
293936,414,2,2714.7799999999997,4,3,3,433,Loyal,Medium Value
294189,1696,1,2067.9,1,1,2,112,Lost,Medium Value
294210,1118,2,5733.7300000000005,1,3,4,134,At Risk,Top Value
294433,522,3,537.45,3,4,1,341,Loyal,Low Value
294505,362,2,6650.98,4,3,4,434,Loyal,Top Value
294871,1656,1,857.73,1,1,2,112,Lost,Low Value
295061,1487,1,1215.76,1,1,2,112,Lost,Low Value
295071,472,1,236.98000000000002,3,1,1,311,Need Attention,Low Value
295102,414,3,1330.95,4,4,2,442,Loyal,Low Value
295597,1840,1,2124.0,1,1,2,112,Lost,Medium Value
296584,1303,1,619.85,1,1,1,111,Lost,Low Value
297462,844,2,3767.69,2,3,3,233,At Risk,Medium Value
297674,1292,1,845.0,1,1,1,111,Lost,Low Value
298606,411,2,2917.6400000000003,4,3,3,433,Loyal,Medium Value
299061,865,2,1721.0,2,3,2,232,Lost,Medium Value
299334,59,3,8583.31,5,4,5,545,Champions,Top Value
299823,449,2,3625.94,3,3,3,333,Loyal,Medium Value
299860,738,3,6379.55,2,4,4,244,At Risk,Top Value
300044,538,2,8908.33,3,3,5,335,Loyal,Top Value
300324,29,3,10596.11,5,4,5,545,Champions,Top Value
300409,786,1,1267.95,2,1,2,212,Lost,Low Value
300736,423,2,759.97,4,3,1,431,Loyal,Low Value
300844,566,4,19042.239999999998,3,5,5,355,Loyal,Top Value
301425,1251,1,6023.9,1,1,4,114,Lost,Top Value
301503,666,2,4616.77,2,3,4,234,At Risk,Medium Value
301521,794,1,132.99,2,1,1,211,Lost,Low Value
301704,575,1,2183.28,3,1,3,313,Need Attention,Medium Value
301736,780,1,1990.0,2,1,2,212,Lost,Medium Value
301925,726,1,4.06,2,1,1,211,Lost,Low Value
302130,468,2,8320.560000000001,3,3,5,335,Loyal,Top Value
302416,845,1,899.94,2,1,2,212,Lost,Low Value
302571,951,3,5175.0,1,4,4,144,At Risk,Top Value
302645,348,3,1667.2,4,4,2,442,Loyal,Low Value
302755,262,4,4188.33,5,5,4,554,Champions,Medium Value
303085,711,3,3774.55,2,4,3,243,At Risk,Medium Value
303116,584,1,669.73,3,1,1,311,Need Attention,Low Value
303506,1369,1,7138.9,1,1,4,114,Lost,Top Value
303771,8,3,2664.23,5,4,3,543,Loyal,Medium Value
303782,1072,3,10278.83,1,4,5,145,At Risk,Top Value
304221,606,1,3366.77,3,1,3,313,Need Attention,Medium Value
304600,639,2,4210.83,2,3,4,234,At Risk,Medium Value
304669,362,1,2314.6,4,1,3,413,Need Attention,Medium Value
304863,66,2,5433.3,5,3,4,534,Loyal,Top Value
305010,955,2,5490.48,1,3,4,134,At Risk,Top Value
305074,296,3,3658.3499999999995,5,4,3,543,Loyal,Medium Value
305212,529,1,1049.6499999999999,3,1,2,312,Need Attention,Low Value
305226,498,3,3120.3900000000003,3,4,3,343,Loyal,Medium Value
305321,963,4,5386.29,1,5,4,154,At Risk,Top Value
305349,414,1,1042.38,4,1,2,412,Need Attention,Low Value
305369,428,3,3045.05,4,4,3,443,Loyal,Medium Value
305827,1672,1,4150.0,1,1,4,114,Lost,Medium Value
305926,857,1,5651.05,2,1,4,214,Lost,Top Value
305962,431,2,479.87,4,3,1,431,Loyal,Low Value
306301,533,6,8352.44,3,5,5,355,Loyal,Top Value
306354,297,4,7773.549999999999,5,5,5,555,Champions,Top Value
306809,505,2,155.64999999999998,3,3,1,331,Loyal,Low Value
307023,1,2,659.49,5,3,1,531,Loyal,Low Value
307316,570,1,1440.0,3,1,2,312,Need Attention,Low Value
307595,806,1,3448.95,2,1,3,213,Lost,Medium Value
307671,410,2,346.85999999999996,4,3,1,431,Loyal,Low Value
307703,743,2,1915.8200000000002,2,3,2,232,Lost,Medium Value
307767,1837,1,269.43,1,1,1,111,Lost,Low Value
307907,787,1,3673.52,2,1,3,213,Lost,Medium Value
308410,347,3,6437.29,4,4,4,444,Champions,Top Value
308450,582,2,3196.96,3,3,3,333,Loyal,Medium Value
308690,1461,2,8878.99,1,3,5,135,At Risk,Top Value
308716,844,1,12.99,2,1,1,211,Lost,Low Value
308773,1226,1,2062.0,1,1,2,112,Lost,Medium Value
308825,612,1,317.43,2,1,1,211,Lost,Low Value
308834,858,1,73.96,2,1,1,211,Lost,Low Value
308920,604,4,10947.009999999998,3,5,5,355,Loyal,Top Value
309028,368,3,6532.549999999999,4,4,4,444,Champions,Top Value
309363,354,4,6997.12,4,5,4,454,Champions,Top Value
309667,884,2,1860.9299999999998,1,3,2,132,Lost,Medium Value
309936,1326,1,125.01,1,1,1,111,Lost,Low Value
309994,274,3,8838.35,5,4,5,545,Champions,Top Value
310143,363,1,107.83,4,1,1,411,Need Attention,Low Value
310464,381,2,370.08,4,3,1,431,Loyal,Low Value
310622,981,3,10190.21,1,4,5,145,At Risk,Top Value
310707,47,2,1055.29,5,3,2,532,Loyal,Low Value
310779,423,1,3439.89,4,1,3,413,Need Attention,Medium Value
310815,513,2,9343.96,3,3,5,335,Loyal,Top Value
311393,829,2,3749.9700000000003,2,3,3,233,At Risk,Medium Value
311493,1236,3,11832.089999999998,1,4,5,145,At Risk,Top Value
311539,489,1,179.94,3,1,1,311,Need Attention,Low Value
311561,796,1,44.0,2,1,1,211,Lost,Low Value
311575,379,4,8429.25,4,5,5,455,Champions,Top Value
311789,1145,1,8474.47,1,1,5,115,Lost,Top Value
311805,914,4,1851.9,1,5,2,152,Lost,Medium Value
311842,478,2,3039.31,3,3,3,333,Loyal,Medium Value
312249,362,2,744.6700000000001,4,3,1,431,Loyal,Low Value
312359,1636,1,299.95,1,1,1,111,Lost,Low Value
312368,1023,1,769.8,1,1,1,111,Lost,Low Value
312519,15,4,12381.560000000001,5,5,5,555,Champions,Top Value
312530,883,1,2459.53,1,1,3,113,Lost,Medium Value
312608,975,2,1280.82,1,3,2,132,Lost,Low Value
312652,644,2,3827.7799999999997,2,3,3,233,At Risk,Medium Value
312676,766,1,647.4,2,1,1,211,Lost,Low Value
312796,1278,1,959.5799999999999,1,1,2,112,Lost,Low Value
313127,774,2,8435.99,2,3,5,235,At Risk,Top Value
313269,365,2,3312.9,4,3,3,433,Loyal,Medium Value
313568,523,1,279.99,3,1,1,311,Need Attention,Low Value
313633,433,1,310.0,4,1,1,411,Need Attention,Low Value
313652,424,1,3895.0,4,1,3,413,Need Attention,Medium Value
313925,541,2,2206.84,3,3,3,333,Loyal,Medium Value
313968,1851,1,932.9300000000001,1,1,2,112,Lost,Low Value
314133,752,1,1399.95,2,1,2,212,Lost,Low Value
314334,781,3,12590.2,2,4,5,245,At Risk,Top Value
314470,296,1,23.9,5,1,1,511,Need Attention,Low Value
314531,734,2,5142.65,2,3,4,234,At Risk,Top Value
314545,361,2,1183.5900000000001,4,3,2,432,Loyal,Low Value
314740,768,3,4627.97,2,4,4,244,At Risk,Medium Value
314877,850,1,3845.4300000000003,2,1,3,213,Lost,Medium Value
315096,445,1,8.88,3,1,1,311,Need Attention,Low Value
315108,1566,1,1437.45,1,1,2,112,Lost,Low Value
315445,873,2,463.36,2,3,1,231,Lost,Low Value
315725,556,1,695.0,3,1,1,311,Need Attention,Low Value
315768,551,1,3492.0,3,1,3,313,Need Attention,Medium Value
316235,992,1,1079.94,1,1,2,112,Lost,Low Value
316341,430,2,5266.38,4,3,4,434,Loyal,Top Value
316425,839,1,2419.6499999999996,2,1,3,213,Lost,Medium Value
316485,1834,1,2449.0,1,1,3,113,Lost,Medium Value
316518,1090,1,1730.55,1,1,2,112,Lost,Medium Value
316566,792,1,1086.0,2,1,2,212,Lost,Low Value
317143,549,2,1549.97,3,3,2,332,Loyal,Low Value
317235,505,2,2473.87,3,3,3,333,Loyal,Medium Value
317259,738,1,265.9,2,1,1,211,Lost,Low Value
317894,1154,1,2367.85,1,1,3,113,Lost,Medium Value
317971,743,1,1971.0,2,1,2,212,Lost,Medium Value
318058,723,2,1813.99,2,3,2,232,Lost,Medium Value
318123,85,4,8160.78,5,5,5,555,Champions,Top Value
318856,477,1,2790.0,3,1,3,313,Need Attention,Medium Value
318893,540,1,6515.86,3,1,4,314,Need Attention,Top Value
318902,416,2,2422.99,4,3,3,433,Loyal,Medium Value
318935,384,2,2612.96,4,3,3,433,Loyal,Medium Value
318980,1014,1,12.99,1,1,1,111,Lost,Low Value
319137,193,2,1748.96,5,3,2,532,Loyal,Medium Value
319202,530,3,5852.02,3,4,4,344,Loyal,Top Value
319477,472,1,2768.96,3,1,3,313,Need Attention,Medium Value
319579,298,2,15478.62,5,3,5,535,Loyal,Top Value
319689,141,5,7197.36,5,5,4,554,Champions,Top Value
319845,523,3,4204.679999999999,3,4,4,344,Loyal,Medium Value
320030,366,3,4708.87,4,4,4,444,Champions,Medium Value
320073,536,4,15715.939999999999,3,5,5,355,Loyal,Top Value
320314,1196,1,1377.0,1,1,2,112,Lost,Low Value
320342,186,1,186.9,5,1,1,511,Need Attention,Low Value
320652,465,2,937.38,3,3,2,332,Loyal,Low Value
320854,711,3,5968.65,2,4,4,244,At Risk,Top Value
321221,628,2,1877.8,2,3,2,232,Lost,Medium Value
321291,606,2,12847.85,3,3,5,335,Loyal,Top Value
321310,493,2,4749.2,3,3,4,334,Loyal,Medium Value
321313,352,4,6243.5,4,5,4,454,Champions,Top Value
321432,1333,1,1651.95,1,1,2,112,Lost,Low Value
321675,32,3,7602.83,5,4,5,545,Champions,Top Value
321954,1237,1,1673.83,1,1,2,112,Lost,Low Value
322136,588,2,1523.79,3,3,2,332,Loyal,Low Value
322186,449,3,10491.33,3,4,5,345,Loyal,Top Value
322486,589,1,1398.0,3,1,2,312,Need Attention,Low Value
322558,642,3,3381.26,2,4,3,243,At Risk,Medium Value
322714,544,3,12799.35,3,4,5,345,Loyal,Top Value
322734,1223,2,11558.73,1,3,5,135,At Risk,Top Value
322806,24,3,22021.12,5,4,5,545,Champions,Top Value
322907,45,2,2623.0,5,3,3,533,Loyal,Medium Value
322936,633,2,21513.8,2,3,5,235,At Risk,Top Value
323119,1340,2,2101.53,1,3,2,132,Lost,Medium Value
323390,666,1,4252.91,2,1,4,214,Lost,Medium Value
323542,425,3,9390.41,4,4,5,445,Champions,Top Value
324149,922,1,1769.09,1,1,2,112,Lost,Medium Value
324163,767,2,5711.58,2,3,4,234,At Risk,Top Value
324511,286,2,7848.780000000001,5,3,5,535,Loyal,Top Value
324541,1002,2,1823.87,1,3,2,132,Lost,Medium Value
324575,62,1,7640.88,5,1,5,515,Need Attention,Top Value
324582,102,1,1957.97,5,1,2,512,Need Attention,Medium Value
325088,1824,1,155.99,1,1,1,111,Lost,Low Value
325116,710,2,726.83,2,3,1,231,Lost,Low Value
325443,1086,1,160.23000000000002,1,1,1,111,Lost,Low Value
325920,618,1,107.94,2,1,1,211,Lost,Low Value
325936,494,1,5865.31,3,1,4,314,Need Attention,Top Value
326086,1700,1,319.0,1,1,1,111,Lost,Low Value
326292,1086,2,12273.49,1,3,5,135,At Risk,Top Value
326396,424,4,16537.92,4,5,5,455,Champions,Top Value
326510,431,4,3550.88,4,5,3,453,Loyal,Medium Value
326829,489,3,3659.73,3,4,3,343,Loyal,Medium Value
326924,173,1,2966.92,5,1,3,513,Need Attention,Medium Value
327053,31,1,2855.58,5,1,3,513,Need Attention,Medium Value
327378,509,1,1322.97,3,1,2,312,Need Attention,Low Value
327514,5,3,5286.09,5,4,4,544,Champions,Top Value
327878,373,1,571.0,4,1,1,411,Need Attention,Low Value
327942,393,1,768.87,4,1,1,411,Need Attention,Low Value
328350,45,2,887.98,5,3,2,532,Loyal,Low Value
328534,526,2,8740.0,3,3,5,335,Loyal,Top Value
328714,764,4,962.4000000000001,2,5,2,252,Lost,Low Value
328915,731,2,4012.99,2,3,3,233,At Risk,Medium Value
328988,4,4,5831.53,5,5,4,554,Champions,Top Value
329514,408,4,4623.58,4,5,4,454,Champions,Medium Value
329620,142,2,1209.8899999999999,5,3,2,532,Loyal,Low Value
329905,391,2,3610.8900000000003,4,3,3,433,Loyal,Medium Value
330125,527,3,8940.58,3,4,5,345,Loyal,Top Value
330150,468,2,926.31,3,3,2,332,Loyal,Low Value
330981,787,3,8027.79,2,4,5,245,At Risk,Top Value
331199,465,3,3183.61,3,4,3,343,Loyal,Medium Value
331277,1,3,8126.65,5,4,5,545,Champions,Top Value
331280,1710,1,1175.67,1,1,2,112,Lost,Low Value
331822,363,3,5293.58,4,4,4,444,Champions,Top Value
331914,79,1,290.0,5,1,1,511,Need Attention,Low Value
331947,879,1,1458.0,1,1,2,112,Lost,Low Value
331990,736,2,3128.49,2,3,3,233,At Risk,Medium Value
332217,1838,1,387.0,1,1,1,111,Lost,Low Value
332332,291,4,15899.66,5,5,5,555,Champions,Top Value
332635,582,1,4320.95,3,1,4,314,Need Attention,Medium Value
333209,260,3,4495.889999999999,5,4,4,544,Champions,Medium Value
333330,1117,1,1099.0,1,1,2,112,Lost,Low Value
333575,886,2,6345.39,1,3,4,134,At Risk,Top Value
333599,1275,1,299.98,1,1,1,111,Lost,Low Value
333846,59,1,462.06,5,1,1,511,Need Attention,Low Value
333848,654,2,1765.87,2,3,2,232,Lost,Medium Value
333861,515,1,5761.13,3,1,4,314,Need Attention,Top Value
333947,1819,1,1651.78,1,1,2,112,Lost,Low Value
334483,340,2,324.07,5,3,1,531,Loyal,Low Value
334491,296,1,385.70000000000005,5,1,1,511,Need Attention,Low Value
334760,415,1,750.0,4,1,1,411,Need Attention,Low Value
334903,366,1,2647.32,4,1,3,413,Need Attention,Medium Value
334926,960,1,7959.6,1,1,5,115,Lost,Top Value
335012,359,2,750.0,4,3,1,431,Loyal,Low Value
335032,365,1,2246.6,4,1,3,413,Need Attention,Medium Value
335384,64,1,9593.0,5,1,5,515,Need Attention,Top Value
336090,458,1,251.0,3,1,1,311,Need Attention,Low Value
336182,344,3,14427.01,5,4,5,545,Champions,Top Value
336239,811,3,9491.66,2,4,5,245,At Risk,Top Value
336267,457,2,772.59,3,3,1,331,Loyal,Low Value
336290,408,2,2688.62,4,3,3,433,Loyal,Medium Value
336348,58,4,24379.1,5,5,5,555,Champions,Top Value
336525,878,1,2639.7,1,1,3,113,Lost,Medium Value
336562,354,4,11417.86,4,5,5,455,Champions,Top Value
337002,450,3,3772.96,3,4,3,343,Loyal,Medium Value
337589,75,3,5593.91,5,4,4,544,Champions,Top Value
337629,137,1,2609.01,5,1,3,513,Need Attention,Medium Value
337695,234,5,17082.6,5,5,5,555,Champions,Top Value
337764,531,4,5937.95,3,5,4,354,Loyal,Top Value
337850,460,2,2913.95,3,3,3,333,Loyal,Medium Value
338444,533,2,3253.91,3,3,3,333,Loyal,Medium Value
338683,907,1,382.49,1,1,1,111,Lost,Low Value
339050,774,3,6254.66,2,4,4,244,At Risk,Top Value
339068,386,3,8744.43,4,4,5,445,Champions,Top Value
339146,1353,1,6333.0,1,1,4,114,Lost,Top Value
339390,914,1,1006.0,1,1,2,112,Lost,Low Value
339448,421,2,871.97,4,3,2,432,Loyal,Low Value
339939,473,2,788.63,3,3,1,331,Loyal,Low Value
340307,433,2,1126.97,4,3,2,432,Loyal,Low Value
340339,740,2,837.0899999999999,2,3,1,231,Lost,Low Value
340417,1492,1,7937.65,1,1,5,115,Lost,Top Value
340427,956,2,2665.0,1,3,3,133,At Risk,Medium Value
340460,985,2,1718.98,1,3,2,132,Lost,Medium Value
340665,568,1,438.0,3,1,1,311,Need Attention,Low Value
340771,614,3,8665.76,2,4,5,245,At Risk,Top Value
340782,547,2,997.66,3,3,2,332,Loyal,Low Value
341191,463,3,1628.3400000000001,3,4,2,342,Loyal,Low Value
341831,640,2,4188.0,2,3,4,234,At Risk,Medium Value
342040,963,2,2286.0,1,3,3,133,At Risk,Medium Value
342356,101,4,3916.23,5,5,3,553,Loyal,Medium Value
342393,639,2,2855.39,2,3,3,233,At Risk,Medium Value
342512,408,3,23229.34,4,4,5,445,Champions,Top Value
342652,783,2,4277.78,2,3,4,234,At Risk,Medium Value
342841,738,1,617.6700000000001,2,1,1,211,Lost,Low Value
343007,364,3,3015.04,4,4,3,443,Loyal,Medium Value
343061,463,3,4446.7699999999995,3,4,4,344,Loyal,Medium Value
343095,659,1,3024.95,2,1,3,213,Lost,Medium Value
343129,1096,1,1490.0,1,1,2,112,Lost,Low Value
343183,561,2,4286.78,3,3,4,334,Loyal,Medium Value
343285,750,1,218.0,2,1,1,211,Lost,Low Value
343632,246,2,1427.5600000000002,5,3,2,532,Loyal,Low Value
343801,1129,2,10328.59,1,3,5,135,At Risk,Top Value
343983,192,1,1297.3700000000001,5,1,2,512,Need Attention,Low Value
344691,1576,1,320.36,1,1,1,111,Lost,Low Value
345044,1491,1,75.96000000000001,1,1,1,111,Lost,Low Value
345242,597,3,5929.16,3,4,4,344,Loyal,Top Value
345277,802,1,354.6,2,1,1,211,Lost,Low Value
345292,528,2,6086.95,3,3,4,334,Loyal,Top Value
345767,17,2,449.39000000000004,5,3,1,531,Loyal,Low Value
345812,1858,1,656.88,1,1,1,111,Lost,Low Value
345910,22,4,16789.67,5,5,5,555,Champions,Top Value
346090,383,2,2530.9,4,3,3,433,Loyal,Medium Value
346204,271,3,12717.63,5,4,5,545,Champions,Top Value
346689,244,3,4029.9,5,4,3,543,Loyal,Medium Value
346994,471,3,121.69999999999999,3,4,1,341,Loyal,Low Value
347011,891,2,3260.0,1,3,3,133,At Risk,Medium Value
347058,554,1,1754.96,3,1,2,312,Need Attention,Medium Value
347144,1230,1,767.96,1,1,1,111,Lost,Low Value
347206,1138,1,822.76,1,1,1,111,Lost,Low Value
347235,1145,2,25471.6,1,3,5,135,At Risk,Top Value
347240,554,2,3342.78,3,3,3,333,Loyal,Medium Value
347394,781,2,1648.6,2,3,2,232,Lost,Low Value
347499,445,3,1121.09,3,4,2,342,Loyal,Low Value
347864,291,1,9034.23,5,1,5,515,Need Attention,Top Value
347907,778,1,537.0,2,1,1,211,Lost,Low Value
347982,370,3,1953.92,4,4,2,442,Loyal,Medium Value
348102,585,1,19.99,3,1,1,311,Need Attention,Low Value
348248,483,3,1389.55,3,4,2,342,Loyal,Low Value
348440,365,5,7360.67,4,5,4,454,Champions,Top Value
348521,354,5,5054.009999999999,4,5,4,454,Champions,Top Value
348548,411,2,1128.53,4,3,2,432,Loyal,Low Value
348767,978,1,198.98,1,1,1,111,Lost,Low Value
348917,423,2,19920.19,4,3,5,435,Loyal,Top Value
349037,1083,1,422.69,1,1,1,111,Lost,Low Value
349086,1097,2,1097.99,1,3,2,132,Lost,Low Value
349322,498,1,1698.0,3,1,2,312,Need Attention,Medium Value
349653,621,1,25.32,2,1,1,211,Lost,Low Value
349815,1363,1,666.99,1,1,1,111,Lost,Low Value
350095,888,2,4254.95,1,3,4,134,At Risk,Medium Value
350141,1135,2,3004.89,1,3,3,133,At Risk,Medium Value
350496,218,6,4512.63,5,5,4,554,Champions,Medium Value
350587,1086,2,1587.99,1,3,2,132,Lost,Low Value
350710,604,2,11756.699999999999,3,3,5,335,Loyal,Top Value
350853,1362,1,1729.6499999999999,1,1,2,112,Lost,Medium Value
350943,152,3,5957.0,5,4,4,544,Champions,Top Value
350949,843,1,1501.89,2,1,2,212,Lost,Low Value
350979,298,4,23118.23,5,5,5,555,Champions,Top Value
351202,992,1,418.0,1,1,1,111,Lost,Low Value
351430,1243,1,1035.92,1,1,2,112,Lost,Low Value
351623,388,1,482.96,4,1,1,411,Need Attention,Low Value
351747,438,2,2299.95,3,3,3,333,Loyal,Medium Value
351758,853,1,4070.64,2,1,3,213,Lost,Medium Value
351879,1088,4,12131.79,1,5,5,155,At Risk,Top Value
352043,955,2,569.13,1,3,1,131,Lost,Low Value
352106,538,2,1578.9,3,3,2,332,Loyal,Low Value
352235,515,1,12.99,3,1,1,311,Need Attention,Low Value
352272,405,1,3004.9700000000003,4,1,3,413,Need Attention,Medium Value
352596,918,1,2992.6,1,1,3,113,Lost,Medium Value
352719,59,3,4412.65,5,4,4,544,Champions,Medium Value
352850,628,1,158.82999999999998,2,1,1,211,Lost,Low Value
352933,359,1,2499.5,4,1,3,413,Need Attention,Medium Value
353240,372,2,4126.66,4,3,4,434,Loyal,Medium Value
353313,372,2,2391.96,4,3,3,433,Loyal,Medium Value
353352,113,3,9117.7,5,4,5,545,Champions,Top Value
353444,402,1,599.0,4,1,1,411,Need Attention,Low Value
353597,440,1,834.0,3,1,1,311,Need Attention,Low Value
353741,292,1,3178.8999999999996,5,1,3,513,Need Attention,Medium Value
353750,1515,2,12665.68,1,3,5,135,At Risk,Top Value
353909,585,1,769.65,3,1,1,311,Need Attention,Low Value
354010,797,3,7230.88,2,4,4,244,At Risk,Top Value
354096,372,3,4741.92,4,4,4,444,Champions,Medium Value
354108,1724,1,5263.0,1,1,4,114,Lost,Top Value
354142,1356,2,2170.4,1,3,3,133,At Risk,Medium Value
354187,723,1,12534.0,2,1,5,215,Lost,Top Value
354352,421,2,1294.96,4,3,2,432,Loyal,Low Value
354485,395,2,5984.0,4,3,4,434,Loyal,Top Value
355288,2,2,7125.88,5,3,4,534,Loyal,Top Value
355295,439,3,4406.22,3,4,4,344,Loyal,Medium Value
355632,506,3,9099.619999999999,3,4,5,345,Loyal,Top Value
356049,18,5,8938.1,5,5,5,555,Champions,Top Value
356070,953,1,369.0,1,1,1,111,Lost,Low Value
356191,358,1,93.98,4,1,1,411,Need Attention,Low Value
356576,30,2,2086.89,5,3,2,532,Loyal,Medium Value
356810,735,1,1.99,2,1,1,211,Lost,Low Value
356838,772,2,6369.78,2,3,4,234,At Risk,Top Value
356908,433,1,369.0,4,1,1,411,Need Attention,Low Value
356963,409,4,5046.54,4,5,4,454,Champions,Top Value
357165,1296,1,53.97,1,1,1,111,Lost,Low Value
357376,659,1,151.8,2,1,1,211,Lost,Low Value
357410,729,1,3802.88,2,1,3,213,Lost,Medium Value
357592,288,2,7312.5,5,3,4,534,Loyal,Top Value
357825,795,4,8146.01,2,5,5,255,At Risk,Top Value
357853,590,6,9587.47,3,5,5,355,Loyal,Top Value
358149,1107,1,3053.23,1,1,3,113,Lost,Medium Value
358229,400,1,6.99,4,1,1,411,Need Attention,Low Value
358489,535,2,4256.06,3,3,4,334,Loyal,Medium Value
358604,8,1,1540.0,5,1,2,512,Need Attention,Low Value
358637,1102,1,243.96,1,1,1,111,Lost,Low Value
358749,1597,1,639.97,1,1,1,111,Lost,Low Value
358880,86,3,5188.32,5,4,4,544,Champions,Top Value
359037,719,1,1202.95,2,1,2,212,Lost,Low Value
359297,726,1,909.24,2,1,2,212,Lost,Low Value
359409,1095,1,224.0,1,1,1,111,Lost,Low Value
359587,3,2,8913.79,5,3,5,535,Loyal,Top Value
360001,878,1,1937.96,1,1,2,112,Lost,Medium Value
360241,255,2,11549.77,5,3,5,535,Loyal,Top Value
360610,1161,1,3188.7,1,1,3,113,Lost,Medium Value
360795,64,1,1938.0,5,1,2,512,Need Attention,Medium Value
360894,841,1,4563.860000000001,2,1,4,214,Lost,Medium Value
361214,412,2,6479.95,4,3,4,434,Loyal,Top Value
361450,542,1,219.98,3,1,1,311,Need Attention,Low Value
361691,811,1,2470.7,2,1,3,213,Lost,Medium Value
361945,396,2,1758.92,4,3,2,432,Loyal,Medium Value
362027,789,1,699.0,2,1,1,211,Lost,Low Value
362095,1520,1,3007.66,1,1,3,113,Lost,Medium Value
362120,456,1,1943.99,3,1,2,312,Need Attention,Medium Value
362234,535,4,4043.02,3,5,3,353,Loyal,Medium Value
362263,730,1,657.0,2,1,1,211,Lost,Low Value
362479,862,1,867.0,2,1,2,212,Lost,Low Value
362960,290,2,2400.96,5,3,3,533,Loyal,Medium Value
363462,387,2,1701.13,4,3,2,432,Loyal,Medium Value
363584,97,5,24753.74,5,5,5,555,Champions,Top Value
363712,6,5,6684.400000000001,5,5,4,554,Champions,Top Value
363872,1130,3,9383.91,1,4,5,145,At Risk,Top Value
363898,582,1,680.86,3,1,1,311,Need Attention,Low Value
364612,779,1,4349.88,2,1,4,214,Lost,Medium Value
364626,473,1,143.12,3,1,1,311,Need Attention,Low Value
364677,628,1,478.0,2,1,1,211,Lost,Low Value
364820,192,3,2825.59,5,4,3,543,Loyal,Medium Value
364852,618,2,4630.25,2,3,4,234,At Risk,Medium Value
365088,837,1,24.99,2,1,1,211,Lost,Low Value
365200,734,2,9944.79,2,3,5,235,At Risk,Top Value
365565,741,2,2602.29,2,3,3,233,At Risk,Medium Value
365593,8,2,1859.66,5,3,2,532,Loyal,Medium Value
365703,297,3,9130.76,5,4,5,545,Champions,Top Value
365953,403,5,6377.02,4,5,4,454,Champions,Top Value
366123,589,2,10571.88,3,3,5,335,Loyal,Top Value
366153,772,1,269.6,2,1,1,211,Lost,Low Value
366250,44,3,6928.76,5,4,4,544,Champions,Top Value
366365,492,3,9274.24,3,4,5,345,Loyal,Top Value
366380,554,1,6477.62,3,1,4,314,Need Attention,Top Value
366500,286,5,22220.83,5,5,5,555,Champions,Top Value
366774,862,1,29.97,2,1,1,211,Lost,Low Value
366856,4,3,6461.3099999999995,5,4,4,544,Champions,Top Value
366908,232,2,2758.89,5,3,3,533,Loyal,Medium Value
367004,345,1,209.0,4,1,1,411,Need Attention,Low Value
367131,234,5,18381.0,5,5,5,555,Champions,Top Value
367191,842,1,3183.99,2,1,3,213,Lost,Medium Value
367332,243,1,5660.0,5,1,4,514,Need Attention,Top Value
367414,1020,1,839.97,1,1,1,111,Lost,Low Value
367715,597,1,2997.0,3,1,3,313,Need Attention,Medium Value
367753,264,4,3264.09,5,5,3,553,Loyal,Medium Value
367824,1279,3,4085.52,1,4,4,144,At Risk,Medium Value
368115,1642,2,1463.74,1,3,2,132,Lost,Low Value
368190,507,4,4674.66,3,5,4,354,Loyal,Medium Value
368277,89,1,3254.47,5,1,3,513,Need Attention,Medium Value
368295,1450,1,8206.94,1,1,5,115,Lost,Top Value
368584,851,1,1333.78,2,1,2,212,Lost,Low Value
368610,516,4,9830.61,3,5,5,355,Loyal,Top Value
368827,604,1,1340.12,3,1,2,312,Need Attention,Low Value
369446,435,2,3081.9700000000003,3,3,3,333,Loyal,Medium Value
369814,802,1,971.3,2,1,2,212,Lost,Low Value
369858,470,1,471.02000000000004,3,1,1,311,Need Attention,Low Value
370019,711,1,27.78,2,1,1,211,Lost,Low Value
370077,981,3,3714.88,1,4,3,143,At Risk,Medium Value
370149,768,1,6069.089999999999,2,1,4,214,Lost,Top Value
370810,115,3,7641.84,5,4,5,545,Champions,Top Value
370811,1716,1,1002.99,1,1,2,112,Lost,Low Value
370829,1289,2,759.8100000000001,1,3,1,131,Lost,Low Value
370964,564,1,881.89,3,1,2,312,Need Attention,Low Value
371426,372,1,4611.99,4,1,4,414,Need Attention,Medium Value
371459,1093,1,308.55,1,1,1,111,Lost,Low Value
372299,1368,1,12.99,1,1,1,111,Lost,Low Value
372304,1517,1,1328.97,1,1,2,112,Lost,Low Value
372379,999,1,1173.8000000000002,1,1,2,112,Lost,Low Value
372525,729,1,111.8,2,1,1,211,Lost,Low Value
372672,359,1,9592.9,4,1,5,415,Need Attention,Top Value
372694,421,1,1781.98,4,1,2,412,Need Attention,Medium Value
373120,706,2,2310.11,2,3,3,233,At Risk,Medium Value
373334,1002,1,1953.0,1,1,2,112,Lost,Medium Value
373683,435,4,10606.060000000001,3,5,5,355,Loyal,Top Value
373746,281,5,14103.91,5,5,5,555,Champions,Top Value
373815,1201,1,458.0,1,1,1,111,Lost,Low Value
374045,647,3,4686.25,2,4,4,244,At Risk,Medium Value
374235,22,2,3780.0,5,3,3,533,Loyal,Medium Value
374242,983,1,71.96,1,1,1,111,Lost,Low Value
374334,493,2,6851.71,3,3,4,334,Loyal,Top Value
374720,430,4,4439.46,4,5,4,454,Champions,Medium Value
375376,730,2,753.87,2,3,1,231,Lost,Low Value
375384,423,4,10652.7,4,5,5,455,Champions,Top Value
375538,537,4,4357.86,3,5,4,354,Loyal,Medium Value
376019,449,3,1052.38,3,4,2,342,Loyal,Low Value
376037,1331,1,8655.34,1,1,5,115,Lost,Top Value
376053,738,1,3296.39,2,1,3,213,Lost,Medium Value
376607,368,1,67.4,4,1,1,411,Need Attention,Low Value
376933,267,2,8291.86,5,3,5,535,Loyal,Top Value
376965,733,2,821.98,2,3,1,231,Lost,Low Value
376977,787,2,4754.6,2,3,4,234,At Risk,Medium Value
377340,283,5,5023.93,5,5,4,554,Champions,Top Value
377487,460,3,3959.77,3,4,3,343,Loyal,Medium Value
377521,566,1,2019.0,3,1,2,312,Need Attention,Medium Value
377690,510,2,3335.47,3,3,3,333,Loyal,Medium Value
377745,1277,1,10684.880000000001,1,1,5,115,Lost,Top Value
377854,27,3,307.35,5,4,1,541,Loyal,Low Value
378008,142,2,503.48,5,3,1,531,Loyal,Low Value
378023,221,1,14.940000000000001,5,1,1,511,Need Attention,Low Value
378117,109,1,2920.8199999999997,5,1,3,513,Need Attention,Medium Value
378411,144,1,4604.96,5,1,4,514,Need Attention,Medium Value
378574,430,2,6487.89,4,3,4,434,Loyal,Top Value
378833,570,2,1046.28,3,3,2,332,Loyal,Low Value
379002,389,1,958.3000000000001,4,1,2,412,Need Attention,Low Value
379142,627,2,591.04,2,3,1,231,Lost,Low Value
379536,1385,1,1269.98,1,1,2,112,Lost,Low Value
379770,351,2,2515.8199999999997,4,3,3,433,Loyal,Medium Value
379953,876,2,2375.6,2,3,3,233,At Risk,Medium Value
380032,534,2,2200.2200000000003,3,3,3,333,Loyal,Medium Value
380256,740,1,605.8,2,1,1,211,Lost,Low Value
380313,498,1,139.98,3,1,1,311,Need Attention,Low Value
380891,477,2,11925.6,3,3,5,335,Loyal,Top Value
380931,841,2,12155.16,2,3,5,235,At Risk,Top Value
381140,22,2,1109.7,5,3,2,532,Loyal,Low Value
381188,250,4,3660.42,5,5,3,553,Loyal,Medium Value
381223,452,4,2249.73,3,5,3,353,Loyal,Medium Value
381230,729,2,4333.98,2,3,4,234,At Risk,Medium Value
381459,656,3,9479.36,2,4,5,245,At Risk,Top Value
381656,1450,1,2039.93,1,1,2,112,Lost,Medium Value
381830,423,2,2593.72,4,3,3,433,Loyal,Medium Value
382095,634,3,6230.139999999999,2,4,4,244,At Risk,Top Value
382178,438,5,6709.36,3,5,4,354,Loyal,Top Value
382347,99,2,2264.35,5,3,3,533,Loyal,Medium Value
382379,58,1,2683.98,5,1,3,513,Need Attention,Medium Value
382489,445,3,4089.56,3,4,4,344,Loyal,Medium Value
382539,467,5,4531.08,3,5,4,354,Loyal,Medium Value
382565,197,2,4757.59,5,3,4,534,Loyal,Medium Value
382843,834,4,3544.7200000000003,2,5,3,253,At Risk,Medium Value
382960,414,8,11543.16,4,5,5,455,Champions,Top Value
383007,235,4,3725.29,5,5,3,553,Loyal,Medium Value
383111,501,3,3827.51,3,4,3,343,Loyal,Medium Value
383155,544,2,1809.96,3,3,2,332,Loyal,Medium Value
383207,425,1,1317.93,4,1,2,412,Need Attention,Low Value
383209,256,3,4258.91,5,4,4,544,Champions,Medium Value
383279,739,1,1189.0,2,1,2,212,Lost,Low Value
383459,865,1,2575.88,2,1,3,213,Lost,Medium Value
383528,86,2,7895.71,5,3,5,535,Loyal,Top Value
383902,498,2,4073.95,3,3,3,333,Loyal,Medium Value
384783,30,2,10309.15,5,3,5,535,Loyal,Top Value
384911,262,6,10646.310000000001,5,5,5,555,Champions,Top Value
385309,622,2,986.98,2,3,2,232,Lost,Low Value
385392,480,2,1015.94,3,3,2,332,Loyal,Low Value
385527,50,4,5289.44,5,5,4,554,Champions,Top Value
385590,423,2,3772.0,4,3,3,433,Loyal,Medium Value
385627,484,2,6924.97,3,3,4,334,Loyal,Top Value
385643,1237,1,360.0,1,1,1,111,Lost,Low Value
385734,278,1,2037.0,5,1,2,512,Need Attention,Medium Value
385794,248,1,98.11,5,1,1,511,Need Attention,Low Value
385817,197,2,12022.8,5,3,5,535,Loyal,Top Value
385854,519,1,149.94,3,1,1,311,Need Attention,Low Value
385971,256,4,11337.56,5,5,5,555,Champions,Top Value
386552,1550,1,1039.96,1,1,2,112,Lost,Low Value
387016,949,2,3203.1800000000003,1,3,3,133,At Risk,Medium Value
387148,1100,1,2811.0,1,1,3,113,Lost,Medium Value
387369,1081,1,6302.0,1,1,4,114,Lost,Top Value
387372,17,5,11749.9,5,5,5,555,Champions,Top Value
387658,417,3,2175.6,4,4,3,443,Loyal,Medium Value
387704,787,2,202.94,2,3,1,231,Lost,Low Value
388230,920,2,973.88,1,3,2,132,Lost,Low Value
388276,568,1,5652.97,3,1,4,314,Need Attention,Top Value
388302,627,3,13820.36,2,4,5,245,At Risk,Top Value
388416,957,1,4159.0,1,1,4,114,Lost,Medium Value
388422,950,2,1634.99,1,3,2,132,Lost,Low Value
388648,620,1,87.99,2,1,1,211,Lost,Low Value
388968,933,1,291.93,1,1,1,111,Lost,Low Value
389013,629,4,11690.91,2,5,5,255,At Risk,Top Value
389303,414,2,1796.32,4,3,2,432,Loyal,Medium Value
389346,727,2,5309.88,2,3,4,234,At Risk,Top Value
389462,585,3,3151.6499999999996,3,4,3,343,Loyal,Medium Value
389486,235,2,60.75,5,3,1,531,Loyal,Low Value
389532,1243,1,1497.67,1,1,2,112,Lost,Low Value
389928,893,1,1079.8,1,1,2,112,Lost,Low Value
390031,733,2,3559.52,2,3,3,233,At Risk,Medium Value
390201,59,1,2885.7,5,1,3,513,Need Attention,Medium Value
390781,1829,1,1871.78,1,1,2,112,Lost,Medium Value
390807,429,3,13352.7,4,4,5,445,Champions,Top Value
390926,353,3,13231.58,4,4,5,445,Champions,Top Value
391082,419,2,3890.0,4,3,3,433,Loyal,Medium Value
391353,764,1,1124.7900000000002,2,1,2,212,Lost,Low Value
391380,430,2,2498.65,4,3,3,433,Loyal,Medium Value
391464,1506,1,407.99,1,1,1,111,Lost,Low Value
391687,421,1,2051.96,4,1,2,412,Need Attention,Medium Value
391733,643,2,8760.89,2,3,5,235,At Risk,Top Value
391761,255,1,736.94,5,1,1,511,Need Attention,Low Value
391900,738,2,12804.86,2,3,5,235,At Risk,Top Value
392118,254,2,622.6800000000001,5,3,1,531,Loyal,Low Value
392187,162,1,2491.0,5,1,3,513,Need Attention,Medium Value
392359,862,1,988.0,2,1,2,212,Lost,Low Value
392374,447,1,1460.98,3,1,2,312,Need Attention,Low Value
392376,473,3,8892.14,3,4,5,345,Loyal,Top Value
392676,417,4,2507.8,4,5,3,453,Loyal,Medium Value
393097,367,4,4039.21,4,5,3,453,Loyal,Medium Value
393616,460,1,471.80000000000007,3,1,1,311,Need Attention,Low Value
393641,107,1,2080.91,5,1,2,512,Need Attention,Medium Value
393739,579,2,943.3199999999999,3,3,2,332,Loyal,Low Value
394173,879,1,3499.2999999999997,1,1,3,113,Lost,Medium Value
394181,66,1,248.0,5,1,1,511,Need Attention,Low Value
394231,737,1,6.99,2,1,1,211,Lost,Low Value
394929,547,2,2661.94,3,3,3,333,Loyal,Medium Value
395197,810,3,1538.99,2,4,2,242,Lost,Low Value
395474,169,1,1919.8600000000001,5,1,2,512,Need Attention,Medium Value
395664,251,1,9.99,5,1,1,511,Need Attention,Low Value
395914,1172,1,457.26000000000005,1,1,1,111,Lost,Low Value
396388,481,3,12639.93,3,4,5,345,Loyal,Top Value
396894,281,1,2950.0,5,1,3,513,Need Attention,Medium Value
396944,379,8,30673.44,4,5,5,455,Champions,Top Value
396969,409,2,3049.5,4,3,3,433,Loyal,Medium Value
397223,850,2,2503.63,2,3,3,233,At Risk,Medium Value
397267,445,2,745.69,3,3,1,331,Loyal,Low Value
397285,298,3,2497.52,5,4,3,543,Loyal,Medium Value
397698,277,1,4626.69,5,1,4,514,Need Attention,Medium Value
397885,803,1,932.0,2,1,2,212,Lost,Low Value
397988,654,3,1977.5500000000002,2,4,2,242,Lost,Medium Value
398049,430,2,1836.59,4,3,2,432,Loyal,Medium Value
398056,608,3,7067.610000000001,2,4,4,244,At Risk,Top Value
398156,867,2,3238.66,2,3,3,233,At Risk,Medium Value
398523,1520,1,865.97,1,1,2,112,Lost,Low Value
398577,1803,1,70.13,1,1,1,111,Lost,Low Value
398671,619,2,4839.2699999999995,2,3,4,234,At Risk,Medium Value
398708,557,2,1670.6699999999998,3,3,2,332,Loyal,Low Value
398751,229,3,1473.77,5,4,2,542,Loyal,Low Value
398841,442,3,964.2,3,4,2,342,Loyal,Low Value
399053,127,3,6236.05,5,4,4,544,Champions,Top Value
399145,1005,1,1067.99,1,1,2,112,Lost,Low Value
399253,1583,1,1501.0,1,1,2,112,Lost,Low Value
399805,1553,1,2083.99,1,1,2,112,Lost,Medium Value
399877,373,1,193.0,4,1,1,411,Need Attention,Low Value
400009,505,4,7505.92,3,5,5,355,Loyal,Top Value
400031,974,2,2240.0,1,3,3,133,At Risk,Medium Value
400068,710,1,129.8,2,1,1,211,Lost,Low Value
400071,435,3,4097.35,3,4,4,344,Loyal,Medium Value
400379,849,1,699.93,2,1,1,211,Lost,Low Value
400656,890,1,6.89,1,1,1,111,Lost,Low Value
400848,452,4,4468.01,3,5,4,354,Loyal,Medium Value
400856,421,4,8694.33,4,5,5,455,Champions,Top Value
401123,1327,2,6560.96,1,3,4,134,At Risk,Top Value
401221,373,2,13541.33,4,3,5,435,Loyal,Top Value
401266,383,2,19033.57,4,3,5,435,Loyal,Top Value
401301,582,2,1850.72,3,3,2,332,Loyal,Medium Value
401785,51,2,9807.57,5,3,5,535,Loyal,Top Value
402065,619,2,4497.98,2,3,4,234,At Risk,Medium Value
402420,631,1,81.45,2,1,1,211,Lost,Low Value
402514,526,4,12048.310000000001,3,5,5,355,Loyal,Top Value
402727,267,1,712.98,5,1,1,511,Need Attention,Low Value
402983,620,2,7844.71,2,3,5,235,At Risk,Top Value
402995,1459,2,1798.32,1,3,2,132,Lost,Medium Value
403041,962,1,359.98,1,1,1,111,Lost,Low Value
403323,488,4,10431.86,3,5,5,355,Loyal,Top Value
403332,379,4,9267.93,4,5,5,455,Champions,Top Value
403534,480,1,436.73,3,1,1,311,Need Attention,Low Value
403860,34,3,2303.12,5,4,3,543,Loyal,Medium Value
403915,176,6,8654.21,5,5,5,555,Champions,Top Value
404002,244,3,3759.0,5,4,3,543,Loyal,Medium Value
404256,1139,1,398.0,1,1,1,111,Lost,Low Value
404359,428,3,9195.0,4,4,5,445,Champions,Top Value
404576,125,2,3985.5,5,3,3,533,Loyal,Medium Value
404819,409,3,2850.24,4,4,3,443,Loyal,Medium Value
404860,774,3,6775.92,2,4,4,244,At Risk,Top Value
405017,535,2,3012.19,3,3,3,333,Loyal,Medium Value
405195,190,2,6150.69,5,3,4,534,Loyal,Top Value
405253,639,1,1447.9,2,1,2,212,Lost,Low Value
405365,355,3,1731.76,4,4,2,442,Loyal,Medium Value
405689,1147,1,5090.97,1,1,4,114,Lost,Top Value
405745,1558,1,5644.0,1,1,4,114,Lost,Top Value
405905,369,3,8633.32,4,4,5,445,Champions,Top Value
406079,376,1,4561.72,4,1,4,414,Need Attention,Medium Value
406121,617,1,10760.96,2,1,5,215,Lost,Top Value
406124,744,1,1159.96,2,1,2,212,Lost,Low Value
406676,430,2,5356.0,4,3,4,434,Loyal,Top Value
406901,354,3,3374.86,4,4,3,443,Loyal,Medium Value
407047,123,2,5305.0,5,3,4,534,Loyal,Top Value
407150,556,1,1832.92,3,1,2,312,Need Attention,Medium Value
407295,1016,1,1505.0,1,1,2,112,Lost,Low Value
407478,570,3,5248.13,3,4,4,344,Loyal,Top Value
407928,409,2,3587.0,4,3,3,433,Loyal,Medium Value
408295,384,3,1368.97,4,4,2,442,Loyal,Low Value
408328,659,2,3999.97,2,3,3,233,At Risk,Medium Value
408433,725,1,2682.04,2,1,3,213,Lost,Medium Value
408515,589,1,1892.0,3,1,2,312,Need Attention,Medium Value
408519,470,2,1178.99,3,3,2,332,Loyal,Low Value
408757,85,3,7261.25,5,4,4,544,Champions,Top Value
409154,379,3,2101.77,4,4,2,442,Loyal,Medium Value
409173,724,2,32585.47,2,3,5,235,At Risk,Top Value
409577,398,2,1349.6699999999998,4,3,2,432,Loyal,Low Value
409719,1226,1,772.5,1,1,1,111,Lost,Low Value
409755,829,2,2529.04,2,3,3,233,At Risk,Medium Value
410032,572,2,2311.98,3,3,3,333,Loyal,Medium Value
410059,438,1,340.99,3,1,1,311,Need Attention,Low Value
410114,444,3,3264.71,3,4,3,343,Loyal,Medium Value
410205,421,1,291.89,4,1,1,411,Need Attention,Low Value
410463,351,1,577.0,4,1,1,411,Need Attention,Low Value
410506,1739,1,2679.0,1,1,3,113,Lost,Medium Value
410798,274,6,32639.2,5,5,5,555,Champions,Top Value
410819,668,2,6240.129999999999,2,3,4,234,At Risk,Top Value
410853,370,2,2528.48,4,3,3,433,Loyal,Medium Value
410879,561,1,14333.94,3,1,5,315,Need Attention,Top Value
410924,725,3,8858.83,2,4,5,245,At Risk,Top Value
411322,746,1,24.99,2,1,1,211,Lost,Low Value
411596,1560,2,4607.43,1,3,4,134,At Risk,Medium Value
411768,347,4,3998.96,4,5,3,453,Loyal,Medium Value
411864,859,3,5948.33,2,4,4,244,At Risk,Top Value
412039,1235,1,840.0,1,1,1,111,Lost,Low Value
412041,544,3,2591.59,3,4,3,343,Loyal,Medium Value
412760,786,3,6066.84,2,4,4,244,At Risk,Top Value
413117,479,2,3398.85,3,3,3,333,Loyal,Medium Value
413286,41,3,3182.72,5,4,3,543,Loyal,Medium Value
413347,394,4,6034.9,4,5,4,454,Champions,Top Value
413393,729,1,43.0,2,1,1,211,Lost,Low Value
413461,729,1,1412.99,2,1,2,212,Lost,Low Value
413607,474,1,400.0,3,1,1,311,Need Attention,Low Value
413655,43,1,2240.62,5,1,3,513,Need Attention,Medium Value
413703,421,2,2162.28,4,3,3,433,Loyal,Medium Value
414070,584,1,1818.0,3,1,2,312,Need Attention,Medium Value
414116,375,1,999.8,4,1,2,412,Need Attention,Low Value
414123,484,2,8305.9,3,3,5,335,Loyal,Top Value
414166,793,2,2503.9700000000003,2,3,3,233,At Risk,Medium Value
414238,43,3,4174.92,5,4,4,544,Champions,Medium Value
414750,1513,1,4149.49,1,1,4,114,Lost,Medium Value
415125,286,2,1608.94,5,3,2,532,Loyal,Low Value
415347,509,1,889.8,3,1,2,312,Need Attention,Low Value
415350,381,3,2208.93,4,4,3,443,Loyal,Medium Value
416182,650,1,359.98,2,1,1,211,Lost,Low Value
416331,1153,2,4238.99,1,3,4,134,At Risk,Medium Value
416365,11,1,160.0,5,1,1,511,Need Attention,Low Value
416421,423,3,3333.49,4,4,3,443,Loyal,Medium Value
416434,1247,1,2042.5,1,1,2,112,Lost,Medium Value
416458,906,1,274.87,1,1,1,111,Lost,Low Value
416518,848,1,385.95,2,1,1,211,Lost,Low Value
416834,624,1,399.8,2,1,1,211,Lost,Low Value
416872,36,4,13618.6,5,5,5,555,Champions,Top Value
417275,146,4,20644.36,5,5,5,555,Champions,Top Value
417360,871,2,1483.97,2,3,2,232,Lost,Low Value
417535,432,1,4093.9,4,1,4,414,Need Attention,Medium Value
417551,489,3,10459.77,3,4,5,345,Loyal,Top Value
417710,375,1,350.68,4,1,1,411,Need Attention,Low Value
417789,494,1,51.96,3,1,1,311,Need Attention,Low Value
417932,366,2,4049.6800000000003,4,3,3,433,Loyal,Medium Value
417969,820,2,2991.74,2,3,3,233,At Risk,Medium Value
418091,74,6,20558.68,5,5,5,555,Champions,Top Value
418500,505,2,1871.94,3,3,2,332,Loyal,Medium Value
418621,654,3,4033.75,2,4,3,243,At Risk,Medium Value
418646,796,2,2952.7599999999998,2,3,3,233,At Risk,Medium Value
418651,367,2,7431.38,4,3,4,434,Loyal,Top Value
418689,402,3,9764.78,4,4,5,445,Champions,Top Value
418893,166,5,13039.15,5,5,5,555,Champions,Top Value
418899,435,3,2041.6000000000001,3,4,2,342,Loyal,Medium Value
419225,750,2,3698.64,2,3,3,233,At Risk,Medium Value
419536,634,3,1593.92,2,4,2,242,Lost,Low Value
420053,603,3,1790.3300000000002,3,4,2,342,Loyal,Medium Value
420128,638,1,1362.22,2,1,2,212,Lost,Low Value
420184,353,1,180.97,4,1,1,411,Need Attention,Low Value
420196,404,2,1146.0,4,3,2,432,Loyal,Low Value
420523,922,1,2705.94,1,1,3,113,Lost,Medium Value
420688,239,1,537.0,5,1,1,511,Need Attention,Low Value
420770,442,2,2839.85,3,3,3,333,Loyal,Medium Value
420977,1147,2,9267.92,1,3,5,135,At Risk,Top Value
420996,746,1,474.98,2,1,1,211,Lost,Low Value
421034,592,1,7340.0,3,1,4,314,Need Attention,Top Value
421225,989,1,1280.97,1,1,2,112,Lost,Low Value
421385,413,1,915.89,4,1,2,412,Need Attention,Low Value
421945,726,2,1183.96,2,3,2,232,Lost,Low Value
422132,870,3,3176.76,2,4,3,243,At Risk,Medium Value
422208,442,1,873.44,3,1,2,312,Need Attention,Low Value
422321,627,2,670.99,2,3,1,231,Lost,Low Value
422548,383,1,4936.26,4,1,4,414,Need Attention,Medium Value
422579,607,3,5692.84,2,4,4,244,At Risk,Top Value
422854,519,2,2896.56,3,3,3,333,Loyal,Medium Value
422937,422,1,3079.38,4,1,3,413,Need Attention,Medium Value
422965,760,2,3175.1099999999997,2,3,3,233,At Risk,Medium Value
423002,208,2,946.0,5,3,2,532,Loyal,Low Value
423549,407,1,659.0,4,1,1,411,Need Attention,Low Value
423693,1731,1,1267.0,1,1,2,112,Lost,Low Value
423757,834,1,297.0,2,1,1,211,Lost,Low Value
423898,353,4,2009.84,4,5,2,452,Loyal,Medium Value
424011,423,3,1053.56,4,4,2,442,Loyal,Low Value
424077,428,2,478.96999999999997,4,3,1,431,Loyal,Low Value
424079,353,4,4575.39,4,5,4,454,Champions,Medium Value
424110,571,3,2316.9,3,4,3,343,Loyal,Medium Value
424156,1223,1,1079.92,1,1,2,112,Lost,Low Value
424340,363,2,5574.79,4,3,4,434,Loyal,Top Value
424546,962,3,9425.58,1,4,5,145,At Risk,Top Value
424556,596,1,295.73,3,1,1,311,Need Attention,Low Value
424711,590,4,5600.61,3,5,4,354,Loyal,Top Value
425179,266,4,7720.7,5,5,5,555,Champions,Top Value
425389,409,2,796.98,4,3,1,431,Loyal,Low Value
425775,353,1,3968.2999999999997,4,1,3,413,Need Attention,Medium Value
425996,446,1,1159.9,3,1,2,312,Need Attention,Low Value
426057,347,1,1299.0,4,1,2,412,Need Attention,Low Value
426309,480,1,5027.29,3,1,4,314,Need Attention,Top Value
426724,425,2,4779.5599999999995,4,3,4,434,Loyal,Medium Value
427098,365,3,3824.75,4,4,3,443,Loyal,Medium Value
427302,402,3,2952.67,4,4,3,443,Loyal,Medium Value
427753,538,1,2259.85,3,1,3,313,Need Attention,Medium Value
427804,344,2,3562.2,5,3,3,533,Loyal,Medium Value
427858,43,3,5189.469999999999,5,4,4,544,Champions,Top Value
427971,464,1,2111.92,3,1,2,312,Need Attention,Medium Value
428186,438,3,2327.94,3,4,3,343,Loyal,Medium Value
428496,59,2,362.9,5,3,1,531,Loyal,Low Value
428561,414,1,1107.0,4,1,2,412,Need Attention,Low Value
428640,204,2,664.2199999999999,5,3,1,531,Loyal,Low Value
428750,1479,1,899.97,1,1,2,112,Lost,Low Value
429294,1748,1,403.98,1,1,1,111,Lost,Low Value
429563,409,2,17427.91,4,3,5,435,Loyal,Top Value
429663,433,4,14849.27,4,5,5,455,Champions,Top Value
429686,58,1,1787.99,5,1,2,512,Need Attention,Medium Value
430140,1383,1,329.96999999999997,1,1,1,111,Lost,Low Value
430185,371,1,691.95,4,1,1,411,Need Attention,Low Value
430583,1133,1,683.8,1,1,1,111,Lost,Low Value
430762,423,2,1371.68,4,3,2,432,Loyal,Low Value
430949,461,2,9101.460000000001,3,3,5,335,Loyal,Top Value
431088,450,5,9788.86,3,5,5,355,Loyal,Top Value
431145,624,1,1866.93,2,1,2,212,Lost,Medium Value
431254,785,1,7368.8,2,1,4,214,Lost,Top Value
431309,1023,2,6487.860000000001,1,3,4,134,At Risk,Top Value
431461,1079,3,34343.88,1,4,5,145,At Risk,Top Value
431618,430,1,807.34,4,1,1,411,Need Attention,Low Value
431659,800,1,805.6999999999999,2,1,1,211,Lost,Low Value
431735,81,1,632.99,5,1,1,511,Need Attention,Low Value
431835,268,2,3098.3,5,3,3,533,Loyal,Medium Value
431867,428,3,10384.67,4,4,5,445,Champions,Top Value
432061,1100,1,949.9,1,1,2,112,Lost,Low Value
432063,359,4,3993.94,4,5,3,453,Loyal,Medium Value
432211,596,3,6493.660000000001,3,4,4,344,Loyal,Top Value
432440,503,4,10992.43,3,5,5,355,Loyal,Top Value
432743,563,1,10729.97,3,1,5,315,Need Attention,Top Value
432780,285,2,2762.42,5,3,3,533,Loyal,Medium Value
432814,472,4,11927.57,3,5,5,355,Loyal,Top Value
432928,953,1,26.179999999999996,1,1,1,111,Lost,Low Value
432958,996,2,2690.52,1,3,3,133,At Risk,Medium Value
433162,552,1,80.95,3,1,1,311,Need Attention,Low Value
433399,731,1,1539.6499999999999,2,1,2,212,Lost,Low Value
433418,422,2,2171.95,4,3,3,433,Loyal,Medium Value
433554,178,3,13515.779999999999,5,4,5,545,Champions,Top Value
433811,453,4,20496.2,3,5,5,355,Loyal,Top Value
434150,783,1,4464.87,2,1,4,214,Lost,Medium Value
434435,627,2,1191.72,2,3,2,232,Lost,Low Value
434588,835,2,24525.0,2,3,5,235,At Risk,Top Value
435029,376,2,1477.93,4,3,2,432,Loyal,Low Value
435105,757,1,4955.58,2,1,4,214,Lost,Medium Value
435228,979,2,5979.280000000001,1,3,4,134,At Risk,Top Value
435530,1374,1,1677.9,1,1,2,112,Lost,Low Value
435599,986,2,4956.0,1,3,4,134,At Risk,Medium Value
435655,662,3,5960.7,2,4,4,244,At Risk,Top Value
435697,654,2,4033.86,2,3,3,233,At Risk,Medium Value
435755,820,3,2053.87,2,4,2,242,Lost,Medium Value
436081,395,4,12988.58,4,5,5,455,Champions,Top Value
436747,582,2,1149.94,3,3,2,332,Loyal,Low Value
436818,379,2,2953.3,4,3,3,433,Loyal,Medium Value
436917,531,1,2792.0,3,1,3,313,Need Attention,Medium Value
437165,1145,1,2649.5,1,1,3,113,Lost,Medium Value
437318,1022,1,870.97,1,1,2,112,Lost,Low Value
437389,365,5,17742.64,4,5,5,455,Champions,Top Value
437422,428,2,1502.0,4,3,2,432,Loyal,Low Value
437439,57,2,11738.0,5,3,5,535,Loyal,Top Value
437476,452,2,1948.99,3,3,2,332,Loyal,Medium Value
437497,810,1,855.87,2,1,2,212,Lost,Low Value
438322,1359,1,90.0,1,1,1,111,Lost,Low Value
438362,516,2,10361.97,3,3,5,335,Loyal,Top Value
438398,666,2,5901.28,2,3,4,234,At Risk,Top Value
438560,423,4,11968.96,4,5,5,455,Champions,Top Value
438601,950,2,2196.69,1,3,3,133,At Risk,Medium Value
439416,428,2,7441.9,4,3,4,434,Loyal,Top Value
439509,463,2,622.22,3,3,1,331,Loyal,Low Value
439650,41,3,8741.49,5,4,5,545,Champions,Top Value
439738,507,1,896.98,3,1,2,312,Need Attention,Low Value
439771,447,4,1664.1,3,5,2,352,Loyal,Low Value
439962,361,1,2698.9300000000003,4,1,3,413,Need Attention,Medium Value
439991,24,3,3383.3,5,4,3,543,Loyal,Medium Value
440119,395,5,3263.08,4,5,3,453,Loyal,Medium Value
440291,256,2,8839.65,5,3,5,535,Loyal,Top Value
440410,488,1,369.0,3,1,1,311,Need Attention,Low Value
440522,431,2,3431.9,4,3,3,433,Loyal,Medium Value
440537,1002,1,347.45,1,1,1,111,Lost,Low Value
440641,1165,1,8979.78,1,1,5,115,Lost,Top Value
440913,359,2,1007.8499999999999,4,3,2,432,Loyal,Low Value
440923,433,2,2869.2799999999997,4,3,3,433,Loyal,Medium Value
441038,185,2,1447.61,5,3,2,532,Loyal,Low Value
441051,65,3,4433.75,5,4,4,544,Champions,Medium Value
441477,185,1,969.0,5,1,2,512,Need Attention,Low Value
442109,1310,1,2463.0,1,1,3,113,Lost,Medium Value
442699,458,3,3472.91,3,4,3,343,Loyal,Medium Value
443143,435,3,6754.5,3,4,4,344,Loyal,Top Value
443446,778,2,3486.92,2,3,3,233,At Risk,Medium Value
443529,652,1,445.88,2,1,1,211,Lost,Low Value
443651,53,2,626.2,5,3,1,531,Loyal,Low Value
443701,81,4,2906.88,5,5,3,553,Loyal,Medium Value
443720,741,2,481.94,2,3,1,231,Lost,Low Value
443855,277,1,1675.4,5,1,2,512,Need Attention,Low Value
443858,1174,3,5794.79,1,4,4,144,At Risk,Top Value
443859,1081,1,367.37,1,1,1,111,Lost,Low Value
443881,741,1,906.42,2,1,2,212,Lost,Low Value
443916,535,1,1037.0,3,1,2,312,Need Attention,Low Value
444034,735,1,3012.98,2,1,3,213,Lost,Medium Value
444160,1853,1,195.81,1,1,1,111,Lost,Low Value
444181,263,1,1173.89,5,1,2,512,Need Attention,Low Value
444252,659,2,2014.75,2,3,2,232,Lost,Medium Value
444343,580,3,4121.5599999999995,3,4,4,344,Loyal,Medium Value
444654,252,3,4480.71,5,4,4,544,Champions,Medium Value
444667,766,1,26.97,2,1,1,211,Lost,Low Value
444707,375,1,3982.25,4,1,3,413,Need Attention,Medium Value
444719,436,4,7479.52,3,5,4,354,Loyal,Top Value
444807,859,4,20349.93,2,5,5,255,At Risk,Top Value
445123,746,3,4481.7,2,4,4,244,At Risk,Medium Value
445174,467,1,2476.39,3,1,3,313,Need Attention,Medium Value
445298,1723,1,6376.91,1,1,4,114,Lost,Top Value
445423,790,1,43.0,2,1,1,211,Lost,Low Value
445503,486,3,4225.46,3,4,4,344,Loyal,Medium Value
445719,1450,1,758.0,1,1,1,111,Lost,Low Value
445826,781,2,4507.0,2,3,4,234,At Risk,Medium Value
445890,855,1,1509.98,2,1,2,212,Lost,Low Value
445898,460,2,5285.98,3,3,4,334,Loyal,Top Value
445975,239,1,2181.93,5,1,3,513,Need Attention,Medium Value
445998,402,2,6940.299999999999,4,3,4,434,Loyal,Top Value
446182,778,1,377.98,2,1,1,211,Lost,Low Value
446358,60,1,1658.0,5,1,2,512,Need Attention,Low Value
446468,144,1,359.98,5,1,1,511,Need Attention,Low Value
446470,528,2,12872.14,3,3,5,335,Loyal,Top Value
446515,201,4,402.63,5,5,1,551,Loyal,Low Value
446584,810,2,5623.96,2,3,4,234,At Risk,Top Value
446735,3,6,7440.14,5,5,4,554,Champions,Top Value
446752,432,1,4355.549999999999,4,1,4,414,Need Attention,Medium Value
446883,419,2,12943.77,4,3,5,435,Loyal,Top Value
447603,766,1,264.0,2,1,1,211,Lost,Low Value
447988,370,2,6503.12,4,3,4,434,Loyal,Top Value
448183,982,1,870.0,1,1,2,112,Lost,Low Value
448232,498,4,12808.42,3,5,5,355,Loyal,Top Value
448802,733,3,16366.439999999999,2,4,5,245,At Risk,Top Value
449333,216,2,10635.27,5,3,5,535,Loyal,Top Value
449456,139,3,7324.0,5,4,4,544,Champions,Top Value
449672,384,3,4144.43,4,4,4,444,Champions,Medium Value
449696,347,1,5837.36,4,1,4,414,Need Attention,Top Value
450041,429,2,2144.67,4,3,2,432,Loyal,Medium Value
450469,1009,1,26.64,1,1,1,111,Lost,Low Value
450600,443,4,5653.32,3,5,4,354,Loyal,Top Value
451162,432,2,3550.46,4,3,3,433,Loyal,Medium Value
451222,351,3,3750.41,4,4,3,443,Loyal,Medium Value
451257,1513,1,1543.0,1,1,2,112,Lost,Low Value
451559,1651,1,11574.25,1,1,5,115,Lost,Top Value
451706,891,1,2680.91,1,1,3,113,Lost,Medium Value
451755,799,2,5283.64,2,3,4,234,At Risk,Top Value
451777,415,1,5816.21,4,1,4,414,Need Attention,Top Value
452209,463,4,10211.91,3,5,5,355,Loyal,Top Value
452441,514,3,2131.84,3,4,2,342,Loyal,Medium Value
452766,391,2,640.1100000000001,4,3,1,431,Loyal,Low Value
452881,376,4,8392.73,4,5,5,455,Champions,Top Value
452923,1850,1,22.740000000000002,1,1,1,111,Lost,Low Value
452924,892,1,8898.47,1,1,5,115,Lost,Top Value
453171,1146,1,986.0,1,1,2,112,Lost,Low Value
453255,347,3,4511.48,4,4,4,444,Champions,Medium Value
453380,373,2,11646.77,4,3,5,435,Loyal,Top Value
453522,921,1,1013.98,1,1,2,112,Lost,Low Value
453602,442,1,1881.0,3,1,2,312,Need Attention,Medium Value
453872,613,2,14979.95,2,3,5,235,At Risk,Top Value
453993,500,3,499.99,3,4,1,341,Loyal,Low Value
454115,789,1,544.0,2,1,1,211,Lost,Low Value
454125,428,1,1145.0,4,1,2,412,Need Attention,Low Value
454192,824,4,4538.32,2,5,4,254,At Risk,Medium Value
454548,188,3,2525.9,5,4,3,543,Loyal,Medium Value
454774,380,6,14814.67,4,5,5,455,Champions,Top Value
454833,500,1,629.0,3,1,1,311,Need Attention,Low Value
454932,367,5,9900.8,4,5,5,455,Champions,Top Value
455244,1250,1,173.64000000000001,1,1,1,111,Lost,Low Value
455761,834,1,20.64,2,1,1,211,Lost,Low Value
456029,448,2,1136.0,3,3,2,332,Loyal,Low Value
456306,92,5,16303.29,5,5,5,555,Champions,Top Value
456691,656,2,1412.94,2,3,2,232,Lost,Low Value
456932,651,1,880.0,2,1,2,212,Lost,Low Value
456958,485,2,3139.99,3,3,3,333,Loyal,Medium Value
457019,813,1,627.95,2,1,1,211,Lost,Low Value
457248,633,1,1270.0,2,1,2,212,Lost,Low Value
457830,985,1,877.8,1,1,2,112,Lost,Low Value
457860,808,2,1278.94,2,3,2,232,Lost,Low Value
458021,221,3,16412.92,5,4,5,545,Champions,Top Value
458042,409,1,1751.4499999999998,4,1,2,412,Need Attention,Medium Value
458104,1494,1,1295.0,1,1,2,112,Lost,Low Value
458315,900,2,785.25,1,3,1,131,Lost,Low Value
458548,63,5,17483.83,5,5,5,555,Champions,Top Value
458601,785,3,1848.96,2,4,2,242,Lost,Medium Value
458731,365,5,9366.89,4,5,5,455,Champions,Top Value
459096,620,2,1318.98,2,3,2,232,Lost,Low Value
459273,295,4,3781.99,5,5,3,553,Loyal,Medium Value
459343,720,1,969.79,2,1,2,212,Lost,Low Value
459499,1655,1,659.3000000000001,1,1,1,111,Lost,Low Value
459544,794,1,6914.37,2,1,4,214,Lost,Top Value
459567,1202,1,296.0,1,1,1,111,Lost,Low Value
459637,103,1,1495.0,5,1,2,512,Need Attention,Low Value
459811,983,1,4551.9400000000005,1,1,4,114,Lost,Medium Value
459891,479,2,3059.94,3,3,3,333,Loyal,Medium Value
459919,776,1,1825.8,2,1,2,212,Lost,Medium Value
459996,1373,1,438.0,1,1,1,111,Lost,Low Value
460245,1,4,1804.24,5,5,2,552,Loyal,Medium Value
460587,1871,1,1796.3999999999999,1,1,2,112,Lost,Medium Value
460687,827,3,7969.860000000001,2,4,5,245,At Risk,Top Value
460999,601,2,2788.65,3,3,3,333,Loyal,Medium Value
461163,654,2,1649.7199999999998,2,3,2,232,Lost,Low Value
461221,880,1,690.0,1,1,1,111,Lost,Low Value
461700,851,2,4948.32,2,3,4,234,At Risk,Medium Value
461824,458,2,3969.0,3,3,3,333,Loyal,Medium Value
461853,643,2,2265.18,2,3,3,233,At Risk,Medium Value
461982,102,8,21502.52,5,5,5,555,Champions,Top Value
462142,802,1,841.97,2,1,1,211,Lost,Low Value
462438,391,4,4025.55,4,5,3,453,Loyal,Medium Value
463039,1172,1,1273.49,1,1,2,112,Lost,Low Value
463114,431,4,7556.84,4,5,5,455,Champions,Top Value
463190,240,1,219.9,5,1,1,511,Need Attention,Low Value
463334,281,2,5410.8,5,3,4,534,Loyal,Top Value
463529,351,2,2505.24,4,3,3,433,Loyal,Medium Value
463657,143,2,2085.54,5,3,2,532,Loyal,Medium Value
463947,1825,1,287.88,1,1,1,111,Lost,Low Value
464491,1138,1,510.0,1,1,1,111,Lost,Low Value
464989,470,1,62.89,3,1,1,311,Need Attention,Low Value
465245,1513,1,1179.9,1,1,2,112,Lost,Low Value
465435,841,1,3451.25,2,1,3,213,Lost,Medium Value
465854,470,3,5051.73,3,4,4,344,Loyal,Top Value
466143,585,2,8158.49,3,3,5,335,Loyal,Top Value
466299,151,1,2068.93,5,1,2,512,Need Attention,Medium Value
466300,411,2,6436.76,4,3,4,434,Loyal,Top Value
466301,1137,1,5092.0,1,1,4,114,Lost,Top Value
466309,655,1,2938.0,2,1,3,213,Lost,Medium Value
466333,584,2,4823.9,3,3,4,334,Loyal,Medium Value
466363,454,2,6734.7,3,3,4,334,Loyal,Top Value
466634,615,2,3723.2999999999997,2,3,3,233,At Risk,Medium Value
466813,533,2,7913.83,3,3,5,335,Loyal,Top Value
466912,500,2,4674.46,3,3,4,334,Loyal,Medium Value
467049,492,2,6875.93,3,3,4,334,Loyal,Top Value
467069,412,2,2138.33,4,3,2,432,Loyal,Medium Value
467182,134,4,6124.24,5,5,4,554,Champions,Top Value
467252,458,1,3509.45,3,1,3,313,Need Attention,Medium Value
467699,227,1,2831.9300000000003,5,1,3,513,Need Attention,Medium Value
467742,1297,3,2992.8599999999997,1,4,3,143,At Risk,Medium Value
467801,842,1,1608.16,2,1,2,212,Lost,Low Value
467886,809,2,3902.58,2,3,3,233,At Risk,Medium Value
468046,1007,1,1394.0,1,1,2,112,Lost,Low Value
468124,785,1,2995.0,2,1,3,213,Lost,Medium Value
468359,376,2,3324.94,4,3,3,433,Loyal,Medium Value
468466,659,1,715.97,2,1,1,211,Lost,Low Value
468899,393,1,3388.7,4,1,3,413,Need Attention,Medium Value
468948,636,3,2247.4300000000003,2,4,3,243,At Risk,Medium Value
469225,601,4,2154.39,3,5,2,352,Loyal,Medium Value
469440,641,4,6832.82,2,5,4,254,At Risk,Top Value
469741,582,5,10976.55,3,5,5,355,Loyal,Top Value
469786,466,3,562.49,3,4,1,341,Loyal,Low Value
469815,402,1,34.95,4,1,1,411,Need Attention,Low Value
470064,608,1,2479.59,2,1,3,213,Lost,Medium Value
470376,428,2,1033.0700000000002,4,3,2,432,Loyal,Low Value
470428,370,1,119.0,4,1,1,411,Need Attention,Low Value
470470,94,4,6015.650000000001,5,5,4,554,Champions,Top Value
470757,612,1,888.0,2,1,2,212,Lost,Low Value
470965,366,3,8914.17,4,4,5,445,Champions,Top Value
471223,632,3,10879.14,2,4,5,245,At Risk,Top Value
471236,1600,1,1335.0,1,1,2,112,Lost,Low Value
471557,722,1,699.93,2,1,1,211,Lost,Low Value
471635,1626,1,1847.92,1,1,2,112,Lost,Medium Value
471681,579,3,8896.5,3,4,5,345,Loyal,Top Value
471768,613,2,3630.9300000000003,2,3,3,233,At Risk,Medium Value
472362,568,4,9439.75,3,5,5,355,Loyal,Top Value
472719,1254,1,257.5,1,1,1,111,Lost,Low Value
472797,408,2,4295.860000000001,4,3,4,434,Loyal,Medium Value
473267,492,1,309.95,3,1,1,311,Need Attention,Low Value
473349,1033,1,121.64999999999999,1,1,1,111,Lost,Low Value
473476,764,1,4899.63,2,1,4,214,Lost,Medium Value
473645,242,2,1945.6399999999999,5,3,2,532,Loyal,Medium Value
473689,256,2,15918.49,5,3,5,535,Loyal,Top Value
473791,586,1,3153.0,3,1,3,313,Need Attention,Medium Value
473913,598,1,34.98,3,1,1,311,Need Attention,Low Value
474309,479,3,20450.780000000002,3,4,5,345,Loyal,Top Value
474678,365,1,2343.48,4,1,3,413,Need Attention,Medium Value
474789,223,2,5088.9,5,3,4,534,Loyal,Top Value
475009,1537,1,2783.6,1,1,3,113,Lost,Medium Value
475071,1811,1,843.72,1,1,1,111,Lost,Low Value
475105,645,2,15906.9,2,3,5,235,At Risk,Top Value
475180,887,1,1034.76,1,1,2,112,Lost,Low Value
475485,354,4,8239.39,4,5,5,455,Champions,Top Value
475534,654,2,2244.7799999999997,2,3,3,233,At Risk,Medium Value
475574,605,1,3148.0,3,1,3,313,Need Attention,Medium Value
475710,365,2,562.52,4,3,1,431,Loyal,Low Value
475779,510,1,156.0,3,1,1,311,Need Attention,Low Value
475786,1660,1,131.84,1,1,1,111,Lost,Low Value
476114,360,1,2899.9,4,1,3,413,Need Attention,Medium Value
476275,66,2,22352.79,5,3,5,535,Loyal,Top Value
476418,795,1,319.98,2,1,1,211,Lost,Low Value
476425,797,1,804.0,2,1,1,211,Lost,Low Value
476441,494,2,2828.49,3,3,3,333,Loyal,Medium Value
477258,276,2,2878.33,5,3,3,533,Loyal,Medium Value
477328,260,3,5260.38,5,4,4,544,Champions,Top Value
477389,886,2,2125.83,1,3,2,132,Lost,Medium Value
477437,888,1,2569.09,1,1,3,113,Lost,Medium Value
477948,776,1,676.0,2,1,1,211,Lost,Low Value
478136,219,1,1535.8700000000001,5,1,2,512,Need Attention,Low Value
478298,157,8,22340.07,5,5,5,555,Champions,Top Value
478492,920,3,5753.33,1,4,4,144,At Risk,Top Value
478554,857,1,3154.62,2,1,3,213,Lost,Medium Value
478557,781,4,916.2,2,5,2,252,Lost,Low Value
478628,610,1,163.14,2,1,1,211,Lost,Low Value
478863,430,4,7661.33,4,5,5,455,Champions,Top Value
478977,590,4,24962.43,3,5,5,355,Loyal,Top Value
479309,364,1,64.0,4,1,1,411,Need Attention,Low Value
479447,360,2,18117.9,4,3,5,435,Loyal,Top Value
479605,1226,1,637.96,1,1,1,111,Lost,Low Value
479678,722,2,22113.67,2,3,5,235,At Risk,Top Value
480132,526,2,3069.9300000000003,3,3,3,333,Loyal,Medium Value
480202,502,3,4044.96,3,4,3,343,Loyal,Medium Value
480220,176,4,8735.3,5,5,5,555,Champions,Top Value
480505,459,3,1192.0,3,4,2,342,Loyal,Low Value
480516,801,2,3578.09,2,3,3,233,At Risk,Medium Value
480550,113,3,7605.62,5,4,5,545,Champions,Top Value
480659,421,1,2469.46,4,1,3,413,Need Attention,Medium Value
480894,549,2,1613.8700000000001,3,3,2,332,Loyal,Low Value
481077,429,3,3128.51,4,4,3,443,Loyal,Medium Value
481104,1460,1,1178.0,1,1,2,112,Lost,Low Value
481327,1139,1,651.8899999999999,1,1,1,111,Lost,Low Value
481506,755,2,1088.55,2,3,2,232,Lost,Low Value
482108,1520,1,20615.59,1,1,5,115,Lost,Top Value
482180,1496,1,232.0,1,1,1,111,Lost,Low Value
482221,397,5,14513.16,4,5,5,455,Champions,Top Value
482346,360,1,512.0,4,1,1,411,Need Attention,Low Value
482970,415,2,867.6700000000001,4,3,2,432,Loyal,Low Value
483118,368,4,17863.29,4,5,5,455,Champions,Top Value
483702,394,2,151.1,4,3,1,431,Loyal,Low Value
484181,186,3,926.9200000000001,5,4,2,542,Loyal,Low Value
484299,1387,1,10599.769999999999,1,1,5,115,Lost,Top Value
484430,950,3,3244.02,1,4,3,143,At Risk,Medium Value
484432,380,2,7351.32,4,3,4,434,Loyal,Top Value
484719,778,1,4068.0,2,1,3,213,Lost,Medium Value
484984,464,2,2676.79,3,3,3,333,Loyal,Medium Value
485209,37,2,10394.470000000001,5,3,5,535,Loyal,Top Value
485285,790,2,6168.89,2,3,4,234,At Risk,Top Value
485784,715,1,2308.95,2,1,3,213,Lost,Medium Value
485835,103,1,4716.83,5,1,4,514,Need Attention,Medium Value
485922,527,4,6072.17,3,5,4,354,Loyal,Top Value
486020,345,3,8100.710000000001,4,4,5,445,Champions,Top Value
486512,667,3,12653.880000000001,2,4,5,245,At Risk,Top Value
486542,421,5,6796.82,4,5,4,454,Champions,Top Value
486573,424,1,2798.98,4,1,3,413,Need Attention,Medium Value
486934,439,3,10501.779999999999,3,4,5,345,Loyal,Top Value
487107,781,2,3123.48,2,3,3,233,At Risk,Medium Value
487419,435,1,262.88,3,1,1,311,Need Attention,Low Value
487568,1583,1,198.9,1,1,1,111,Lost,Low Value
488029,514,3,2726.52,3,4,3,343,Loyal,Medium Value
488057,591,2,1735.3899999999999,3,3,2,332,Loyal,Medium Value
488381,892,1,2476.0,1,1,3,113,Lost,Medium Value
488989,435,1,559.98,3,1,1,311,Need Attention,Low Value
489146,619,2,6879.93,2,3,4,234,At Risk,Top Value
489501,599,5,7390.74,3,5,4,354,Loyal,Top Value
489742,51,2,5137.0,5,3,4,534,Loyal,Top Value
489744,251,4,2063.89,5,5,2,552,Loyal,Medium Value
489830,589,1,1413.9,3,1,2,312,Need Attention,Low Value
490481,1144,2,13069.16,1,3,5,135,At Risk,Top Value
490731,877,3,2108.2,2,4,2,242,Lost,Medium Value
490850,789,2,9128.9,2,3,5,235,At Risk,Top Value
490933,424,1,2441.9700000000003,4,1,3,413,Need Attention,Medium Value
491084,732,2,511.0,2,3,1,231,Lost,Low Value
491106,470,2,6092.78,3,3,4,334,Loyal,Top Value
491167,67,2,3537.67,5,3,3,533,Loyal,Medium Value
491289,659,1,393.5,2,1,1,211,Lost,Low Value
491488,220,3,7696.33,5,4,5,545,Champions,Top Value
491529,622,2,1641.92,2,3,2,232,Lost,Low Value
491918,258,1,1565.5,5,1,2,512,Need Attention,Low Value
492040,746,2,3374.16,2,3,3,233,At Risk,Medium Value
492147,624,2,2908.86,2,3,3,233,At Risk,Medium Value
492206,165,3,1399.2,5,4,2,542,Loyal,Low Value
492768,1306,1,3769.25,1,1,3,113,Lost,Medium Value
492898,361,4,1027.55,4,5,2,452,Loyal,Low Value
493090,153,2,438.89,5,3,1,531,Loyal,Low Value
493252,408,3,7943.65,4,4,5,445,Champions,Top Value
493374,60,4,18000.269999999997,5,5,5,555,Champions,Top Value
493378,369,5,6571.54,4,5,4,454,Champions,Top Value
493610,419,2,3764.82,4,3,3,433,Loyal,Medium Value
494009,296,2,777.9300000000001,5,3,1,531,Loyal,Low Value
494032,1209,1,644.99,1,1,1,111,Lost,Low Value
494192,356,3,13698.88,4,4,5,445,Champions,Top Value
494291,451,3,15260.14,3,4,5,345,Loyal,Top Value
494417,522,1,5965.89,3,1,4,314,Need Attention,Top Value
494464,806,2,6383.96,2,3,4,234,At Risk,Top Value
494472,368,2,4363.32,4,3,4,434,Loyal,Medium Value
494519,774,2,193.81,2,3,1,231,Lost,Low Value
494890,997,1,4551.280000000001,1,1,4,114,Lost,Medium Value
495181,381,4,15926.39,4,5,5,455,Champions,Top Value
495703,409,2,3219.13,4,3,3,433,Loyal,Medium Value
495894,1313,3,5103.8,1,4,4,144,At Risk,Top Value
496016,865,1,5271.0,2,1,4,214,Lost,Top Value
496095,293,4,15285.730000000001,5,5,5,555,Champions,Top Value
496351,526,1,1240.55,3,1,2,312,Need Attention,Low Value
496836,449,1,592.0,3,1,1,311,Need Attention,Low Value
496867,269,4,7393.43,5,5,4,554,Champions,Top Value
497316,493,3,1931.94,3,4,2,342,Loyal,Medium Value
497370,450,3,6298.639999999999,3,4,4,344,Loyal,Top Value
497679,400,3,4126.25,4,4,4,444,Champions,Medium Value
497789,600,2,29469.63,3,3,5,335,Loyal,Top Value
497839,190,6,18991.66,5,5,5,555,Champions,Top Value
497899,1244,1,302.0,1,1,1,111,Lost,Low Value
498323,388,2,1349.5,4,3,2,432,Loyal,Low Value
498401,458,3,1591.77,3,4,2,342,Loyal,Low Value
498432,417,1,3219.99,4,1,3,413,Need Attention,Medium Value
498582,559,2,1455.22,3,3,2,332,Loyal,Low Value
499126,514,1,714.87,3,1,1,311,Need Attention,Low Value
499646,233,4,10183.98,5,5,5,555,Champions,Top Value
500029,429,2,3649.2499999999995,4,3,3,433,Loyal,Medium Value
500144,177,1,608.7,5,1,1,511,Need Attention,Low Value
500164,418,1,1857.0,4,1,2,412,Need Attention,Medium Value
500257,362,1,897.0,4,1,2,412,Need Attention,Low Value
500289,248,1,226.4,5,1,1,511,Need Attention,Low Value
500332,796,5,15334.4,2,5,5,255,At Risk,Top Value
500639,1168,1,71.98,1,1,1,111,Lost,Low Value
500746,232,3,5343.6,5,4,4,544,Champions,Top Value
501029,484,4,9521.97,3,5,5,355,Loyal,Top Value
501047,750,2,5303.08,2,3,4,234,At Risk,Top Value
501361,8,4,12141.369999999999,5,5,5,555,Champions,Top Value
501427,863,1,1097.98,2,1,2,212,Lost,Low Value
501476,300,5,11069.89,5,5,5,555,Champions,Top Value
501602,911,1,893.9,1,1,2,112,Lost,Low Value
501700,410,1,1290.6000000000001,4,1,2,412,Need Attention,Low Value
501902,470,2,3431.13,3,3,3,333,Loyal,Medium Value
501912,470,3,1135.96,3,4,2,342,Loyal,Low Value
502406,18,4,5350.26,5,5,4,554,Champions,Top Value
502452,500,2,5090.97,3,3,4,334,Loyal,Top Value
502517,632,3,2376.93,2,4,3,243,At Risk,Medium Value
502758,550,2,8399.14,3,3,5,335,Loyal,Top Value
502900,664,1,155.98,2,1,1,211,Lost,Low Value
503444,841,3,3760.22,2,4,3,243,At Risk,Medium Value
503496,374,1,591.93,4,1,1,411,Need Attention,Low Value
503508,929,2,11981.1,1,3,5,135,At Risk,Top Value
503562,387,3,5339.4400000000005,4,4,4,444,Champions,Top Value
503667,214,1,80.44,5,1,1,511,Need Attention,Low Value
503734,1102,1,6065.99,1,1,4,114,Lost,Top Value
503788,774,4,2963.81,2,5,3,253,At Risk,Medium Value
503789,387,1,289.40000000000003,4,1,1,411,Need Attention,Low Value
503817,414,1,484.98,4,1,1,411,Need Attention,Low Value
504047,823,1,44.97,2,1,1,211,Lost,Low Value
504278,395,1,142.32,4,1,1,411,Need Attention,Low Value
504386,636,2,3996.5599999999995,2,3,3,233,At Risk,Medium Value
504517,276,4,3202.23,5,5,3,553,Loyal,Medium Value
504828,279,4,5204.89,5,5,4,554,Champions,Top Value
504949,1179,1,240.0,1,1,1,111,Lost,Low Value
504968,370,6,13316.42,4,5,5,455,Champions,Top Value
505034,660,1,5866.91,2,1,4,214,Lost,Top Value
505288,747,3,5213.98,2,4,4,244,At Risk,Top Value
505458,416,1,837.87,4,1,1,411,Need Attention,Low Value
505476,398,2,1880.97,4,3,2,432,Loyal,Medium Value
505485,561,4,20954.690000000002,3,5,5,355,Loyal,Top Value
505656,1161,1,9924.99,1,1,5,115,Lost,Top Value
505731,1625,1,930.0,1,1,2,112,Lost,Low Value
506178,985,1,158.96,1,1,1,111,Lost,Low Value
506283,512,3,4455.77,3,4,4,344,Loyal,Medium Value
506422,500,2,3576.8,3,3,3,333,Loyal,Medium Value
506507,486,2,1200.9,3,3,2,332,Loyal,Low Value
506515,416,4,4855.52,4,5,4,454,Champions,Medium Value
507168,1026,1,215.0,1,1,1,111,Lost,Low Value
507298,566,2,4276.82,3,3,4,334,Loyal,Medium Value
507358,423,4,19430.78,4,5,5,455,Champions,Top Value
507454,730,1,18030.86,2,1,5,215,Lost,Top Value
507581,1009,2,559.97,1,3,1,131,Lost,Low Value
507938,587,3,6424.59,3,4,4,344,Loyal,Top Value
507981,1877,1,299.23,1,1,1,111,Lost,Low Value
508025,499,1,2505.25,3,1,3,313,Need Attention,Medium Value
508168,468,2,688.6800000000001,3,3,1,331,Loyal,Low Value
508448,122,1,600.0,5,1,1,511,Need Attention,Low Value
508885,193,3,8096.92,5,4,5,545,Champions,Top Value
509010,578,1,1948.77,3,1,2,312,Need Attention,Medium Value
509138,233,2,3563.07,5,3,3,533,Loyal,Medium Value
509248,429,3,11538.36,4,4,5,445,Champions,Top Value
509357,514,3,2175.86,3,4,3,343,Loyal,Medium Value
509680,908,3,5235.64,1,4,4,144,At Risk,Top Value
509827,424,1,2054.38,4,1,2,412,Need Attention,Medium Value
509948,953,2,3463.1800000000003,1,3,3,133,At Risk,Medium Value
510011,414,1,2066.95,4,1,2,412,Need Attention,Medium Value
510088,549,4,2427.23,3,5,3,353,Loyal,Medium Value
510491,458,2,2820.57,3,3,3,333,Loyal,Medium Value
510614,592,1,3403.86,3,1,3,313,Need Attention,Medium Value
510759,982,2,2050.68,1,3,2,132,Lost,Medium Value
511037,727,1,4366.87,2,1,4,214,Lost,Medium Value
511229,1,2,496.99,5,3,1,531,Loyal,Low Value
511230,599,1,327.96999999999997,3,1,1,311,Need Attention,Low Value
511301,421,1,963.52,4,1,2,412,Need Attention,Low Value
511426,1129,1,2392.7999999999997,1,1,3,113,Lost,Medium Value
511497,1718,1,2891.6800000000003,1,1,3,113,Lost,Medium Value
511649,487,1,664.0,3,1,1,311,Need Attention,Low Value
512276,737,3,4811.879999999999,2,4,4,244,At Risk,Medium Value
512312,228,4,3391.98,5,5,3,553,Loyal,Medium Value
512415,494,2,2897.0,3,3,3,333,Loyal,Medium Value
512630,219,3,4096.75,5,4,4,544,Champions,Medium Value
512757,456,1,579.0,3,1,1,311,Need Attention,Low Value
513130,405,1,8230.95,4,1,5,415,Need Attention,Top Value
513256,1025,1,4257.389999999999,1,1,4,114,Lost,Medium Value
513301,640,2,6725.58,2,3,4,234,At Risk,Top Value
513320,953,1,290.89,1,1,1,111,Lost,Low Value
513424,362,3,8685.49,4,4,5,445,Champions,Top Value
513426,397,1,2310.6499999999996,4,1,3,413,Need Attention,Medium Value
513501,625,2,8136.0,2,3,5,235,At Risk,Top Value
513548,407,2,411.4,4,3,1,431,Loyal,Low Value
514015,521,2,11618.64,3,3,5,335,Loyal,Top Value
514089,774,1,2362.67,2,1,3,213,Lost,Medium Value
514111,600,1,382.95,3,1,1,311,Need Attention,Low Value
514299,433,2,3305.48,4,3,3,433,Loyal,Medium Value
514540,275,2,4315.099999999999,5,3,4,534,Loyal,Medium Value
515050,620,2,11021.49,2,3,5,235,At Risk,Top Value
515527,790,2,2181.95,2,3,3,233,At Risk,Medium Value
516226,781,2,413.96000000000004,2,3,1,231,Lost,Low Value
516324,475,3,1425.76,3,4,2,342,Loyal,Low Value
516663,94,5,6921.030000000001,5,5,4,554,Champions,Top Value
516858,781,1,563.9,2,1,1,211,Lost,Low Value
516944,780,2,312.68,2,3,1,231,Lost,Low Value
517158,780,1,419.97,2,1,1,211,Lost,Low Value
517515,367,1,598.0,4,1,1,411,Need Attention,Low Value
517556,540,4,13094.74,3,5,5,355,Loyal,Top Value
517558,533,3,2058.9300000000003,3,4,2,342,Loyal,Medium Value
517561,589,3,2730.94,3,4,3,343,Loyal,Medium Value
517822,428,1,1268.94,4,1,2,412,Need Attention,Low Value
517972,822,1,4173.429999999999,2,1,4,214,Lost,Medium Value
517979,596,4,3582.05,3,5,3,353,Loyal,Medium Value
518368,471,2,17573.579999999998,3,3,5,335,Loyal,Top Value
519237,1152,1,5032.99,1,1,4,114,Lost,Top Value
519361,536,2,5246.75,3,3,4,334,Loyal,Top Value
519438,297,4,3951.21,5,5,3,553,Loyal,Medium Value
519586,247,4,19564.18,5,5,5,555,Champions,Top Value
519679,1476,1,259.8,1,1,1,111,Lost,Low Value
519726,660,1,84.45,2,1,1,211,Lost,Low Value
519936,1254,1,1454.0,1,1,2,112,Lost,Low Value
520709,635,1,2277.64,2,1,3,213,Lost,Medium Value
520831,928,1,807.23,1,1,1,111,Lost,Low Value
520991,781,3,738.0,2,4,1,241,Lost,Low Value
521070,505,1,2257.85,3,1,3,313,Need Attention,Medium Value
521492,290,3,27534.88,5,4,5,545,Champions,Top Value
521700,617,2,1359.94,2,3,2,232,Lost,Low Value
521809,422,1,2817.99,4,1,3,413,Need Attention,Medium Value
522159,429,3,6119.43,4,4,4,444,Champions,Top Value
522323,453,1,759.73,3,1,1,311,Need Attention,Low Value
522334,422,4,6174.78,4,5,4,454,Champions,Top Value
522474,285,1,3802.23,5,1,3,513,Need Attention,Medium Value
522503,346,1,494.99,4,1,1,411,Need Attention,Low Value
522542,926,1,181.0,1,1,1,111,Lost,Low Value
522564,251,5,8286.36,5,5,5,555,Champions,Top Value
522581,1233,1,2406.89,1,1,3,113,Lost,Medium Value
522615,283,2,1710.11,5,3,2,532,Loyal,Medium Value
522652,991,2,18278.06,1,3,5,135,At Risk,Top Value
522798,3,1,269.9,5,1,1,511,Need Attention,Low Value
522806,435,10,17522.04,3,5,5,355,Loyal,Top Value
522923,802,1,1208.99,2,1,2,212,Lost,Low Value
522945,30,3,4182.97,5,4,4,544,Champions,Medium Value
522979,275,4,8305.49,5,5,5,555,Champions,Top Value
523197,733,2,4150.389999999999,2,3,4,234,At Risk,Medium Value
523379,117,3,797.75,5,4,1,541,Loyal,Low Value
523604,73,2,10797.94,5,3,5,535,Loyal,Top Value
523615,536,2,3127.94,3,3,3,333,Loyal,Medium Value
524021,373,4,1529.01,4,5,2,452,Loyal,Low Value
524042,417,2,1031.16,4,3,2,432,Loyal,Low Value
524077,582,1,1671.0,3,1,2,312,Need Attention,Low Value
524438,617,1,7936.9,2,1,5,215,Lost,Top Value
524697,552,5,7790.820000000001,3,5,5,355,Loyal,Top Value
524848,389,3,6402.04,4,4,4,444,Champions,Top Value
524890,249,2,1188.9,5,3,2,532,Loyal,Low Value
524920,738,3,4706.0,2,4,4,244,At Risk,Medium Value
525178,809,1,1795.38,2,1,2,212,Lost,Medium Value
525298,236,3,4679.34,5,4,4,544,Champions,Medium Value
525719,1141,2,1659.55,1,3,2,132,Lost,Low Value
525739,449,3,26161.170000000002,3,4,5,345,Loyal,Top Value
525835,1457,1,2815.5,1,1,3,113,Lost,Medium Value
526078,372,3,646.98,4,4,1,441,Loyal,Low Value
526164,218,3,1471.93,5,4,2,542,Loyal,Low Value
526271,846,4,11717.67,2,5,5,255,At Risk,Top Value
526411,27,3,11324.119999999999,5,4,5,545,Champions,Top Value
526582,855,1,7336.97,2,1,4,214,Lost,Top Value
526851,507,4,8535.19,3,5,5,355,Loyal,Top Value
527183,106,4,9441.76,5,5,5,555,Champions,Top Value
527329,116,2,4347.68,5,3,4,534,Loyal,Medium Value
527409,1530,2,6126.47,1,3,4,134,At Risk,Top Value
527421,424,4,4667.13,4,5,4,454,Champions,Medium Value
527547,1571,1,2520.0,1,1,3,113,Lost,Medium Value
527586,172,3,5253.87,5,4,4,544,Champions,Top Value
527697,180,3,3939.49,5,4,3,543,Loyal,Medium Value
527886,827,1,67.4,2,1,1,211,Lost,Low Value
527912,713,2,11604.99,2,3,5,235,At Risk,Top Value
528022,712,4,6024.53,2,5,4,254,At Risk,Top Value
528140,625,2,2278.92,2,3,3,233,At Risk,Medium Value
528147,1460,1,2100.0,1,1,2,112,Lost,Medium Value
528361,417,3,5697.97,4,4,4,444,Champions,Top Value
528376,15,6,21081.68,5,5,5,555,Champions,Top Value
528629,747,2,250.35,2,3,1,231,Lost,Low Value
528765,193,3,3080.0,5,4,3,543,Loyal,Medium Value
528793,241,1,4616.85,5,1,4,514,Need Attention,Medium Value
529156,554,1,1185.9900000000002,3,1,2,312,Need Attention,Low Value
529180,356,2,8291.779999999999,4,3,5,435,Loyal,Top Value
529316,489,1,311.95,3,1,1,311,Need Attention,Low Value
529509,778,2,8229.0,2,3,5,235,At Risk,Top Value
529702,635,1,55.760000000000005,2,1,1,211,Lost,Low Value
529779,825,1,15711.9,2,1,5,215,Lost,Top Value
529903,373,5,18328.32,4,5,5,455,Champions,Top Value
530451,10,4,16858.440000000002,5,5,5,555,Champions,Top Value
530536,419,1,277.99,4,1,1,411,Need Attention,Low Value
530592,1549,1,7066.98,1,1,4,114,Lost,Top Value
530618,503,3,5899.13,3,4,4,344,Loyal,Top Value
531153,486,1,5454.95,3,1,4,314,Need Attention,Top Value
531198,1130,2,333.96000000000004,1,3,1,131,Lost,Low Value
531478,528,2,15183.509999999998,3,3,5,335,Loyal,Top Value
532138,211,2,926.97,5,3,2,532,Loyal,Low Value
532184,284,3,4506.9,5,4,4,544,Champions,Medium Value
532320,279,2,2018.9,5,3,2,532,Loyal,Medium Value
532533,585,2,779.0,3,3,1,331,Loyal,Low Value
532684,347,3,3216.5,4,4,3,443,Loyal,Medium Value
532701,421,2,11608.8,4,3,5,435,Loyal,Top Value
532793,465,3,9813.56,3,4,5,345,Loyal,Top Value
533358,760,3,20754.12,2,4,5,245,At Risk,Top Value
533499,429,1,198.0,4,1,1,411,Need Attention,Low Value
533705,370,5,7108.6900000000005,4,5,4,454,Champions,Top Value
534048,351,2,1792.94,4,3,2,432,Loyal,Medium Value
534614,655,1,879.8,2,1,2,212,Lost,Low Value
534885,460,1,299.98,3,1,1,311,Need Attention,Low Value
535159,855,2,6773.13,2,3,4,234,At Risk,Top Value
535180,712,1,677.92,2,1,1,211,Lost,Low Value
535359,628,2,3386.79,2,3,3,233,At Risk,Medium Value
535370,781,3,2555.7200000000003,2,4,3,243,At Risk,Medium Value
535496,820,3,41521.53,2,4,5,245,At Risk,Top Value
535607,1653,1,697.94,1,1,1,111,Lost,Low Value
535791,661,2,2185.0,2,3,3,233,At Risk,Medium Value
536119,43,2,2836.77,5,3,3,533,Loyal,Medium Value
536215,1553,1,109.0,1,1,1,111,Lost,Low Value
536221,1359,1,1704.99,1,1,2,112,Lost,Medium Value
536368,548,4,8431.57,3,5,5,355,Loyal,Top Value
536409,383,3,5639.8,4,4,4,444,Champions,Top Value
536477,417,1,765.9,4,1,1,411,Need Attention,Low Value
536845,719,3,9882.6,2,4,5,245,At Risk,Top Value
537045,583,1,1045.0,3,1,2,312,Need Attention,Low Value
537277,614,1,47.44,2,1,1,211,Lost,Low Value
537509,423,3,24592.829999999998,4,4,5,445,Champions,Top Value
537704,600,2,4962.98,3,3,4,334,Loyal,Top Value
537736,267,1,1514.5,5,1,2,512,Need Attention,Low Value
537758,418,2,6995.82,4,3,4,434,Loyal,Top Value
538047,607,2,2214.96,2,3,3,233,At Risk,Medium Value
538152,374,4,4448.43,4,5,4,454,Champions,Medium Value
538259,502,1,3578.0,3,1,3,313,Need Attention,Medium Value
538285,821,1,1830.99,2,1,2,212,Lost,Medium Value
538326,848,1,9236.97,2,1,5,215,Lost,Top Value
538374,610,1,223.0,2,1,1,211,Lost,Low Value
538801,713,2,5134.92,2,3,4,234,At Risk,Top Value
538941,1591,1,577.95,1,1,1,111,Lost,Low Value
539097,1105,1,115.98,1,1,1,111,Lost,Low Value
539150,219,3,12979.9,5,4,5,545,Champions,Top Value
539203,1327,1,362.0,1,1,1,111,Lost,Low Value
539314,143,2,5483.29,5,3,4,534,Loyal,Top Value
539789,1552,2,4012.49,1,3,3,133,At Risk,Medium Value
539920,242,2,333.74,5,3,1,531,Loyal,Low Value
540119,793,2,4051.63,2,3,3,233,At Risk,Medium Value
540122,788,4,5615.8099999999995,2,5,4,254,At Risk,Top Value
540301,501,2,3239.87,3,3,3,333,Loyal,Medium Value
540397,522,1,598.9,3,1,1,311,Need Attention,Low Value
540609,283,3,8736.74,5,4,5,545,Champions,Top Value
540791,387,2,2168.0,4,3,3,433,Loyal,Medium Value
541128,1158,1,599.9399999999999,1,1,1,111,Lost,Low Value
541324,617,2,1041.68,2,3,2,232,Lost,Low Value
541442,446,2,6096.9,3,3,4,334,Loyal,Top Value
541458,383,4,2831.02,4,5,3,453,Loyal,Medium Value
541598,482,4,12324.18,3,5,5,355,Loyal,Top Value
542020,808,2,3098.0,2,3,3,233,At Risk,Medium Value
542450,195,1,2645.67,5,1,3,513,Need Attention,Medium Value
542461,505,1,2108.98,3,1,2,312,Need Attention,Medium Value
542485,575,3,7606.62,3,4,5,345,Loyal,Top Value
542584,265,3,4916.47,5,4,4,544,Champions,Medium Value
542632,144,4,13626.1,5,5,5,555,Champions,Top Value
542678,428,2,13044.92,4,3,5,435,Loyal,Top Value
542913,1198,1,902.0,1,1,2,112,Lost,Low Value
542943,407,3,6153.51,4,4,4,444,Champions,Top Value
543038,1297,1,3175.95,1,1,3,113,Lost,Medium Value
543610,589,4,5182.15,3,5,4,354,Loyal,Top Value
543834,390,6,17534.09,4,5,5,455,Champions,Top Value
544035,143,9,8708.21,5,5,5,555,Champions,Top Value
544047,67,2,651.9599999999999,5,3,1,531,Loyal,Low Value
544127,1140,2,5986.08,1,3,4,134,At Risk,Top Value
544134,442,2,3117.59,3,3,3,333,Loyal,Medium Value
544176,886,1,631.89,1,1,1,111,Lost,Low Value
544315,232,3,5427.6900000000005,5,4,4,544,Champions,Top Value
544347,66,1,13.9,5,1,1,511,Need Attention,Low Value
544650,367,1,1268.95,4,1,2,412,Need Attention,Low Value
544656,908,2,2679.83,1,3,3,133,At Risk,Medium Value
544822,1094,2,623.98,1,3,1,131,Lost,Low Value
544830,88,1,6293.0,5,1,4,514,Need Attention,Top Value
545287,248,2,8008.51,5,3,5,535,Loyal,Top Value
545755,631,3,9591.369999999999,2,4,5,245,At Risk,Top Value
545764,1758,1,4132.780000000001,1,1,4,114,Lost,Medium Value
545914,519,1,759.56,3,1,1,311,Need Attention,Low Value
546334,590,3,519.85,3,4,1,341,Loyal,Low Value
546432,377,4,11189.83,4,5,5,455,Champions,Top Value
546471,237,4,6136.07,5,5,4,554,Champions,Top Value
546598,429,2,5560.889999999999,4,3,4,434,Loyal,Top Value
547106,918,1,761.0,1,1,1,111,Lost,Low Value
547310,432,1,2561.0,4,1,3,413,Need Attention,Medium Value
547324,594,3,5164.54,3,4,4,344,Loyal,Top Value
547514,1703,1,258.0,1,1,1,111,Lost,Low Value
547701,608,2,2912.8199999999997,2,3,3,233,At Risk,Medium Value
547714,1086,1,349.0,1,1,1,111,Lost,Low Value
547989,127,2,1529.5800000000002,5,3,2,532,Loyal,Low Value
548183,1737,1,2476.0,1,1,3,113,Lost,Medium Value
548685,743,2,2855.26,2,3,3,233,At Risk,Medium Value
548775,433,2,430.0,4,3,1,431,Loyal,Low Value
548802,402,3,3516.71,4,4,3,443,Loyal,Medium Value
549312,62,2,1515.88,5,3,2,532,Loyal,Low Value
549766,430,2,3149.59,4,3,3,433,Loyal,Medium Value
549819,904,5,8258.14,1,5,5,155,At Risk,Top Value
549889,731,1,4022.54,2,1,3,213,Lost,Medium Value
549936,267,3,4394.57,5,4,4,544,Champions,Medium Value
549970,432,2,2099.35,4,3,2,432,Loyal,Medium Value
549983,1247,2,24067.53,1,3,5,135,At Risk,Top Value
550082,290,3,13993.0,5,4,5,545,Champions,Top Value
550274,634,2,2207.7799999999997,2,3,3,233,At Risk,Medium Value
550432,505,2,1538.99,3,3,2,332,Loyal,Low Value
550501,379,1,2692.66,4,1,3,413,Need Attention,Medium Value
550677,1153,1,1135.99,1,1,2,112,Lost,Low Value
550786,656,1,852.27,2,1,2,212,Lost,Low Value
551006,378,3,6682.64,4,4,4,444,Champions,Top Value
551036,58,4,40556.53999999999,5,5,5,555,Champions,Top Value
551331,403,2,3711.75,4,3,3,433,Loyal,Medium Value
551501,492,2,19581.47,3,3,5,335,Loyal,Top Value
551508,639,1,2077.0,2,1,2,212,Lost,Medium Value
551706,709,1,755.47,2,1,1,211,Lost,Low Value
552019,1016,3,1286.69,1,4,2,142,Lost,Low Value
552079,538,2,10431.25,3,3,5,335,Loyal,Top Value
552222,925,1,627.9300000000001,1,1,1,111,Lost,Low Value
552431,428,3,5458.97,4,4,4,444,Champions,Top Value
553084,235,1,738.0,5,1,1,511,Need Attention,Low Value
553207,569,4,8926.05,3,5,5,355,Loyal,Top Value
553241,969,1,129.0,1,1,1,111,Lost,Low Value
553365,1009,1,6185.93,1,1,4,114,Lost,Top Value
553840,223,3,6436.59,5,4,4,544,Champions,Top Value
554027,597,3,10093.9,3,4,5,345,Loyal,Top Value
554151,1199,1,1418.0,1,1,2,112,Lost,Low Value
554210,633,2,10477.87,2,3,5,235,At Risk,Top Value
554606,915,1,2266.91,1,1,3,113,Lost,Medium Value
554726,640,2,3201.94,2,3,3,233,At Risk,Medium Value
554882,473,3,2713.5,3,4,3,343,Loyal,Medium Value
555530,47,3,3686.13,5,4,3,543,Loyal,Medium Value
555903,435,3,16049.39,3,4,5,345,Loyal,Top Value
556064,167,5,8353.789999999999,5,5,5,555,Champions,Top Value
556099,877,1,1910.85,2,1,2,212,Lost,Medium Value
556177,262,3,3898.63,5,4,3,543,Loyal,Medium Value
556220,1012,3,9245.79,1,4,5,145,At Risk,Top Value
556289,416,1,553.0,4,1,1,411,Need Attention,Low Value
556312,614,2,5972.32,2,3,4,234,At Risk,Top Value
556465,775,2,2713.6,2,3,3,233,At Risk,Medium Value
556482,557,2,1809.93,3,3,2,332,Loyal,Medium Value
556621,271,1,2850.44,5,1,3,513,Need Attention,Medium Value
556707,890,2,6770.6900000000005,1,3,4,134,At Risk,Top Value
556780,1247,1,1790.53,1,1,2,112,Lost,Medium Value
556871,386,3,2402.84,4,4,3,443,Loyal,Medium Value
557051,12,2,13838.970000000001,5,3,5,535,Loyal,Top Value
557814,659,2,3928.7,2,3,3,233,At Risk,Medium Value
557922,844,1,1279.0,2,1,2,212,Lost,Low Value
558163,452,5,9223.46,3,5,5,355,Loyal,Top Value
558259,1614,1,275.75,1,1,1,111,Lost,Low Value
558387,1284,1,730.78,1,1,1,111,Lost,Low Value
558445,424,3,2763.78,4,4,3,443,Loyal,Medium Value
558614,1101,2,1420.1799999999998,1,3,2,132,Lost,Low Value
558886,459,1,899.6999999999999,3,1,2,312,Need Attention,Low Value
559221,603,2,2083.39,3,3,2,332,Loyal,Medium Value
559303,738,1,474.95,2,1,1,211,Lost,Low Value
559320,258,2,1107.93,5,3,2,532,Loyal,Low Value
559585,739,2,2244.95,2,3,3,233,At Risk,Medium Value
559822,194,3,5517.74,5,4,4,544,Champions,Top Value
559829,502,3,2149.94,3,4,2,342,Loyal,Medium Value
560505,6,2,8591.16,5,3,5,535,Loyal,Top Value
560662,123,3,5441.33,5,4,4,544,Champions,Top Value
560714,355,1,449.3,4,1,1,411,Need Attention,Low Value
560943,808,1,1627.21,2,1,2,212,Lost,Low Value
561001,662,1,5048.98,2,1,4,214,Lost,Top Value
561223,564,1,3666.0,3,1,3,313,Need Attention,Medium Value
561584,372,3,5910.79,4,4,4,444,Champions,Top Value
561796,786,1,10834.7,2,1,5,215,Lost,Top Value
562005,1512,1,75.97,1,1,1,111,Lost,Low Value
562011,221,2,3249.4399999999996,5,3,3,533,Loyal,Medium Value
562019,288,4,2908.33,5,5,3,553,Loyal,Medium Value
562080,1458,1,599.96,1,1,1,111,Lost,Low Value
562147,64,4,10400.16,5,5,5,555,Champions,Top Value
562181,793,2,1983.69,2,3,2,232,Lost,Medium Value
562418,8,1,817.95,5,1,1,511,Need Attention,Low Value
563205,649,2,1068.0,2,3,2,232,Lost,Low Value
563344,414,2,6483.33,4,3,4,434,Loyal,Top Value
563427,722,3,12831.650000000001,2,4,5,245,At Risk,Top Value
564024,615,3,3894.2799999999997,2,4,3,243,At Risk,Medium Value
564321,572,2,6661.91,3,3,4,334,Loyal,Top Value
564341,712,1,17977.56,2,1,5,215,Lost,Top Value
564676,420,4,9183.83,4,5,5,455,Champions,Top Value
564709,430,4,2619.98,4,5,3,453,Loyal,Medium Value
564970,430,2,1336.06,4,3,2,432,Loyal,Low Value
565369,94,5,20956.24,5,5,5,555,Champions,Top Value
565489,576,3,8270.64,3,4,5,345,Loyal,Top Value
565589,1173,1,4337.68,1,1,4,114,Lost,Medium Value
565683,410,2,1352.8400000000001,4,3,2,432,Loyal,Low Value
565690,396,2,1609.58,4,3,2,432,Loyal,Low Value
565707,223,3,1895.21,5,4,2,542,Loyal,Medium Value
565776,394,5,10019.4,4,5,5,455,Champions,Top Value
565827,584,2,3800.24,3,3,3,333,Loyal,Medium Value
566172,1098,2,1261.2,1,3,2,132,Lost,Low Value
566319,512,2,2153.4,3,3,2,332,Loyal,Medium Value
566465,374,2,5839.18,4,3,4,434,Loyal,Top Value
566538,415,1,3685.6,4,1,3,413,Need Attention,Medium Value
566552,732,1,293.0,2,1,1,211,Lost,Low Value
566856,452,1,687.95,3,1,1,311,Need Attention,Low Value
567032,276,4,9944.39,5,5,5,555,Champions,Top Value
567059,64,3,3995.33,5,4,3,543,Loyal,Medium Value
567076,12,3,4822.9,5,4,4,544,Champions,Medium Value
567108,1205,2,1068.41,1,3,2,132,Lost,Low Value
567521,550,3,7410.71,3,4,4,344,Loyal,Top Value
567932,156,5,18069.61,5,5,5,555,Champions,Top Value
567953,434,1,1563.95,3,1,2,312,Need Attention,Low Value
568043,572,1,26.1,3,1,1,311,Need Attention,Low Value
568160,755,2,3201.92,2,3,3,233,At Risk,Medium Value
568333,806,2,257.92,2,3,1,231,Lost,Low Value
568959,503,1,708.9599999999999,3,1,1,311,Need Attention,Low Value
569079,416,2,5753.0,4,3,4,434,Loyal,Top Value
569256,410,1,1164.0,4,1,2,412,Need Attention,Low Value
569283,778,1,3474.06,2,1,3,213,Lost,Medium Value
569695,1543,1,1358.0,1,1,2,112,Lost,Low Value
569853,845,2,26255.849999999995,2,3,5,235,At Risk,Top Value
569989,629,1,903.0,2,1,2,212,Lost,Low Value
570046,508,2,3709.8700000000003,3,3,3,333,Loyal,Medium Value
570146,1250,1,1020.0,1,1,2,112,Lost,Low Value
570476,793,3,10606.91,2,4,5,245,At Risk,Top Value
570530,740,2,2653.0,2,3,3,233,At Risk,Medium Value
570710,1509,1,1199.97,1,1,2,112,Lost,Low Value
570797,907,1,9093.0,1,1,5,115,Lost,Top Value
570994,1675,1,1074.0,1,1,2,112,Lost,Low Value
571117,461,1,8984.0,3,1,5,315,Need Attention,Top Value
571187,502,3,5992.86,3,4,4,344,Loyal,Top Value
571339,426,4,8201.41,4,5,5,455,Champions,Top Value
571454,510,2,1822.98,3,3,2,332,Loyal,Medium Value
571622,373,5,7062.5199999999995,4,5,4,454,Champions,Top Value
571853,242,2,1102.93,5,3,2,532,Loyal,Low Value
572163,1310,1,6437.55,1,1,4,114,Lost,Top Value
572339,902,1,1500.0,1,1,2,112,Lost,Low Value
572803,1378,1,1993.98,1,1,2,112,Lost,Medium Value
572998,547,1,2794.94,3,1,3,313,Need Attention,Medium Value
573465,872,2,328.47,2,3,1,231,Lost,Low Value
573969,1333,1,718.8,1,1,1,111,Lost,Low Value
574056,444,1,43.56,3,1,1,311,Need Attention,Low Value
574104,863,1,1001.94,2,1,2,212,Lost,Low Value
574109,653,1,1665.79,2,1,2,212,Lost,Low Value
574327,405,10,16379.02,4,5,5,455,Champions,Top Value
574408,1538,1,1757.0,1,1,2,112,Lost,Medium Value
574445,431,2,4112.71,4,3,4,434,Loyal,Medium Value
574566,229,4,3268.9,5,5,3,553,Loyal,Medium Value
574579,1451,1,230.9,1,1,1,111,Lost,Low Value
574956,1830,1,99.56,1,1,1,111,Lost,Low Value
574975,817,2,1390.55,2,3,2,232,Lost,Low Value
575184,348,2,966.73,4,3,2,432,Loyal,Low Value
575230,120,1,2377.3999999999996,5,1,3,513,Need Attention,Medium Value
575362,1175,2,5730.68,1,3,4,134,At Risk,Top Value
575507,64,4,2160.37,5,5,2,552,Loyal,Medium Value
576875,66,5,11113.91,5,5,5,555,Champions,Top Value
576913,776,1,13.4,2,1,1,211,Lost,Low Value
577141,565,3,668.57,3,4,1,341,Loyal,Low Value
577143,459,4,12945.83,3,5,5,355,Loyal,Top Value
577183,858,1,513.09,2,1,1,211,Lost,Low Value
577201,3,3,1553.63,5,4,2,542,Loyal,Low Value
577280,421,2,2396.9700000000003,4,3,3,433,Loyal,Medium Value
577367,629,2,3770.0,2,3,3,233,At Risk,Medium Value
578075,1684,1,1313.6100000000001,1,1,2,112,Lost,Low Value
578407,15,4,14473.68,5,5,5,555,Champions,Top Value
578608,570,1,1258.96,3,1,2,312,Need Attention,Low Value
578764,135,4,11651.2,5,5,5,555,Champions,Top Value
578888,992,3,1536.99,1,4,2,142,Lost,Low Value
579037,788,3,6492.67,2,4,4,244,At Risk,Top Value
579165,431,4,10578.63,4,5,5,455,Champions,Top Value
579195,449,4,3719.12,3,5,3,353,Loyal,Medium Value
579293,604,2,71.64,3,3,1,331,Loyal,Low Value
579330,54,4,3785.37,5,5,3,553,Loyal,Medium Value
579463,493,1,484.0,3,1,1,311,Need Attention,Low Value
579567,87,4,5134.83,5,5,4,554,Champions,Top Value
579674,1097,1,452.85,1,1,1,111,Lost,Low Value
579757,53,2,7568.360000000001,5,3,5,535,Loyal,Top Value
579875,292,2,1963.5100000000002,5,3,2,532,Loyal,Medium Value
579994,122,5,14321.98,5,5,5,555,Champions,Top Value
580026,851,2,3970.98,2,3,3,233,At Risk,Medium Value
580116,296,2,2543.95,5,3,3,533,Loyal,Medium Value
580291,382,3,4261.85,4,4,4,444,Champions,Medium Value
580536,402,1,1260.92,4,1,2,412,Need Attention,Low Value
580600,368,1,112.0,4,1,1,411,Need Attention,Low Value
580710,418,4,2821.0,4,5,3,453,Loyal,Medium Value
580881,467,3,882.19,3,4,2,342,Loyal,Low Value
581047,260,3,7534.62,5,4,5,545,Champions,Top Value
581252,423,1,1392.91,4,1,2,412,Need Attention,Low Value
581404,709,3,5357.95,2,4,4,244,At Risk,Top Value
581757,356,2,11419.130000000001,4,3,5,435,Loyal,Top Value
581789,792,3,7591.45,2,4,5,245,At Risk,Top Value
581812,1835,1,1971.8600000000001,1,1,2,112,Lost,Medium Value
581940,1320,1,6482.0,1,1,4,114,Lost,Top Value
582375,622,2,8650.7,2,3,5,235,At Risk,Top Value
582423,443,2,2766.42,3,3,3,333,Loyal,Medium Value
582819,1839,1,424.96999999999997,1,1,1,111,Lost,Low Value
582917,436,2,2723.38,3,3,3,333,Loyal,Medium Value
582975,495,2,2314.2,3,3,3,333,Loyal,Medium Value
583424,640,1,654.0,2,1,1,211,Lost,Low Value
583886,997,1,13678.919999999998,1,1,5,115,Lost,Top Value
584064,1135,1,632.0,1,1,1,111,Lost,Low Value
584095,502,3,4883.38,3,4,4,344,Loyal,Medium Value
584186,808,1,3993.99,2,1,3,213,Lost,Medium Value
584350,844,1,3107.9,2,1,3,213,Lost,Medium Value
584429,423,1,436.0,4,1,1,411,Need Attention,Low Value
584463,932,2,8076.0,1,3,5,135,At Risk,Top Value
584719,360,2,2278.5499999999997,4,3,3,433,Loyal,Medium Value
584796,902,1,17.98,1,1,1,111,Lost,Low Value
584827,818,2,24359.26,2,3,5,235,At Risk,Top Value
584863,886,2,2049.0,1,3,2,132,Lost,Medium Value
584893,651,1,129.0,2,1,1,211,Lost,Low Value
584901,529,2,2804.8,3,3,3,333,Loyal,Medium Value
585202,761,1,460.0,2,1,1,211,Lost,Low Value
585492,463,2,5557.89,3,3,4,334,Loyal,Top Value
585500,470,2,3160.91,3,3,3,333,Loyal,Medium Value
585505,355,1,89.94999999999999,4,1,1,411,Need Attention,Low Value
585598,855,3,5441.88,2,4,4,244,At Risk,Top Value
585610,960,3,3507.66,1,4,3,143,At Risk,Medium Value
585968,606,2,3740.56,3,3,3,333,Loyal,Medium Value
586005,577,1,1725.24,3,1,2,312,Need Attention,Medium Value
586087,185,2,5139.33,5,3,4,534,Loyal,Top Value
586218,136,4,9774.25,5,5,5,555,Champions,Top Value
586442,1466,1,4270.97,1,1,4,114,Lost,Medium Value
586687,626,5,11941.310000000001,2,5,5,255,At Risk,Top Value
587457,796,1,2777.1,2,1,3,213,Lost,Medium Value
587501,652,1,38.97,2,1,1,211,Lost,Low Value
587649,220,3,33229.479999999996,5,4,5,545,Champions,Top Value
587703,1457,1,5838.34,1,1,4,114,Lost,Top Value
587974,303,1,3.35,5,1,1,511,Need Attention,Low Value
588045,226,3,3161.84,5,4,3,543,Loyal,Medium Value
588090,943,1,4248.9,1,1,4,114,Lost,Medium Value
588122,423,1,3725.83,4,1,3,413,Need Attention,Medium Value
588221,290,5,11033.38,5,5,5,555,Champions,Top Value
588584,736,1,1800.0,2,1,2,212,Lost,Medium Value
588654,248,3,4002.13,5,4,3,543,Loyal,Medium Value
588748,1539,1,3503.91,1,1,3,113,Lost,Medium Value
589882,201,1,919.6,5,1,2,512,Need Attention,Low Value
589984,477,2,8412.0,3,3,5,335,Loyal,Top Value
590232,927,1,6427.8,1,1,4,114,Lost,Top Value
590386,55,1,1032.43,5,1,2,512,Need Attention,Low Value
590749,214,1,1313.39,5,1,2,512,Need Attention,Low Value
590793,528,1,2765.9,3,1,3,313,Need Attention,Medium Value
590930,46,3,4064.87,5,4,3,543,Loyal,Medium Value
590943,727,1,2657.6899999999996,2,1,3,213,Lost,Medium Value
590960,384,6,8050.82,4,5,5,455,Champions,Top Value
591028,1828,1,11749.6,1,1,5,115,Lost,Top Value
591240,117,4,14634.26,5,5,5,555,Champions,Top Value
591374,1091,3,4625.24,1,4,4,144,At Risk,Medium Value
591678,432,3,4630.87,4,4,4,444,Champions,Medium Value
592147,400,4,21480.4,4,5,5,455,Champions,Top Value
593068,710,1,373.98,2,1,1,211,Lost,Low Value
593404,452,2,7084.0,3,3,4,334,Loyal,Top Value
593774,522,1,293.97,3,1,1,311,Need Attention,Low Value
593904,366,3,5301.17,4,4,4,444,Champions,Top Value
594060,88,1,497.39,5,1,1,511,Need Attention,Low Value
594127,427,2,7891.97,4,3,5,435,Loyal,Top Value
594401,459,1,1255.75,3,1,2,312,Need Attention,Low Value
594507,479,2,1638.97,3,3,2,332,Loyal,Low Value
594570,736,1,8078.95,2,1,5,215,Lost,Top Value
594645,290,2,4792.89,5,3,4,534,Loyal,Medium Value
594796,583,2,798.76,3,3,1,331,Loyal,Low Value
594800,727,3,3120.66,2,4,3,243,At Risk,Medium Value
595017,606,1,536.0,3,1,1,311,Need Attention,Low Value
595267,857,2,1138.95,2,3,2,232,Lost,Low Value
595271,510,3,3026.64,3,4,3,343,Loyal,Medium Value
595540,582,3,11192.23,3,4,5,345,Loyal,Top Value
595856,793,1,707.58,2,1,1,211,Lost,Low Value
595971,769,1,615.99,2,1,1,211,Lost,Low Value
596106,452,2,7286.93,3,3,4,334,Loyal,Top Value
596325,913,1,1443.12,1,1,2,112,Lost,Low Value
596422,417,2,1287.55,4,3,2,432,Loyal,Low Value
596705,443,3,4078.68,3,4,4,344,Loyal,Medium Value
596820,1154,1,1078.0,1,1,2,112,Lost,Low Value
597051,808,1,5028.96,2,1,4,214,Lost,Top Value
597262,253,3,11260.43,5,4,5,545,Champions,Top Value
598323,419,5,20180.53,4,5,5,455,Champions,Top Value
598454,50,3,1100.8200000000002,5,4,2,542,Loyal,Low Value
598482,372,2,4278.2699999999995,4,3,4,434,Loyal,Medium Value
598788,453,1,1666.58,3,1,2,312,Need Attention,Low Value
599044,617,4,15112.91,2,5,5,255,At Risk,Top Value
599105,892,3,4329.31,1,4,4,144,At Risk,Medium Value
599141,734,3,12134.05,2,4,5,245,At Risk,Top Value
599203,466,1,435.8,3,1,1,311,Need Attention,Low Value
599339,1521,1,1109.95,1,1,2,112,Lost,Low Value
599433,622,2,4954.76,2,3,4,234,At Risk,Medium Value
599656,275,4,4089.32,5,5,4,554,Champions,Medium Value
599823,759,2,4358.9400000000005,2,3,4,234,At Risk,Medium Value
600354,1221,1,3000.0,1,1,3,113,Lost,Medium Value
600524,458,2,3939.6,3,3,3,333,Loyal,Medium Value
600597,246,1,1019.9200000000001,5,1,2,512,Need Attention,Low Value
600979,96,1,454.89,5,1,1,511,Need Attention,Low Value
601099,1641,2,6819.62,1,3,4,134,At Risk,Top Value
601173,1508,1,340.0,1,1,1,111,Lost,Low Value
601654,517,1,7517.85,3,1,5,315,Need Attention,Top Value
601806,106,2,2445.59,5,3,3,533,Loyal,Medium Value
601837,625,2,4641.89,2,3,4,234,At Risk,Medium Value
601921,496,1,483.0,3,1,1,311,Need Attention,Low Value
602239,466,1,1777.0,3,1,2,312,Need Attention,Medium Value
602244,274,2,2795.91,5,3,3,533,Loyal,Medium Value
602720,597,2,6479.83,3,3,4,334,Loyal,Top Value
603634,134,2,2339.91,5,3,3,533,Loyal,Medium Value
604415,764,2,1175.88,2,3,2,232,Lost,Low Value
604553,417,2,1505.24,4,3,2,432,Loyal,Low Value
604733,1129,1,17.98,1,1,1,111,Lost,Low Value
605306,496,2,3613.9700000000003,3,3,3,333,Loyal,Medium Value
605471,1006,1,2053.0,1,1,2,112,Lost,Medium Value
605532,736,1,175.99,2,1,1,211,Lost,Low Value
605605,613,1,2464.96,2,1,3,213,Lost,Medium Value
605797,633,2,1897.83,2,3,2,232,Lost,Medium Value
606402,206,1,859.56,5,1,2,512,Need Attention,Low Value
606749,274,1,2779.0,5,1,3,513,Need Attention,Medium Value
606808,1844,1,1741.97,1,1,2,112,Lost,Medium Value
607356,463,5,3980.96,3,5,3,353,Loyal,Medium Value
607598,136,5,5377.92,5,5,4,554,Champions,Top Value
607615,584,1,121.96000000000001,3,1,1,311,Need Attention,Low Value
607841,396,2,501.45,4,3,1,431,Loyal,Low Value
607852,604,3,7696.8,3,4,5,345,Loyal,Top Value
607949,474,1,32.0,3,1,1,311,Need Attention,Low Value
608441,1156,1,1925.3500000000001,1,1,2,112,Lost,Medium Value
608461,713,3,6419.92,2,4,4,244,At Risk,Top Value
608788,361,2,350.98,4,3,1,431,Loyal,Low Value
608829,293,1,25.69,5,1,1,511,Need Attention,Low Value
608957,1467,2,4557.82,1,3,4,134,At Risk,Medium Value
609198,799,1,18003.53,2,1,5,215,Lost,Top Value
609259,864,1,755.4699999999999,2,1,1,211,Lost,Low Value
609499,793,1,3737.0,2,1,3,213,Lost,Medium Value
609680,999,1,1566.78,1,1,2,112,Lost,Low Value
609715,172,3,3855.8,5,4,3,543,Loyal,Medium Value
610088,739,1,3657.25,2,1,3,213,Lost,Medium Value
610146,32,1,20.64,5,1,1,511,Need Attention,Low Value
610264,263,3,10369.92,5,4,5,545,Champions,Top Value
610431,631,2,2212.9700000000003,2,3,3,233,At Risk,Medium Value
610468,407,2,424.99,4,3,1,431,Loyal,Low Value
610596,463,2,2179.84,3,3,3,333,Loyal,Medium Value
610602,444,1,9518.95,3,1,5,315,Need Attention,Top Value
610697,1487,1,47.95,1,1,1,111,Lost,Low Value
610968,438,1,1710.17,3,1,2,312,Need Attention,Medium Value
611198,103,1,2107.96,5,1,2,512,Need Attention,Medium Value
611213,474,1,759.99,3,1,1,311,Need Attention,Low Value
611310,848,1,1866.99,2,1,2,212,Lost,Medium Value
611367,1098,1,3071.0,1,1,3,113,Lost,Medium Value
611635,427,2,4737.52,4,3,4,434,Loyal,Medium Value
612329,396,1,8590.88,4,1,5,415,Need Attention,Top Value
613382,753,1,2603.88,2,1,3,213,Lost,Medium Value
613510,660,1,229.0,2,1,1,211,Lost,Low Value
613639,550,2,5687.89,3,3,4,334,Loyal,Top Value
613693,1835,1,820.0,1,1,1,111,Lost,Low Value
614234,4,3,16101.8,5,4,5,545,Champions,Top Value
614937,255,2,3594.45,5,3,3,533,Loyal,Medium Value
615131,891,1,5120.36,1,1,4,114,Lost,Top Value
615362,857,2,2444.93,2,3,3,233,At Risk,Medium Value
615603,1688,1,219.0,1,1,1,111,Lost,Low Value
615726,457,1,3876.0,3,1,3,313,Need Attention,Medium Value
615834,512,1,94.88,3,1,1,311,Need Attention,Low Value
616214,411,1,2652.0,4,1,3,413,Need Attention,Medium Value
616327,278,4,8147.34,5,5,5,555,Champions,Top Value
616346,470,4,12894.529999999999,3,5,5,355,Loyal,Top Value
616537,363,1,802.0,4,1,1,411,Need Attention,Low Value
616656,233,2,220.92000000000002,5,3,1,531,Loyal,Low Value
616775,375,1,436.2,4,1,1,411,Need Attention,Low Value
616828,403,1,6364.88,4,1,4,414,Need Attention,Top Value
616956,648,1,349.95,2,1,1,211,Lost,Low Value
617656,500,1,4854.51,3,1,4,314,Need Attention,Medium Value
618287,54,3,3521.45,5,4,3,543,Loyal,Medium Value
618556,1280,1,1769.3,1,1,2,112,Lost,Medium Value
618809,716,1,3486.0,2,1,3,213,Lost,Medium Value
619018,348,4,9787.84,4,5,5,455,Champions,Top Value
619130,563,2,1203.4,3,3,2,332,Loyal,Low Value
619242,642,1,368.4,2,1,1,211,Lost,Low Value
619428,383,3,3428.42,4,4,3,443,Loyal,Medium Value
619459,552,1,1008.68,3,1,2,312,Need Attention,Low Value
619712,878,1,1156.89,1,1,2,112,Lost,Low Value
619863,1112,1,149.99,1,1,1,111,Lost,Low Value
620075,470,1,1845.93,3,1,2,312,Need Attention,Medium Value
620099,1101,1,1314.0,1,1,2,112,Lost,Low Value
620489,568,1,1019.96,3,1,2,312,Need Attention,Low Value
620797,1186,1,6352.0,1,1,4,114,Lost,Top Value
620894,1619,1,2168.94,1,1,3,113,Lost,Medium Value
621610,51,4,10581.58,5,5,5,555,Champions,Top Value
622003,1017,2,1284.47,1,3,2,132,Lost,Low Value
622011,1839,1,632.02,1,1,1,111,Lost,Low Value
622253,371,2,9113.83,4,3,5,435,Loyal,Top Value
622267,1464,1,872.4,1,1,2,112,Lost,Low Value
622276,410,2,7653.92,4,3,5,435,Loyal,Top Value
622483,376,2,5470.48,4,3,4,434,Loyal,Top Value
622606,365,2,1122.3700000000001,4,3,2,432,Loyal,Low Value
622740,2,4,7216.53,5,5,4,554,Champions,Top Value
622786,653,1,219.0,2,1,1,211,Lost,Low Value
623004,435,2,6044.26,3,3,4,334,Loyal,Top Value
623021,256,1,1775.93,5,1,2,512,Need Attention,Medium Value
623181,562,2,2800.26,3,3,3,333,Loyal,Medium Value
623186,868,1,109.0,2,1,1,211,Lost,Low Value
623241,1081,1,205.95,1,1,1,111,Lost,Low Value
623256,1558,1,2477.72,1,1,3,113,Lost,Medium Value
623323,1285,1,472.0,1,1,1,111,Lost,Low Value
623659,575,3,1684.79,3,4,2,342,Loyal,Low Value
623892,508,2,1709.37,3,3,2,332,Loyal,Medium Value
624165,731,5,5728.19,2,5,4,254,At Risk,Top Value
624293,463,3,10727.4,3,4,5,345,Loyal,Top Value
624392,412,1,667.0,4,1,1,411,Need Attention,Low Value
624622,508,2,2240.95,3,3,3,333,Loyal,Medium Value
624742,375,4,3592.0800000000004,4,5,3,453,Loyal,Medium Value
624813,1150,1,528.47,1,1,1,111,Lost,Low Value
625005,544,2,1378.8200000000002,3,3,2,332,Loyal,Low Value
625297,1825,1,983.96,1,1,2,112,Lost,Low Value
625370,889,1,543.0,1,1,1,111,Lost,Low Value
625495,758,1,3283.0,2,1,3,213,Lost,Medium Value
625689,412,1,2581.99,4,1,3,413,Need Attention,Medium Value
626560,1450,2,8075.73,1,3,5,135,At Risk,Top Value
626896,810,1,2495.26,2,1,3,213,Lost,Medium Value
626983,391,3,1310.93,4,4,2,442,Loyal,Low Value
627006,422,1,1840.0,4,1,2,412,Need Attention,Medium Value
627190,1725,1,471.80000000000007,1,1,1,111,Lost,Low Value
627709,1734,1,339.0,1,1,1,111,Lost,Low Value
627789,1864,1,507.0,1,1,1,111,Lost,Low Value
627901,977,2,2509.3,1,3,3,133,At Risk,Medium Value
627996,405,1,1161.0,4,1,2,412,Need Attention,Low Value
628139,459,1,20457.88,3,1,5,315,Need Attention,Top Value
628245,1152,1,1140.0,1,1,2,112,Lost,Low Value
628320,1755,1,2526.23,1,1,3,113,Lost,Medium Value
629074,351,1,1608.76,4,1,2,412,Need Attention,Low Value
629413,464,1,3452.75,3,1,3,313,Need Attention,Medium Value
629572,618,1,1211.98,2,1,2,212,Lost,Low Value
629819,270,1,3366.0,5,1,3,513,Need Attention,Medium Value
630481,755,1,7414.46,2,1,4,214,Lost,Top Value
631471,1253,1,1671.43,1,1,2,112,Lost,Low Value
631500,1161,1,652.98,1,1,1,111,Lost,Low Value
631557,72,1,160.23000000000002,5,1,1,511,Need Attention,Low Value
631580,243,3,14491.39,5,4,5,545,Champions,Top Value
631631,1166,1,4821.0,1,1,4,114,Lost,Medium Value
632425,262,3,2794.31,5,4,3,543,Loyal,Medium Value
632482,1121,1,1222.24,1,1,2,112,Lost,Low Value
632575,1698,1,2940.91,1,1,3,113,Lost,Medium Value
632752,540,3,5842.68,3,4,4,344,Loyal,Top Value
633008,709,1,2926.66,2,1,3,213,Lost,Medium Value
633033,101,1,555.74,5,1,1,511,Need Attention,Low Value
633039,83,1,877.5,5,1,2,512,Need Attention,Low Value
633269,810,1,1533.87,2,1,2,212,Lost,Low Value
633328,635,2,7392.02,2,3,4,234,At Risk,Top Value
633348,430,2,2005.95,4,3,2,432,Loyal,Medium Value
633448,740,2,3410.1400000000003,2,3,3,233,At Risk,Medium Value
633593,1151,2,8924.630000000001,1,3,5,135,At Risk,Top Value
633649,858,1,1507.4,2,1,2,212,Lost,Low Value
633846,535,2,2597.85,3,3,3,333,Loyal,Medium Value
633904,442,2,1860.9,3,3,2,332,Loyal,Medium Value
634317,1156,3,13109.63,1,4,5,145,At Risk,Top Value
634686,250,2,2717.94,5,3,3,533,Loyal,Medium Value
634713,863,1,3196.4,2,1,3,213,Lost,Medium Value
634965,130,1,19.96,5,1,1,511,Need Attention,Low Value
635391,977,1,1523.99,1,1,2,112,Lost,Low Value
635546,421,1,350.87,4,1,1,411,Need Attention,Low Value
635766,460,2,1380.83,3,3,2,332,Loyal,Low Value
636035,1739,1,29.97,1,1,1,111,Lost,Low Value
636256,108,1,869.97,5,1,2,512,Need Attention,Low Value
636266,433,1,11891.43,4,1,5,415,Need Attention,Top Value
636431,852,1,299.98,2,1,1,211,Lost,Low Value
636729,1592,1,5007.0,1,1,4,114,Lost,Top Value
637629,717,1,1499.96,2,1,2,212,Lost,Low Value
637682,725,1,6177.0,2,1,4,214,Lost,Top Value
637759,248,2,3269.28,5,3,3,533,Loyal,Medium Value
637824,86,1,879.0,5,1,2,512,Need Attention,Low Value
637976,518,1,31.310000000000002,3,1,1,311,Need Attention,Low Value
638156,385,1,4771.0,4,1,4,414,Need Attention,Medium Value
638172,1326,1,1959.93,1,1,2,112,Lost,Medium Value
638283,967,1,4392.76,1,1,4,114,Lost,Medium Value
638569,128,1,4529.97,5,1,4,514,Need Attention,Medium Value
638652,5,1,4092.6899999999996,5,1,4,514,Need Attention,Medium Value
638661,498,2,11923.619999999999,3,3,5,335,Loyal,Top Value
638759,593,1,69.45,3,1,1,311,Need Attention,Low Value
639067,367,2,8988.66,4,3,5,435,Loyal,Top Value
639072,54,2,7683.5,5,3,5,535,Loyal,Top Value
639433,407,3,2972.81,4,4,3,443,Loyal,Medium Value
639665,248,1,600.0,5,1,1,511,Need Attention,Low Value
639758,1270,1,159.99,1,1,1,111,Lost,Low Value
639839,996,1,310.0,1,1,1,111,Lost,Low Value
639966,419,2,98.94999999999999,4,3,1,431,Loyal,Low Value
640942,375,1,539.97,4,1,1,411,Need Attention,Low Value
641275,456,1,536.0,3,1,1,311,Need Attention,Low Value
641659,926,1,340.37,1,1,1,111,Lost,Low Value
641841,787,1,12.18,2,1,1,211,Lost,Low Value
641997,836,1,9998.89,2,1,5,215,Lost,Top Value
642418,356,2,9049.939999999999,4,3,5,435,Loyal,Top Value
642546,1128,3,2706.85,1,4,3,143,At Risk,Medium Value
642856,1018,1,1199.0,1,1,2,112,Lost,Low Value
643159,1160,1,981.0,1,1,2,112,Lost,Low Value
643186,1831,1,217.97,1,1,1,111,Lost,Low Value
643248,841,1,491.76,2,1,1,211,Lost,Low Value
643461,1635,1,80.38,1,1,1,111,Lost,Low Value
643526,1642,1,499.9,1,1,1,111,Lost,Low Value
643597,869,2,552.97,2,3,1,231,Lost,Low Value
643624,741,1,2778.0,2,1,3,213,Lost,Medium Value
643628,1022,1,595.99,1,1,1,111,Lost,Low Value
643711,902,1,1173.0,1,1,2,112,Lost,Low Value
644237,440,1,745.97,3,1,1,311,Need Attention,Low Value
644560,1172,1,877.5,1,1,2,112,Lost,Low Value
644729,52,3,3504.33,5,4,3,543,Loyal,Medium Value
644763,43,3,5454.94,5,4,4,544,Champions,Top Value
644807,416,1,439.9,4,1,1,411,Need Attention,Low Value
644830,421,1,3492.0,4,1,3,413,Need Attention,Medium Value
645350,1298,1,4796.95,1,1,4,114,Lost,Medium Value
645472,716,2,2029.97,2,3,2,232,Lost,Medium Value
645487,407,1,810.0600000000001,4,1,1,411,Need Attention,Low Value
645495,60,2,6450.88,5,3,4,534,Loyal,Top Value
646010,275,3,8213.39,5,4,5,545,Champions,Top Value
646248,279,1,877.5,5,1,2,512,Need Attention,Low Value
646341,282,1,32.0,5,1,1,511,Need Attention,Low Value
646871,220,4,8794.64,5,5,5,555,Champions,Top Value
647019,789,1,2372.2,2,1,3,213,Lost,Medium Value
647154,741,2,1774.54,2,3,2,232,Lost,Medium Value
647509,393,1,2614.0,4,1,3,413,Need Attention,Medium Value
647622,4,2,4489.01,5,3,4,534,Loyal,Medium Value
647665,752,1,7214.0,2,1,4,214,Lost,Top Value
647743,359,2,5045.45,4,3,4,434,Loyal,Top Value
648080,284,1,2123.35,5,1,2,512,Need Attention,Medium Value
648385,355,2,1633.97,4,3,2,432,Loyal,Low Value
648749,851,1,3438.0,2,1,3,213,Lost,Medium Value
648856,446,1,77.68,3,1,1,311,Need Attention,Low Value
648966,426,2,3583.0,4,3,3,433,Loyal,Medium Value
649018,563,1,3815.94,3,1,3,313,Need Attention,Medium Value
649267,741,1,5514.0,2,1,4,214,Lost,Top Value
649370,800,2,2195.7,2,3,3,233,At Risk,Medium Value
650219,922,1,43.14,1,1,1,111,Lost,Low Value
650854,866,1,101.94,2,1,1,211,Lost,Low Value
650898,51,2,44.940000000000005,5,3,1,531,Loyal,Low Value
651347,752,1,13.98,2,1,1,211,Lost,Low Value
651518,452,1,13.89,3,1,1,311,Need Attention,Low Value
651767,1852,1,2784.03,1,1,3,113,Lost,Medium Value
652486,1604,1,14068.6,1,1,5,115,Lost,Top Value
652496,480,1,1610.39,3,1,2,312,Need Attention,Low Value
652732,373,1,1499.94,4,1,2,412,Need Attention,Low Value
652959,296,1,11828.4,5,1,5,515,Need Attention,Top Value
653188,183,3,5041.389999999999,5,4,4,544,Champions,Top Value
654027,922,1,1752.0,1,1,2,112,Lost,Medium Value
654092,962,1,865.98,1,1,2,112,Lost,Low Value
654459,659,4,7250.61,2,5,4,254,At Risk,Top Value
654485,579,4,15801.42,3,5,5,355,Loyal,Top Value
654572,1152,1,2622.5299999999997,1,1,3,113,Lost,Medium Value
655010,384,1,1622.97,4,1,2,412,Need Attention,Low Value
655495,1465,1,199.0,1,1,1,111,Lost,Low Value
655922,792,1,17.76,2,1,1,211,Lost,Low Value
655976,785,2,3243.9,2,3,3,233,At Risk,Medium Value
656319,1574,1,3103.94,1,1,3,113,Lost,Medium Value
656353,456,3,2371.91,3,4,3,343,Loyal,Medium Value
656387,627,2,581.26,2,3,1,231,Lost,Low Value
656633,439,2,4363.0,3,3,4,334,Loyal,Medium Value
656637,461,1,501.47,3,1,1,311,Need Attention,Low Value
657271,1250,1,3145.5,1,1,3,113,Lost,Medium Value
657671,262,1,1791.0,5,1,2,512,Need Attention,Medium Value
657787,249,1,22.89,5,1,1,511,Need Attention,Low Value
658305,736,1,600.0,2,1,1,211,Lost,Low Value
658552,187,2,20742.94,5,3,5,535,Loyal,Top Value
658701,57,1,3632.3100000000004,5,1,3,513,Need Attention,Medium Value
658759,618,1,380.0,2,1,1,211,Lost,Low Value
658900,488,4,11979.4,3,5,5,355,Loyal,Top Value
658999,717,1,2093.0,2,1,2,212,Lost,Medium Value
659008,403,2,1740.78,4,3,2,432,Loyal,Medium Value
659211,486,2,10932.92,3,3,5,335,Loyal,Top Value
659827,347,3,7510.5599999999995,4,4,5,445,Champions,Top Value
659962,417,3,3106.29,4,4,3,443,Loyal,Medium Value
660232,246,3,980.27,5,4,2,542,Loyal,Low Value
660319,498,2,8122.740000000001,3,3,5,335,Loyal,Top Value
660527,197,7,21470.27,5,5,5,555,Champions,Top Value
660924,365,4,16044.4,4,5,5,455,Champions,Top Value
660940,247,4,10898.98,5,5,5,555,Champions,Top Value
661206,619,1,1259.39,2,1,2,212,Lost,Low Value
661265,298,1,595.78,5,1,1,511,Need Attention,Low Value
661295,424,2,1154.97,4,3,2,432,Loyal,Low Value
661453,415,1,1797.0,4,1,2,412,Need Attention,Medium Value
661620,430,1,738.0,4,1,1,411,Need Attention,Low Value
661636,468,2,1779.7,3,3,2,332,Loyal,Medium Value
662154,1147,2,7713.98,1,3,5,135,At Risk,Top Value
662571,372,2,15021.89,4,3,5,435,Loyal,Top Value
662638,288,1,8055.81,5,1,5,515,Need Attention,Top Value
662960,365,2,3415.87,4,3,3,433,Loyal,Medium Value
663278,180,2,3375.96,5,3,3,533,Loyal,Medium Value
663778,1632,1,1358.73,1,1,2,112,Lost,Low Value
663849,1712,1,5380.88,1,1,4,114,Lost,Top Value
664411,786,1,5481.88,2,1,4,214,Lost,Top Value
664438,1114,1,2240.65,1,1,3,113,Lost,Medium Value
664687,948,1,2598.92,1,1,3,113,Lost,Medium Value
664762,636,1,6885.0,2,1,4,214,Lost,Top Value
665370,484,3,1549.94,3,4,2,342,Loyal,Low Value
665472,346,1,1257.98,4,1,2,412,Need Attention,Low Value
665776,1870,1,5515.2,1,1,4,114,Lost,Top Value
666173,354,3,1288.59,4,4,2,442,Loyal,Low Value
666608,8,1,2604.0,5,1,3,513,Need Attention,Medium Value
666716,341,2,309.98,5,3,1,531,Loyal,Low Value
666979,34,2,2345.87,5,3,3,533,Loyal,Medium Value
666994,411,1,2383.94,4,1,3,413,Need Attention,Medium Value
667014,262,2,5241.45,5,3,4,534,Loyal,Top Value
667318,1859,1,655.0,1,1,1,111,Lost,Low Value
667393,419,4,14828.6,4,5,5,455,Champions,Top Value
667669,761,1,4293.76,2,1,4,214,Lost,Medium Value
667725,372,2,2246.31,4,3,3,433,Loyal,Medium Value
667919,198,2,2565.9700000000003,5,3,3,533,Loyal,Medium Value
668117,1151,3,14609.199999999999,1,4,5,145,At Risk,Top Value
668140,603,1,2409.9300000000003,3,1,3,313,Need Attention,Medium Value
668236,577,1,3971.9700000000003,3,1,3,313,Need Attention,Medium Value
668660,604,2,3105.5699999999997,3,3,3,333,Loyal,Medium Value
668718,1457,1,91.0,1,1,1,111,Lost,Low Value
669715,13,2,3450.52,5,3,3,533,Loyal,Medium Value
670000,773,1,3116.42,2,1,3,213,Lost,Medium Value
670143,983,1,1414.0,1,1,2,112,Lost,Low Value
670551,638,1,129.8,2,1,1,211,Lost,Low Value
670666,787,1,7629.64,2,1,5,215,Lost,Top Value
670977,237,2,342.94,5,3,1,531,Loyal,Low Value
671129,425,1,6329.05,4,1,4,414,Need Attention,Top Value
671305,1475,1,156.0,1,1,1,111,Lost,Low Value
671569,710,1,3366.3,2,1,3,213,Lost,Medium Value
672129,757,1,53.94,2,1,1,211,Lost,Low Value
672139,389,3,6468.59,4,4,4,444,Champions,Top Value
672148,570,2,1790.41,3,3,2,332,Loyal,Medium Value
672150,1166,1,2347.21,1,1,3,113,Lost,Medium Value
672326,235,2,2603.6,5,3,3,533,Loyal,Medium Value
672584,375,2,22466.65,4,3,5,435,Loyal,Top Value
672896,46,4,6015.950000000001,5,5,4,554,Champions,Top Value
673346,398,2,160.9,4,3,1,431,Loyal,Low Value
673348,403,2,4574.16,4,3,4,434,Loyal,Medium Value
674424,1179,1,3086.7599999999998,1,1,3,113,Lost,Medium Value
674468,388,2,268.91,4,3,1,431,Loyal,Low Value
674569,365,2,2797.86,4,3,3,433,Loyal,Medium Value
674984,442,2,2589.89,3,3,3,333,Loyal,Medium Value
675240,736,2,3072.54,2,3,3,233,At Risk,Medium Value
675324,630,1,2029.93,2,1,2,212,Lost,Medium Value
675600,1684,1,6797.97,1,1,4,114,Lost,Top Value
675714,788,1,6.88,2,1,1,211,Lost,Low Value
676036,785,1,1450.53,2,1,2,212,Lost,Low Value
676059,990,2,7561.389999999999,1,3,5,135,At Risk,Top Value
676146,886,1,139.0,1,1,1,111,Lost,Low Value
676383,538,1,3257.6000000000004,3,1,3,313,Need Attention,Medium Value
676423,789,1,635.99,2,1,1,211,Lost,Low Value
676732,505,1,1056.88,3,1,2,312,Need Attention,Low Value
677564,647,1,607.9699999999999,2,1,1,211,Lost,Low Value
678055,54,5,12401.94,5,5,5,555,Champions,Top Value
678665,43,2,1847.03,5,3,2,532,Loyal,Medium Value
678808,1031,1,497.95,1,1,1,111,Lost,Low Value
678886,1093,1,17923.84,1,1,5,115,Lost,Top Value
678925,642,3,5601.85,2,4,4,244,At Risk,Top Value
679190,1824,1,780.9000000000001,1,1,1,111,Lost,Low Value
679405,785,1,299.98,2,1,1,211,Lost,Low Value
679886,375,2,7240.88,4,3,4,434,Loyal,Top Value
680259,635,4,16396.69,2,5,5,255,At Risk,Top Value
680268,767,1,510.44,2,1,1,211,Lost,Low Value
680422,533,2,1055.0,3,3,2,332,Loyal,Low Value
680779,155,1,3961.7,5,1,3,513,Need Attention,Medium Value
680858,2,2,10190.27,5,3,5,535,Loyal,Top Value
681072,664,3,1601.85,2,4,2,242,Lost,Low Value
681493,787,1,1856.0,2,1,2,212,Lost,Medium Value
681898,1609,2,2748.4700000000003,1,3,3,133,At Risk,Medium Value
682276,399,1,5995.99,4,1,4,414,Need Attention,Top Value
682544,766,2,3742.24,2,3,3,233,At Risk,Medium Value
682759,297,1,1400.0,5,1,2,512,Need Attention,Low Value
683209,613,1,462.0,2,1,1,211,Lost,Low Value
683751,730,2,7619.86,2,3,5,235,At Risk,Top Value
683827,424,2,8151.96,4,3,5,435,Loyal,Top Value
684027,901,1,2788.0,1,1,3,113,Lost,Medium Value
684747,414,3,10497.02,4,4,5,445,Champions,Top Value
684862,398,1,1832.0,4,1,2,412,Need Attention,Medium Value
685356,423,1,236.0,4,1,1,411,Need Attention,Low Value
685457,1366,1,848.97,1,1,1,111,Lost,Low Value
685916,400,2,7175.98,4,3,4,434,Loyal,Top Value
686082,852,1,2236.0,2,1,3,213,Lost,Medium Value
686119,27,1,1918.65,5,1,2,512,Need Attention,Medium Value
686451,738,1,259.8,2,1,1,211,Lost,Low Value
686625,361,5,7726.11,4,5,5,455,Champions,Top Value
686657,475,1,146.78,3,1,1,311,Need Attention,Low Value
686677,405,2,2618.37,4,3,3,433,Loyal,Medium Value
686739,371,1,3927.0,4,1,3,413,Need Attention,Medium Value
686760,834,2,9459.35,2,3,5,235,At Risk,Top Value
687250,639,2,6283.96,2,3,4,234,At Risk,Top Value
687324,1364,2,3769.99,1,3,3,133,At Risk,Medium Value
687377,1845,1,430.0,1,1,1,111,Lost,Low Value
687812,1143,1,88.62,1,1,1,111,Lost,Low Value
688148,428,2,417.39,4,3,1,431,Loyal,Low Value
688222,522,1,520.51,3,1,1,311,Need Attention,Low Value
689013,25,5,3838.26,5,5,3,553,Loyal,Medium Value
689695,362,4,6776.87,4,5,4,454,Champions,Top Value
690042,372,3,10102.99,4,4,5,445,Champions,Top Value
690102,780,3,4681.6900000000005,2,4,4,244,At Risk,Medium Value
690190,479,2,3716.98,3,3,3,333,Loyal,Medium Value
690253,997,1,2238.6499999999996,1,1,3,113,Lost,Medium Value
690270,653,1,214.9,2,1,1,211,Lost,Low Value
691420,1000,2,4666.950000000001,1,3,4,134,At Risk,Medium Value
691863,268,2,4304.1,5,3,4,534,Loyal,Medium Value
692231,891,1,2500.46,1,1,3,113,Lost,Medium Value
692257,858,1,198.0,2,1,1,211,Lost,Low Value
692328,428,2,6716.55,4,3,4,434,Loyal,Top Value
692519,1450,1,6953.99,1,1,4,114,Lost,Top Value
692544,599,3,2769.69,3,4,3,343,Loyal,Medium Value
692591,354,2,913.06,4,3,2,432,Loyal,Low Value
692661,430,1,1544.98,4,1,2,412,Need Attention,Low Value
692856,743,1,2246.97,2,1,3,213,Lost,Medium Value
692928,815,1,1717.0,2,1,2,212,Lost,Medium Value
693285,1877,1,14.97,1,1,1,111,Lost,Low Value
693417,790,1,715.4200000000001,2,1,1,211,Lost,Low Value
693644,389,2,5887.47,4,3,4,434,Loyal,Top Value
693684,67,1,5172.17,5,1,4,514,Need Attention,Top Value
693870,386,1,2278.2200000000003,4,1,3,413,Need Attention,Medium Value
693900,179,2,482.0,5,3,1,531,Loyal,Low Value
693988,1639,1,1196.92,1,1,2,112,Lost,Low Value
694125,512,1,1514.7,3,1,2,312,Need Attention,Low Value
694539,1355,1,47.95,1,1,1,111,Lost,Low Value
694742,785,1,788.4499999999999,2,1,1,211,Lost,Low Value
695043,19,3,634.99,5,4,1,541,Loyal,Low Value
695272,451,2,3022.98,3,3,3,333,Loyal,Medium Value
695433,732,2,3004.84,2,3,3,233,At Risk,Medium Value
695498,1144,1,91.96,1,1,1,111,Lost,Low Value
695534,1818,1,755.0,1,1,1,111,Lost,Low Value
695540,351,2,3933.8,4,3,3,433,Loyal,Medium Value
695718,584,1,3701.99,3,1,3,313,Need Attention,Medium Value
696397,402,1,2574.0,4,1,3,413,Need Attention,Medium Value
696759,372,1,5036.200000000001,4,1,4,414,Need Attention,Top Value
696791,134,1,789.9,5,1,1,511,Need Attention,Low Value
696874,487,1,3074.42,3,1,3,313,Need Attention,Medium Value
696960,138,1,1535.0,5,1,2,512,Need Attention,Low Value
697182,1513,1,419.97,1,1,1,111,Lost,Low Value
697365,73,1,11267.82,5,1,5,515,Need Attention,Top Value
698196,108,2,4432.36,5,3,4,534,Loyal,Medium Value
698421,1517,1,4146.96,1,1,4,114,Lost,Medium Value
698533,794,1,175.26,2,1,1,211,Lost,Low Value
698624,463,2,2873.39,3,3,3,333,Loyal,Medium Value
698703,162,2,5175.860000000001,5,3,4,534,Loyal,Top Value
698960,430,1,637.05,4,1,1,411,Need Attention,Low Value
699820,251,1,436.2,5,1,1,511,Need Attention,Low Value
699830,621,2,4128.98,2,3,4,234,At Risk,Medium Value
700308,806,1,449.97,2,1,1,211,Lost,Low Value
700354,521,3,1029.5,3,4,2,342,Loyal,Low Value
700619,717,2,330.99,2,3,1,231,Lost,Low Value
700909,351,1,3021.7,4,1,3,413,Need Attention,Medium Value
701241,1502,1,5018.15,1,1,4,114,Lost,Top Value
701397,421,3,11671.2,4,4,5,445,Champions,Top Value
701474,412,2,1457.67,4,3,2,432,Loyal,Low Value
701625,645,5,19876.7,2,5,5,255,At Risk,Top Value
701698,421,2,4962.95,4,3,4,434,Loyal,Top Value
701706,1136,1,460.89,1,1,1,111,Lost,Low Value
702273,1382,1,2270.49,1,1,3,113,Lost,Medium Value
702340,443,5,8169.95,3,5,5,355,Loyal,Top Value
702544,781,2,4176.43,2,3,4,234,At Risk,Medium Value
702870,500,3,2871.21,3,4,3,343,Loyal,Medium Value
703000,402,3,2763.61,4,4,3,443,Loyal,Medium Value
703212,796,2,3043.79,2,3,3,233,At Risk,Medium Value
703247,1380,1,867.78,1,1,2,112,Lost,Low Value
703705,1025,1,3359.6,1,1,3,113,Lost,Medium Value
703716,869,1,817.98,2,1,1,211,Lost,Low Value
703936,302,3,8887.75,5,4,5,545,Champions,Top Value
703938,607,4,9970.97,2,5,5,255,At Risk,Top Value
704350,1485,1,1807.97,1,1,2,112,Lost,Medium Value
704565,459,3,5504.84,3,4,4,344,Loyal,Top Value
705074,742,1,6337.24,2,1,4,214,Lost,Top Value
705717,755,1,77.68,2,1,1,211,Lost,Low Value
706108,1184,1,4811.23,1,1,4,114,Lost,Medium Value
706132,416,2,9372.69,4,3,5,435,Loyal,Top Value
706542,535,1,687.0,3,1,1,311,Need Attention,Low Value
706638,748,1,1491.98,2,1,2,212,Lost,Low Value
706651,292,1,2273.0,5,1,3,513,Need Attention,Medium Value
706792,417,1,4375.95,4,1,4,414,Need Attention,Medium Value
706898,645,1,319.0,2,1,1,211,Lost,Low Value
706964,430,2,355.97,4,3,1,431,Loyal,Low Value
707089,1866,1,1157.73,1,1,2,112,Lost,Low Value
707360,801,1,3744.0,2,1,3,213,Lost,Medium Value
707559,423,1,1299.0,4,1,2,412,Need Attention,Low Value
707750,411,2,8227.33,4,3,5,435,Loyal,Top Value
707884,834,1,6047.380000000001,2,1,4,214,Lost,Top Value
708076,1095,3,13482.65,1,4,5,145,At Risk,Top Value
708182,424,1,299.0,4,1,1,411,Need Attention,Low Value
708260,1093,2,10879.22,1,3,5,135,At Risk,Top Value
708287,402,2,4113.94,4,3,4,434,Loyal,Medium Value
708460,795,1,866.54,2,1,2,212,Lost,Low Value
708522,509,3,7002.66,3,4,4,344,Loyal,Top Value
708914,613,1,1292.0,2,1,2,212,Lost,Low Value
709049,771,1,3209.95,2,1,3,213,Lost,Medium Value
709368,592,2,4985.0,3,3,4,334,Loyal,Top Value
709437,1387,1,116.84,1,1,1,111,Lost,Low Value
709485,1245,1,5095.63,1,1,4,114,Lost,Top Value
709822,354,2,2501.4,4,3,3,433,Loyal,Medium Value
709983,71,1,801.85,5,1,1,511,Need Attention,Low Value
710058,645,1,5028.0,2,1,4,214,Lost,Top Value
710555,856,4,19590.62,2,5,5,255,At Risk,Top Value
710592,381,3,1706.79,4,4,2,442,Loyal,Medium Value
710673,1576,1,1907.98,1,1,2,112,Lost,Medium Value
710996,902,2,3574.94,1,3,3,133,At Risk,Medium Value
711038,255,1,795.98,5,1,1,511,Need Attention,Low Value
711449,1872,1,8.549999999999999,1,1,1,111,Lost,Low Value
711877,451,2,645.92,3,3,1,331,Loyal,Low Value
712403,1599,1,1507.2400000000002,1,1,2,112,Lost,Low Value
713013,631,1,10103.39,2,1,5,215,Lost,Top Value
713137,1360,1,539.97,1,1,1,111,Lost,Low Value
713185,295,2,13056.79,5,3,5,535,Loyal,Top Value
713338,554,2,4306.94,3,3,4,334,Loyal,Medium Value
713424,498,3,4437.89,3,4,4,344,Loyal,Medium Value
713533,250,2,8237.79,5,3,5,535,Loyal,Top Value
713687,898,1,4495.0,1,1,4,114,Lost,Medium Value
713731,878,1,2617.0,1,1,3,113,Lost,Medium Value
714362,950,2,1490.75,1,3,2,132,Lost,Low Value
714400,1313,1,793.98,1,1,1,111,Lost,Low Value
714472,351,6,34963.76,4,5,5,455,Champions,Top Value
715102,187,6,13549.7,5,5,5,555,Champions,Top Value
715258,229,1,118.59,5,1,1,511,Need Attention,Low Value
715317,500,1,565.97,3,1,1,311,Need Attention,Low Value
715379,466,6,7265.31,3,5,4,354,Loyal,Top Value
715406,772,3,2773.99,2,4,3,243,At Risk,Medium Value
715599,359,2,6395.84,4,3,4,434,Loyal,Top Value
715709,1495,1,559.0,1,1,1,111,Lost,Low Value
715740,634,1,264.90999999999997,2,1,1,211,Lost,Low Value
716015,1865,1,3643.95,1,1,3,113,Lost,Medium Value
716065,900,1,27.78,1,1,1,111,Lost,Low Value
716463,282,1,12.18,5,1,1,511,Need Attention,Low Value
716491,369,2,852.9200000000001,4,3,2,432,Loyal,Low Value
716838,442,2,10222.89,3,3,5,335,Loyal,Top Value
716868,1604,1,6027.49,1,1,4,114,Lost,Top Value
717000,262,4,21917.949999999997,5,5,5,555,Champions,Top Value
717070,1816,1,1776.67,1,1,2,112,Lost,Medium Value
717074,540,2,2894.5499999999997,3,3,3,333,Loyal,Medium Value
717147,360,2,3246.9799999999996,4,3,3,433,Loyal,Medium Value
717325,1271,1,969.0,1,1,2,112,Lost,Low Value
717492,414,1,2027.0,4,1,2,412,Need Attention,Medium Value
717682,425,9,6054.59,4,5,4,454,Champions,Top Value
718064,1335,1,1210.91,1,1,2,112,Lost,Low Value
718151,775,1,319.98,2,1,1,211,Lost,Low Value
718173,1472,1,1064.23,1,1,2,112,Lost,Low Value
718217,789,2,10732.33,2,3,5,235,At Risk,Top Value
718462,370,6,18192.34,4,5,5,455,Champions,Top Value
718811,1257,1,689.7,1,1,1,111,Lost,Low Value
718876,619,3,13975.68,2,4,5,245,At Risk,Top Value
719193,548,3,2738.8,3,4,3,343,Loyal,Medium Value
719537,1102,1,2831.83,1,1,3,113,Lost,Medium Value
719846,547,3,5769.29,3,4,4,344,Loyal,Top Value
719881,1460,1,10963.94,1,1,5,115,Lost,Top Value
720281,975,1,29429.87,1,1,5,115,Lost,Top Value
720460,594,1,1854.73,3,1,2,312,Need Attention,Medium Value
720712,428,2,1908.21,4,3,2,432,Loyal,Medium Value
720913,368,1,3909.0,4,1,3,413,Need Attention,Medium Value
721118,340,6,12866.21,5,5,5,555,Champions,Top Value
721329,846,2,3974.25,2,3,3,233,At Risk,Medium Value
721480,1628,1,399.9,1,1,1,111,Lost,Low Value
721654,589,1,1040.0,3,1,2,312,Need Attention,Low Value
722293,1215,1,3040.0,1,1,3,113,Lost,Medium Value
722377,38,1,1552.6,5,1,2,512,Need Attention,Low Value
722428,435,3,3979.02,3,4,3,343,Loyal,Medium Value
722794,415,2,1419.59,4,3,2,432,Loyal,Low Value
722869,643,2,2360.84,2,3,3,233,At Risk,Medium Value
722960,505,2,3788.71,3,3,3,333,Loyal,Medium Value
723572,1,14,40225.01,5,5,5,555,Champions,Top Value
723850,1543,1,357.87,1,1,1,111,Lost,Low Value
724336,190,1,4023.9,5,1,3,513,Need Attention,Medium Value
724370,407,3,2251.3,4,4,3,443,Loyal,Medium Value
724504,359,4,7804.76,4,5,5,455,Champions,Top Value
724534,236,8,15551.39,5,5,5,555,Champions,Top Value
724604,267,2,338.67,5,3,1,531,Loyal,Low Value
724641,934,1,955.0,1,1,2,112,Lost,Low Value
724827,395,2,10067.1,4,3,5,435,Loyal,Top Value
724985,366,1,4665.91,4,1,4,414,Need Attention,Medium Value
725349,365,2,2589.9,4,3,3,433,Loyal,Medium Value
725383,423,4,15370.05,4,5,5,455,Champions,Top Value
725672,288,4,9393.7,5,5,5,555,Champions,Top Value
725725,550,1,607.85,3,1,1,311,Need Attention,Low Value
725795,471,3,3304.0,3,4,3,343,Loyal,Medium Value
725929,619,1,159.9,2,1,1,211,Lost,Low Value
726123,1034,2,6709.87,1,3,4,134,At Risk,Top Value
726750,516,2,1341.86,3,3,2,332,Loyal,Low Value
726934,645,1,5468.88,2,1,4,214,Lost,Top Value
726955,5,4,5640.25,5,5,4,554,Champions,Top Value
727060,740,1,259.86,2,1,1,211,Lost,Low Value
727094,788,2,5101.07,2,3,4,234,At Risk,Top Value
727109,548,4,3158.55,3,5,3,353,Loyal,Medium Value
727274,395,2,1955.3299999999997,4,3,2,432,Loyal,Medium Value
727285,856,3,1809.77,2,4,2,242,Lost,Medium Value
727770,842,1,1025.9,2,1,2,212,Lost,Low Value
728022,764,3,5601.82,2,4,4,244,At Risk,Top Value
728048,624,2,3031.98,2,3,3,233,At Risk,Medium Value
728116,867,2,4754.849999999999,2,3,4,234,At Risk,Medium Value
728312,1343,2,4004.9700000000003,1,3,3,133,At Risk,Medium Value
728541,1509,2,8893.12,1,3,5,135,At Risk,Top Value
728834,638,3,2412.13,2,4,3,243,At Risk,Medium Value
728891,293,1,269.95,5,1,1,511,Need Attention,Low Value
728967,1697,1,3911.8,1,1,3,113,Lost,Medium Value
729368,421,2,4215.5,4,3,4,434,Loyal,Medium Value
729531,360,2,3209.0,4,3,3,433,Loyal,Medium Value
729681,1391,2,8009.650000000001,1,3,5,135,At Risk,Top Value
730054,540,2,1330.6000000000001,3,3,2,332,Loyal,Low Value
730203,1340,3,2620.66,1,4,3,143,At Risk,Medium Value
730335,537,3,2831.04,3,4,3,343,Loyal,Medium Value
730418,526,1,4082.57,3,1,4,314,Need Attention,Medium Value
730530,1681,1,9714.94,1,1,5,115,Lost,Top Value
730747,880,1,356.0,1,1,1,111,Lost,Low Value
730928,1002,1,989.04,1,1,2,112,Lost,Low Value
731381,759,2,2886.44,2,3,3,233,At Risk,Medium Value
731416,1648,1,6067.370000000001,1,1,4,114,Lost,Top Value
731556,837,3,5129.58,2,4,4,244,At Risk,Top Value
732008,421,3,1210.97,4,4,2,442,Loyal,Low Value
732289,1842,1,2029.95,1,1,2,112,Lost,Medium Value
732580,515,1,3700.87,3,1,3,313,Need Attention,Medium Value
732772,561,1,828.0,3,1,1,311,Need Attention,Low Value
733080,1870,1,6089.0,1,1,4,114,Lost,Top Value
733862,267,3,8363.68,5,4,5,545,Champions,Top Value
733915,856,1,4024.44,2,1,3,213,Lost,Medium Value
734195,710,1,961.13,2,1,2,212,Lost,Low Value
734455,586,3,4993.32,3,4,4,344,Loyal,Top Value
734558,1363,1,77.07000000000001,1,1,1,111,Lost,Low Value
734605,516,2,170.67000000000002,3,3,1,331,Loyal,Low Value
734688,528,2,1614.98,3,3,2,332,Loyal,Low Value
734689,435,2,1130.99,3,3,2,332,Loyal,Low Value
735046,1445,1,598.78,1,1,1,111,Lost,Low Value
735424,659,2,1478.9099999999999,2,3,2,232,Lost,Low Value
735519,482,1,4529.39,3,1,4,314,Need Attention,Medium Value
735657,1319,2,2611.99,1,3,3,133,At Risk,Medium Value
735746,810,3,4439.95,2,4,4,244,At Risk,Medium Value
735816,1747,1,1685.07,1,1,2,112,Lost,Low Value
735859,488,1,349.0,3,1,1,311,Need Attention,Low Value
736272,1284,1,334.76,1,1,1,111,Lost,Low Value
736718,572,2,536.41,3,3,1,331,Loyal,Low Value
737021,1004,1,26.99,1,1,1,111,Lost,Low Value
737166,606,3,2417.62,3,4,3,343,Loyal,Medium Value
737216,1226,3,9499.14,1,4,5,145,At Risk,Top Value
737327,1227,2,2629.52,1,3,3,133,At Risk,Medium Value
737815,351,3,3089.99,4,4,3,443,Loyal,Medium Value
737978,583,4,10959.29,3,5,5,355,Loyal,Top Value
738133,1079,1,6098.8,1,1,4,114,Lost,Top Value
738255,789,1,1819.93,2,1,2,212,Lost,Medium Value
738305,598,1,6076.41,3,1,4,314,Need Attention,Top Value
738388,447,4,23317.77,3,5,5,355,Loyal,Top Value
738446,386,1,73.29,4,1,1,411,Need Attention,Low Value
738549,626,3,1472.0900000000001,2,4,2,242,Lost,Low Value
738786,421,1,1382.74,4,1,2,412,Need Attention,Low Value
738874,747,2,1396.9,2,3,2,232,Lost,Low Value
739091,760,3,6999.8,2,4,4,244,At Risk,Top Value
739214,963,1,598.0,1,1,1,111,Lost,Low Value
739444,423,2,242.83999999999997,4,3,1,431,Loyal,Low Value
739625,370,7,8418.73,4,5,5,455,Champions,Top Value
739922,479,2,7989.09,3,3,5,335,Loyal,Top Value
740028,1208,2,2813.9300000000003,1,3,3,133,At Risk,Medium Value
740612,1116,1,2297.8,1,1,3,113,Lost,Medium Value
740875,778,1,14034.89,2,1,5,215,Lost,Top Value
740990,470,1,398.97,3,1,1,311,Need Attention,Low Value
741037,430,4,14750.46,4,5,5,455,Champions,Top Value
741056,438,1,868.1400000000001,3,1,2,312,Need Attention,Low Value
741257,411,3,11352.210000000001,4,4,5,445,Champions,Top Value
741381,626,4,5205.14,2,5,4,254,At Risk,Top Value
741665,603,1,2426.69,3,1,3,313,Need Attention,Medium Value
741824,603,2,2286.65,3,3,3,333,Loyal,Medium Value
742026,1187,1,1825.69,1,1,2,112,Lost,Medium Value
742886,1188,1,499.0,1,1,1,111,Lost,Low Value
743343,529,1,319.98,3,1,1,311,Need Attention,Low Value
743399,430,3,4145.32,4,4,4,444,Champions,Medium Value
743482,912,2,2045.94,1,3,2,132,Lost,Medium Value
743546,1515,1,5482.150000000001,1,1,4,114,Lost,Top Value
743610,967,3,7421.599999999999,1,4,4,144,At Risk,Top Value
743879,631,2,2516.6600000000003,2,3,3,233,At Risk,Medium Value
744371,976,1,1199.94,1,1,2,112,Lost,Low Value
744459,51,6,12396.39,5,5,5,555,Champions,Top Value
744512,402,2,1138.88,4,3,2,432,Loyal,Low Value
744667,740,2,2053.95,2,3,2,232,Lost,Medium Value
744791,1114,2,5395.58,1,3,4,134,At Risk,Top Value
744822,1002,1,1012.76,1,1,2,112,Lost,Low Value
744922,974,1,2175.94,1,1,3,113,Lost,Medium Value
745253,411,2,9796.17,4,3,5,435,Loyal,Top Value
745462,490,3,15796.27,3,4,5,345,Loyal,Top Value
746112,1716,2,4535.09,1,3,4,134,At Risk,Medium Value
746187,909,2,4907.89,1,3,4,134,At Risk,Medium Value
746778,634,2,431.18,2,3,1,231,Lost,Low Value
746817,403,2,336.96,4,3,1,431,Loyal,Low Value
746898,535,2,2205.51,3,3,3,333,Loyal,Medium Value
747344,1135,1,275.94,1,1,1,111,Lost,Low Value
747526,813,2,1074.98,2,3,2,232,Lost,Low Value
747567,1462,1,2908.99,1,1,3,113,Lost,Medium Value
747984,356,2,12297.970000000001,4,3,5,435,Loyal,Top Value
748190,718,2,2322.87,2,3,3,233,At Risk,Medium Value
748353,517,3,7177.28,3,4,4,344,Loyal,Top Value
748710,652,4,8784.36,2,5,5,255,At Risk,Top Value
748749,1219,2,3065.8,1,3,3,133,At Risk,Medium Value
748788,554,2,8412.0,3,3,5,335,Loyal,Top Value
748823,831,2,1159.0,2,3,2,232,Lost,Low Value
748876,863,2,2570.8,2,3,3,233,At Risk,Medium Value
749016,561,3,4454.34,3,4,4,344,Loyal,Medium Value
749068,268,2,3022.01,5,3,3,533,Loyal,Medium Value
749261,171,2,9132.099999999999,5,3,5,535,Loyal,Top Value
749457,428,2,10017.84,4,3,5,435,Loyal,Top Value
750104,393,2,3989.33,4,3,3,433,Loyal,Medium Value
750139,1356,1,518.0,1,1,1,111,Lost,Low Value
750180,1493,1,313.09,1,1,1,111,Lost,Low Value
750228,410,1,183.62,4,1,1,411,Need Attention,Low Value
750677,428,1,7878.93,4,1,5,415,Need Attention,Top Value
750880,1338,1,2145.84,1,1,2,112,Lost,Medium Value
751036,361,2,1965.34,4,3,2,432,Loyal,Medium Value
751446,873,2,378.5,2,3,1,231,Lost,Low Value
751680,498,2,3207.38,3,3,3,333,Loyal,Medium Value
751961,928,1,3430.34,1,1,3,113,Lost,Medium Value
752186,1009,1,1845.0,1,1,2,112,Lost,Medium Value
752187,232,2,4501.62,5,3,4,534,Loyal,Medium Value
752229,631,1,4802.47,2,1,4,214,Lost,Medium Value
752396,779,2,2686.98,2,3,3,233,At Risk,Medium Value
752411,543,2,3102.19,3,3,3,333,Loyal,Medium Value
753406,1308,1,5139.98,1,1,4,114,Lost,Top Value
753461,276,6,1667.95,5,5,2,552,Loyal,Low Value
753796,241,1,181.0,5,1,1,511,Need Attention,Low Value
753804,366,3,3206.85,4,4,3,443,Loyal,Medium Value
754542,531,4,20961.41,3,5,5,355,Loyal,Top Value
754804,1579,1,3880.92,1,1,3,113,Lost,Medium Value
754897,1621,1,149.99,1,1,1,111,Lost,Low Value
755042,769,2,6528.35,2,3,4,234,At Risk,Top Value
755259,795,1,84.0,2,1,1,211,Lost,Low Value
755279,507,1,1499.94,3,1,2,312,Need Attention,Low Value
755367,409,1,932.98,4,1,2,412,Need Attention,Low Value
755462,113,4,1314.78,5,5,2,552,Loyal,Low Value
755504,451,2,1266.92,3,3,2,332,Loyal,Low Value
755735,564,4,4831.25,3,5,4,354,Loyal,Medium Value
755845,367,3,10588.38,4,4,5,445,Champions,Top Value
756078,1298,1,2876.99,1,1,3,113,Lost,Medium Value
756093,822,1,11359.769999999999,2,1,5,215,Lost,Top Value
756173,598,1,3915.76,3,1,3,313,Need Attention,Medium Value
756380,989,1,809.71,1,1,1,111,Lost,Low Value
756402,360,1,6735.3,4,1,4,414,Need Attention,Top Value
756504,517,2,3926.98,3,3,3,333,Loyal,Medium Value
757027,598,2,489.98,3,3,1,331,Loyal,Low Value
757031,283,3,9551.02,5,4,5,545,Champions,Top Value
757547,1310,1,1784.8799999999999,1,1,2,112,Lost,Medium Value
757767,892,2,3007.9,1,3,3,133,At Risk,Medium Value
758065,806,1,758.0,2,1,1,211,Lost,Low Value
758280,221,5,6432.41,5,5,4,554,Champions,Top Value
758321,526,4,19082.99,3,5,5,355,Loyal,Top Value
758494,499,2,1469.88,3,3,2,332,Loyal,Low Value
758534,1255,2,4488.120000000001,1,3,4,134,At Risk,Medium Value
758568,986,1,2629.8,1,1,3,113,Lost,Medium Value
758863,422,2,4447.67,4,3,4,434,Loyal,Medium Value
758899,1096,1,5632.0,1,1,4,114,Lost,Top Value
759049,372,1,4453.89,4,1,4,414,Need Attention,Medium Value
759132,355,2,3467.5699999999997,4,3,3,433,Loyal,Medium Value
759498,465,4,3604.99,3,5,3,353,Loyal,Medium Value
759569,883,1,2871.45,1,1,3,113,Lost,Medium Value
759602,381,1,1589.9,4,1,2,412,Need Attention,Low Value
759633,555,2,13251.330000000002,3,3,5,335,Loyal,Top Value
759676,291,1,692.9300000000001,5,1,1,511,Need Attention,Low Value
759705,1341,2,14045.06,1,3,5,135,At Risk,Top Value
759874,1277,1,2467.84,1,1,3,113,Lost,Medium Value
760031,603,2,51.010000000000005,3,3,1,331,Loyal,Low Value
760553,381,2,1693.31,4,3,2,432,Loyal,Medium Value
760816,1847,1,2201.69,1,1,3,113,Lost,Medium Value
760889,592,2,1453.5300000000002,3,3,2,332,Loyal,Low Value
760987,477,3,9727.51,3,4,5,345,Loyal,Top Value
761177,625,3,5894.27,2,4,4,244,At Risk,Top Value
761297,486,4,5313.74,3,5,4,354,Loyal,Top Value
761306,404,3,14496.689999999999,4,4,5,445,Champions,Top Value
761433,834,3,3164.73,2,4,3,243,At Risk,Medium Value
761495,757,4,15627.27,2,5,5,255,At Risk,Top Value
761908,260,4,15047.0,5,5,5,555,Champions,Top Value
761955,1746,1,17.99,1,1,1,111,Lost,Low Value
762108,559,2,1896.97,3,3,2,332,Loyal,Medium Value
762498,1394,1,2880.0,1,1,3,113,Lost,Medium Value
762540,1466,1,499.9,1,1,1,111,Lost,Low Value
762585,172,1,151.48,5,1,1,511,Need Attention,Low Value
762652,399,3,3817.79,4,4,3,443,Loyal,Medium Value
762782,600,2,7839.32,3,3,5,335,Loyal,Top Value
762959,1181,3,4995.9400000000005,1,4,4,144,At Risk,Top Value
763033,382,4,19517.91,4,5,5,455,Champions,Top Value
763246,1877,1,9599.97,1,1,5,115,Lost,Top Value
763336,1514,1,919.0,1,1,2,112,Lost,Low Value
763337,662,2,3919.96,2,3,3,233,At Risk,Medium Value
763509,852,1,213.53,2,1,1,211,Lost,Low Value
763573,1,3,27017.1,5,4,5,545,Champions,Top Value
763597,426,3,3854.83,4,4,3,443,Loyal,Medium Value
763606,753,1,1958.95,2,1,2,212,Lost,Medium Value
763798,610,1,5879.959999999999,2,1,4,214,Lost,Top Value
764100,1518,1,1207.0,1,1,2,112,Lost,Low Value
764618,449,2,1869.06,3,3,2,332,Loyal,Medium Value
764628,1102,3,4011.5,1,4,3,143,At Risk,Medium Value
765589,633,1,775.98,2,1,1,211,Lost,Low Value
765629,800,1,27.9,2,1,1,211,Lost,Low Value
765879,598,1,347.29,3,1,1,311,Need Attention,Low Value
765944,383,1,429.65,4,1,1,411,Need Attention,Low Value
765949,1002,3,2381.74,1,4,3,143,At Risk,Medium Value
766410,736,1,2819.34,2,1,3,213,Lost,Medium Value
766452,372,1,529.73,4,1,1,411,Need Attention,Low Value
766472,724,1,460.0,2,1,1,211,Lost,Low Value
766542,1588,1,154.14000000000001,1,1,1,111,Lost,Low Value
766566,260,1,59.96,5,1,1,511,Need Attention,Low Value
766850,1027,1,7020.97,1,1,4,114,Lost,Top Value
768089,562,1,1653.99,3,1,2,312,Need Attention,Low Value
768197,1513,1,2946.87,1,1,3,113,Lost,Medium Value
768280,230,3,5084.99,5,4,4,544,Champions,Top Value
768377,825,2,15334.380000000001,2,3,5,235,At Risk,Top Value
768386,1313,1,102.0,1,1,1,111,Lost,Low Value
768430,3,1,513.32,5,1,1,511,Need Attention,Low Value
768850,830,2,3137.8,2,3,3,233,At Risk,Medium Value
768882,357,4,14622.37,4,5,5,455,Champions,Top Value
769090,1009,3,3672.05,1,4,3,143,At Risk,Medium Value
769121,379,2,13002.51,4,3,5,435,Loyal,Top Value
769211,629,3,4320.23,2,4,4,244,At Risk,Medium Value
769462,543,1,1234.91,3,1,2,312,Need Attention,Low Value
769587,1555,1,89.91,1,1,1,111,Lost,Low Value
769777,834,1,370.90000000000003,2,1,1,211,Lost,Low Value
769851,413,5,5885.91,4,5,4,454,Champions,Top Value
770066,1025,1,196.9,1,1,1,111,Lost,Low Value
770288,379,3,8473.97,4,4,5,445,Champions,Top Value
770299,568,1,1328.85,3,1,2,312,Need Attention,Low Value
770404,1264,1,2441.3999999999996,1,1,3,113,Lost,Medium Value
770560,290,5,14098.25,5,5,5,555,Champions,Top Value
770856,11,2,7234.87,5,3,4,534,Loyal,Top Value
771127,454,1,2663.76,3,1,3,313,Need Attention,Medium Value
771158,865,1,4512.0,2,1,4,214,Lost,Medium Value
771291,767,1,782.0,2,1,1,211,Lost,Low Value
771348,491,3,17316.9,3,4,5,345,Loyal,Top Value
771697,415,2,10521.8,4,3,5,435,Loyal,Top Value
771803,198,1,610.55,5,1,1,511,Need Attention,Low Value
771868,625,1,950.0,2,1,2,212,Lost,Low Value
771968,957,1,1179.0,1,1,2,112,Lost,Low Value
772324,1324,2,2021.5300000000002,1,3,2,132,Lost,Medium Value
772646,493,8,6787.55,3,5,4,354,Loyal,Top Value
772732,1095,1,1278.04,1,1,2,112,Lost,Low Value
772817,948,1,750.0,1,1,1,111,Lost,Low Value
772975,382,3,2836.62,4,4,3,443,Loyal,Medium Value
773180,582,1,329.96999999999997,3,1,1,311,Need Attention,Low Value
773234,1178,1,6594.92,1,1,4,114,Lost,Top Value
773587,740,1,3994.6,2,1,3,213,Lost,Medium Value
773896,425,6,22010.53,4,5,5,455,Champions,Top Value
774165,417,4,9382.85,4,5,5,455,Champions,Top Value
774205,393,3,13086.95,4,4,5,445,Champions,Top Value
774483,537,5,13581.230000000001,3,5,5,355,Loyal,Top Value
774618,1542,1,720.0,1,1,1,111,Lost,Low Value
774742,421,3,19436.61,4,4,5,445,Champions,Top Value
775116,536,1,1730.0,3,1,2,312,Need Attention,Medium Value
775223,988,3,4633.7,1,4,4,144,At Risk,Medium Value
775239,505,5,14444.8,3,5,5,355,Loyal,Top Value
775588,415,3,13724.41,4,4,5,445,Champions,Top Value
775606,347,3,3394.9700000000003,4,4,3,443,Loyal,Medium Value
775966,258,3,5394.97,5,4,4,544,Champions,Top Value
776200,365,1,28.0,4,1,1,411,Need Attention,Low Value
776266,563,3,3875.46,3,4,3,343,Loyal,Medium Value
776308,727,1,3915.8900000000003,2,1,3,213,Lost,Medium Value
776341,591,2,3846.39,3,3,3,333,Loyal,Medium Value
776422,430,1,2703.7,4,1,3,413,Need Attention,Medium Value
776431,1856,1,1154.5,1,1,2,112,Lost,Low Value
776865,429,1,955.0,4,1,2,412,Need Attention,Low Value
777143,1095,2,6220.780000000001,1,3,4,134,At Risk,Top Value
777144,417,3,7080.71,4,4,4,444,Champions,Top Value
777192,725,1,1183.52,2,1,2,212,Lost,Low Value
777391,374,2,1788.0,4,3,2,432,Loyal,Medium Value
777495,421,2,1603.76,4,3,2,432,Loyal,Low Value
777688,474,3,11108.61,3,4,5,345,Loyal,Top Value
777813,921,2,3079.56,1,3,3,133,At Risk,Medium Value
777904,1569,1,6.88,1,1,1,111,Lost,Low Value
777994,880,1,2183.99,1,1,3,113,Lost,Medium Value
778127,424,3,1523.5,4,4,2,442,Loyal,Low Value
778259,953,2,6841.73,1,3,4,134,At Risk,Top Value
778498,491,6,22542.15,3,5,5,355,Loyal,Top Value
778574,1128,1,169.0,1,1,1,111,Lost,Low Value
778636,62,8,11685.19,5,5,5,555,Champions,Top Value
779320,421,2,2658.5,4,3,3,433,Loyal,Medium Value
779729,52,1,888.8900000000001,5,1,2,512,Need Attention,Low Value
780145,514,1,899.94,3,1,2,312,Need Attention,Low Value
780607,753,1,835.97,2,1,1,211,Lost,Low Value
780674,1536,2,1105.95,1,3,2,132,Lost,Low Value
780806,729,2,2658.14,2,3,3,233,At Risk,Medium Value
780834,521,2,1407.0,3,3,2,332,Loyal,Low Value
780974,72,9,24847.98,5,5,5,555,Champions,Top Value
781667,501,2,3945.97,3,3,3,333,Loyal,Medium Value
781703,374,2,1620.57,4,3,2,432,Loyal,Low Value
781865,1158,1,2317.96,1,1,3,113,Lost,Medium Value
782107,472,3,2747.5,3,4,3,343,Loyal,Medium Value
782381,506,1,29.95,3,1,1,311,Need Attention,Low Value
782571,487,1,1376.0,3,1,2,312,Need Attention,Low Value
782741,790,1,1149.5,2,1,2,212,Lost,Low Value
783060,380,2,6247.18,4,3,4,434,Loyal,Top Value
783323,188,1,3695.4799999999996,5,1,3,513,Need Attention,Medium Value
783542,792,2,1181.58,2,3,2,232,Lost,Low Value
783691,1808,2,22569.85,1,3,5,135,At Risk,Top Value
784001,779,4,5430.56,2,5,4,254,At Risk,Top Value
784075,1872,1,1049.93,1,1,2,112,Lost,Low Value
784276,433,3,4138.0,4,4,4,444,Champions,Medium Value
784296,848,3,1230.6999999999998,2,4,2,242,Lost,Low Value
784331,782,2,5808.99,2,3,4,234,At Risk,Top Value
784521,1499,1,3068.0,1,1,3,113,Lost,Medium Value
784536,1331,1,5097.0,1,1,4,114,Lost,Top Value
784572,579,3,25330.97,3,4,5,345,Loyal,Top Value
784640,360,2,715.42,4,3,1,431,Loyal,Low Value
784983,419,4,16764.76,4,5,5,455,Champions,Top Value
785234,967,1,2013.93,1,1,2,112,Lost,Medium Value
785245,435,3,2851.25,3,4,3,343,Loyal,Medium Value
785344,424,4,3250.87,4,5,3,453,Loyal,Medium Value
785353,579,3,4057.99,3,4,3,343,Loyal,Medium Value
785381,468,2,10263.0,3,3,5,335,Loyal,Top Value
785441,358,4,2939.41,4,5,3,453,Loyal,Medium Value
785565,393,2,13239.07,4,3,5,435,Loyal,Top Value
785749,1284,1,1897.62,1,1,2,112,Lost,Medium Value
785861,1531,1,2661.91,1,1,3,113,Lost,Medium Value
786030,389,4,9036.23,4,5,5,455,Champions,Top Value
786094,417,3,3157.7400000000002,4,4,3,443,Loyal,Medium Value
786238,422,2,3696.94,4,3,3,433,Loyal,Medium Value
786466,1627,1,694.47,1,1,1,111,Lost,Low Value
786560,1472,1,2557.27,1,1,3,113,Lost,Medium Value
786832,428,4,12699.32,4,5,5,455,Champions,Top Value
786890,626,2,4188.8,2,3,4,234,At Risk,Medium Value
786926,429,1,2017.36,4,1,2,412,Need Attention,Medium Value
787315,463,7,14963.81,3,5,5,355,Loyal,Top Value
788145,967,1,399.8,1,1,1,111,Lost,Low Value
788244,380,3,5016.85,4,4,4,444,Champions,Top Value
788408,1094,1,8936.26,1,1,5,115,Lost,Top Value
788414,739,2,6265.66,2,3,4,234,At Risk,Top Value
788420,454,1,660.0,3,1,1,311,Need Attention,Low Value
788625,1032,2,3586.45,1,3,3,133,At Risk,Medium Value
788834,605,2,3374.95,3,3,3,333,Loyal,Medium Value
789061,586,1,644.0400000000001,3,1,1,311,Need Attention,Low Value
789108,851,3,2605.29,2,4,3,243,At Risk,Medium Value
789177,520,2,2038.0,3,3,2,332,Loyal,Medium Value
789492,1146,1,5171.58,1,1,4,114,Lost,Top Value
789600,477,5,11172.18,3,5,5,355,Loyal,Top Value
789641,1870,1,2224.0,1,1,3,113,Lost,Medium Value
789837,970,1,727.0,1,1,1,111,Lost,Low Value
789843,821,1,67.96,2,1,1,211,Lost,Low Value
790067,1506,1,4567.99,1,1,4,114,Lost,Medium Value
790269,436,3,5236.98,3,4,4,344,Loyal,Top Value
790329,1159,2,8142.16,1,3,5,135,At Risk,Top Value
790593,995,2,4655.28,1,3,4,134,At Risk,Medium Value
791538,54,1,2385.64,5,1,3,513,Need Attention,Medium Value
791544,491,3,3834.6499999999996,3,4,3,343,Loyal,Medium Value
791753,1161,3,1977.7,1,4,2,142,Lost,Medium Value
791808,489,1,140.74,3,1,1,311,Need Attention,Low Value
791825,782,1,1130.8899999999999,2,1,2,212,Lost,Low Value
791855,766,2,4067.91,2,3,3,233,At Risk,Medium Value
791967,445,4,8760.84,3,5,5,355,Loyal,Top Value
792110,1851,1,2124.0,1,1,2,112,Lost,Medium Value
792270,410,2,1317.4,4,3,2,432,Loyal,Low Value
792279,288,3,6543.95,5,4,4,544,Champions,Top Value
792298,1464,1,369.0,1,1,1,111,Lost,Low Value
792434,15,4,9243.55,5,5,5,555,Champions,Top Value
792588,1170,2,12434.34,1,3,5,135,At Risk,Top Value
792601,1691,1,1531.0,1,1,2,112,Lost,Low Value
792829,410,4,8398.289999999999,4,5,5,455,Champions,Top Value
793099,587,1,298.0,3,1,1,311,Need Attention,Low Value
793573,218,2,6382.16,5,3,4,534,Loyal,Top Value
793686,418,10,13097.44,4,5,5,455,Champions,Top Value
793700,620,1,2670.97,2,1,3,213,Lost,Medium Value
793867,657,4,10967.94,2,5,5,255,At Risk,Top Value
793968,1865,1,223.84,1,1,1,111,Lost,Low Value
794575,729,2,2155.0,2,3,2,232,Lost,Medium Value
795382,439,2,5642.7,3,3,4,334,Loyal,Top Value
795665,750,3,2034.79,2,4,2,242,Lost,Medium Value
795767,1583,1,219.0,1,1,1,111,Lost,Low Value
795887,1573,1,1589.78,1,1,2,112,Lost,Low Value
796191,360,6,7463.080000000001,4,5,4,454,Champions,Top Value
796439,458,4,2888.98,3,5,3,353,Loyal,Medium Value
796606,884,1,1111.93,1,1,2,112,Lost,Low Value
796631,362,5,10508.18,4,5,5,455,Champions,Top Value
797322,1259,2,5910.25,1,3,4,134,At Risk,Top Value
797480,291,1,10634.0,5,1,5,515,Need Attention,Top Value
797634,1717,1,3439.67,1,1,3,113,Lost,Medium Value
797679,463,1,1289.66,3,1,2,312,Need Attention,Low Value
798120,1394,1,398.0,1,1,1,111,Lost,Low Value
798990,390,2,8739.84,4,3,5,435,Loyal,Top Value
799025,614,2,661.36,2,3,1,231,Lost,Low Value
799260,841,2,2259.0,2,3,3,233,At Risk,Medium Value
799323,384,1,1432.0,4,1,2,412,Need Attention,Low Value
799366,1877,1,4819.389999999999,1,1,4,114,Lost,Medium Value
799620,218,2,5209.94,5,3,4,534,Loyal,Top Value
799689,1072,1,1271.9,1,1,2,112,Lost,Low Value
799779,1614,1,400.0,1,1,1,111,Lost,Low Value
800156,481,3,1993.82,3,4,2,342,Loyal,Medium Value
800159,619,2,790.1800000000001,2,3,1,231,Lost,Low Value
800273,254,3,8297.94,5,4,5,545,Champions,Top Value
800304,1585,1,665.94,1,1,1,111,Lost,Low Value
800388,73,2,3680.18,5,3,3,533,Loyal,Medium Value
800548,1870,1,37.980000000000004,1,1,1,111,Lost,Low Value
800891,214,1,289.99,5,1,1,511,Need Attention,Low Value
800933,411,1,3877.2,4,1,3,413,Need Attention,Medium Value
800943,1249,1,3630.56,1,1,3,113,Lost,Medium Value
800959,492,1,496.0,3,1,1,311,Need Attention,Low Value
801069,410,3,1590.37,4,4,2,442,Loyal,Low Value
801168,416,2,27276.08,4,3,5,435,Loyal,Top Value
801203,418,1,1043.58,4,1,2,412,Need Attention,Low Value
801350,1594,1,4945.3,1,1,4,114,Lost,Medium Value
801770,542,1,1813.95,3,1,2,312,Need Attention,Medium Value
801780,33,1,5747.0,5,1,4,514,Need Attention,Top Value
801796,467,1,4817.25,3,1,4,314,Need Attention,Medium Value
801893,405,2,3443.44,4,3,3,433,Loyal,Medium Value
802041,509,3,11900.96,3,4,5,345,Loyal,Top Value
802246,803,1,4207.29,2,1,4,214,Lost,Medium Value
802265,631,2,1505.9099999999999,2,3,2,232,Lost,Low Value
802354,452,1,3931.04,3,1,3,313,Need Attention,Medium Value
802596,1109,1,1177.0,1,1,2,112,Lost,Low Value
802660,402,2,1488.87,4,3,2,432,Loyal,Low Value
802757,579,3,6905.01,3,4,4,344,Loyal,Top Value
803022,627,1,259.9,2,1,1,211,Lost,Low Value
803041,479,1,1129.0,3,1,2,312,Need Attention,Low Value
803125,368,3,3602.88,4,4,3,443,Loyal,Medium Value
803670,13,1,6717.02,5,1,4,514,Need Attention,Top Value
803903,100,2,760.8,5,3,1,531,Loyal,Low Value
804008,362,1,25.69,4,1,1,411,Need Attention,Low Value
804388,285,2,7551.91,5,3,5,535,Loyal,Top Value
804871,807,2,1419.75,2,3,2,232,Lost,Low Value
805166,512,4,4388.92,3,5,4,354,Loyal,Medium Value
805212,549,1,1980.88,3,1,2,312,Need Attention,Medium Value
805258,596,3,4306.26,3,4,4,344,Loyal,Medium Value
805389,75,1,2263.66,5,1,3,513,Need Attention,Medium Value
805635,552,2,2465.85,3,3,3,333,Loyal,Medium Value
805914,239,4,13622.6,5,5,5,555,Champions,Top Value
806791,382,2,17379.800000000003,4,3,5,435,Loyal,Top Value
806903,529,2,678.9200000000001,3,3,1,331,Loyal,Low Value
807061,419,1,613.6800000000001,4,1,1,411,Need Attention,Low Value
807157,607,1,934.97,2,1,2,212,Lost,Low Value
807349,1458,1,2394.97,1,1,3,113,Lost,Medium Value
807577,738,1,347.64,2,1,1,211,Lost,Low Value
807641,598,2,7497.74,3,3,5,335,Loyal,Top Value
807958,417,4,5852.19,4,5,4,454,Champions,Top Value
808000,80,4,2918.5699999999997,5,5,3,553,Loyal,Medium Value
808172,613,2,996.9000000000001,2,3,2,232,Lost,Low Value
808497,599,2,2924.72,3,3,3,333,Loyal,Medium Value
808540,1514,1,748.88,1,1,1,111,Lost,Low Value
808670,359,2,5052.280000000001,4,3,4,434,Loyal,Top Value
809163,499,1,1345.98,3,1,2,312,Need Attention,Low Value
809243,788,1,4935.55,2,1,4,214,Lost,Medium Value
809370,471,1,157.87,3,1,1,311,Need Attention,Low Value
809452,229,2,5867.03,5,3,4,534,Loyal,Top Value
809659,351,2,91.66,4,3,1,431,Loyal,Low Value
810167,212,3,9281.09,5,4,5,545,Champions,Top Value
810226,410,2,507.98,4,3,1,431,Loyal,Low Value
810304,421,2,1551.0,4,3,2,432,Loyal,Low Value
810415,393,2,7697.629999999999,4,3,5,435,Loyal,Top Value
810541,768,1,536.0,2,1,1,211,Lost,Low Value
810775,729,1,1120.98,2,1,2,212,Lost,Low Value
810797,730,1,2489.9000000000005,2,1,3,213,Lost,Medium Value
810900,786,2,11956.31,2,3,5,235,At Risk,Top Value
810968,174,4,224.35999999999999,5,5,1,551,Loyal,Low Value
811059,386,2,926.97,4,3,2,432,Loyal,Low Value
811306,521,1,1095.0,3,1,2,312,Need Attention,Low Value
811602,394,1,2436.0,4,1,3,413,Need Attention,Medium Value
811715,555,1,3325.98,3,1,3,313,Need Attention,Medium Value
811725,472,1,438.0,3,1,1,311,Need Attention,Low Value
811809,59,4,7900.62,5,5,5,555,Champions,Top Value
811912,419,3,12974.220000000001,4,4,5,445,Champions,Top Value
812462,367,5,13479.14,4,5,5,455,Champions,Top Value
812557,78,4,3297.08,5,5,3,553,Loyal,Medium Value
813109,510,2,2060.89,3,3,2,332,Loyal,Medium Value
813600,5,2,1793.77,5,3,2,532,Loyal,Medium Value
813685,99,2,519.98,5,3,1,531,Loyal,Low Value
813692,288,2,1821.3899999999999,5,3,2,532,Loyal,Medium Value
813868,456,1,359.98,3,1,1,311,Need Attention,Low Value
813943,600,2,5416.9,3,3,4,334,Loyal,Top Value
814070,757,1,534.72,2,1,1,211,Lost,Low Value
814141,1251,3,1242.9,1,4,2,142,Lost,Low Value
814284,1523,1,269.9,1,1,1,111,Lost,Low Value
814898,367,1,804.0,4,1,1,411,Need Attention,Low Value
814949,520,1,2299.0,3,1,3,313,Need Attention,Medium Value
815009,260,4,2778.3199999999997,5,5,3,553,Loyal,Medium Value
815431,485,1,342.7,3,1,1,311,Need Attention,Low Value
815458,1877,1,1437.58,1,1,2,112,Lost,Low Value
815559,544,2,2144.11,3,3,2,332,Loyal,Medium Value
815708,267,1,1813.0,5,1,2,512,Need Attention,Medium Value
816104,234,3,5846.63,5,4,4,544,Champions,Top Value
816452,713,1,198.37,2,1,1,211,Lost,Low Value
816687,436,2,10527.97,3,3,5,335,Loyal,Top Value
816906,449,1,3120.0,3,1,3,313,Need Attention,Medium Value
816916,739,1,330.0,2,1,1,211,Lost,Low Value
816932,369,4,5689.570000000001,4,5,4,454,Champions,Top Value
817078,528,2,1801.4,3,3,2,332,Loyal,Medium Value
817271,788,3,15256.15,2,4,5,245,At Risk,Top Value
817645,610,2,588.95,2,3,1,231,Lost,Low Value
817781,346,3,6491.9,4,4,4,444,Champions,Top Value
817992,538,2,2572.9700000000003,3,3,3,333,Loyal,Medium Value
818100,1152,1,6758.44,1,1,4,114,Lost,Top Value
818245,709,2,10228.97,2,3,5,235,At Risk,Top Value
818966,1333,1,6544.16,1,1,4,114,Lost,Top Value
819031,415,2,8928.0,4,3,5,435,Loyal,Top Value
819369,2,2,13967.65,5,3,5,535,Loyal,Top Value
819688,359,1,102.0,4,1,1,411,Need Attention,Low Value
819803,439,2,5730.91,3,3,4,334,Loyal,Top Value
819814,953,1,132.99,1,1,1,111,Lost,Low Value
819887,799,1,2978.21,2,1,3,213,Lost,Medium Value
819982,1177,1,508.0,1,1,1,111,Lost,Low Value
820276,1150,2,2490.43,1,3,3,133,At Risk,Medium Value
820468,537,3,4577.08,3,4,4,344,Loyal,Medium Value
820595,1724,1,474.0,1,1,1,111,Lost,Low Value
820848,862,1,1380.8899999999999,2,1,2,212,Lost,Low Value
820946,429,2,1187.54,4,3,2,432,Loyal,Low Value
821074,751,1,894.28,2,1,2,212,Lost,Low Value
821079,291,1,1375.98,5,1,2,512,Need Attention,Low Value
821760,6,2,1801.97,5,3,2,532,Loyal,Medium Value
822180,1154,1,57.88,1,1,1,111,Lost,Low Value
822437,503,1,2537.8500000000004,3,1,3,313,Need Attention,Medium Value
822658,219,4,15224.400000000001,5,5,5,555,Champions,Top Value
822698,1506,2,1939.8899999999999,1,3,2,132,Lost,Medium Value
823079,398,5,7062.35,4,5,4,454,Champions,Top Value
823143,223,2,2631.74,5,3,3,533,Loyal,Medium Value
823157,452,1,1329.14,3,1,2,312,Need Attention,Low Value
823264,813,1,381.98,2,1,1,211,Lost,Low Value
823679,1136,1,4911.4,1,1,4,114,Lost,Medium Value
823682,283,2,1478.0,5,3,2,532,Loyal,Low Value
824232,218,1,2665.0,5,1,3,513,Need Attention,Medium Value
824543,26,4,3901.56,5,5,3,553,Loyal,Medium Value
824641,785,2,1597.98,2,3,2,232,Lost,Low Value
824697,1515,1,308.96,1,1,1,111,Lost,Low Value
824789,1213,1,326.0,1,1,1,111,Lost,Low Value
824810,596,3,2967.5299999999997,3,4,3,343,Loyal,Medium Value
825321,424,2,6253.45,4,3,4,434,Loyal,Top Value
825334,472,2,660.82,3,3,1,331,Loyal,Low Value
825856,589,1,41.67,3,1,1,311,Need Attention,Low Value
825894,429,4,22374.94,4,5,5,455,Champions,Top Value
825960,257,1,308.97,5,1,1,511,Need Attention,Low Value
826032,1077,3,4312.35,1,4,4,144,At Risk,Medium Value
826253,794,3,1303.95,2,4,2,242,Lost,Low Value
826491,666,2,11609.85,2,3,5,235,At Risk,Top Value
826672,914,1,476.0,1,1,1,111,Lost,Low Value
826782,656,1,4931.4,2,1,4,214,Lost,Medium Value
826863,51,2,15616.95,5,3,5,535,Loyal,Top Value
827041,745,1,3279.5400000000004,2,1,3,213,Lost,Medium Value
827536,362,1,301.65000000000003,4,1,1,411,Need Attention,Low Value
828017,1826,1,699.95,1,1,1,111,Lost,Low Value
828028,890,1,714.0,1,1,1,111,Lost,Low Value
828125,533,3,4366.07,3,4,4,344,Loyal,Medium Value
828800,552,2,1868.68,3,3,2,332,Loyal,Medium Value
828806,904,1,2729.7200000000003,1,1,3,113,Lost,Medium Value
828969,879,2,5837.18,1,3,4,134,At Risk,Top Value
829132,1849,1,573.6,1,1,1,111,Lost,Low Value
829295,358,3,3067.98,4,4,3,443,Loyal,Medium Value
829346,398,4,14476.050000000001,4,5,5,455,Champions,Top Value
829679,1591,1,2761.87,1,1,3,113,Lost,Medium Value
829929,254,1,589.97,5,1,1,511,Need Attention,Low Value
830087,552,2,2175.96,3,3,3,333,Loyal,Medium Value
830137,400,4,6965.219999999999,4,5,4,454,Champions,Top Value
830366,376,3,6763.94,4,4,4,444,Champions,Top Value
830447,363,2,6740.91,4,3,4,434,Loyal,Top Value
830610,400,1,4219.0,4,1,4,414,Need Attention,Medium Value
830683,358,2,1567.0,4,3,2,432,Loyal,Low Value
830974,822,1,1168.96,2,1,2,212,Lost,Low Value
831062,736,1,57.88,2,1,1,211,Lost,Low Value
831099,486,2,5203.35,3,3,4,334,Loyal,Top Value
831151,52,2,13618.45,5,3,5,535,Loyal,Top Value
831207,1641,1,1216.4,1,1,2,112,Lost,Low Value
831208,29,3,7052.57,5,4,4,544,Champions,Top Value
831657,845,5,6214.27,2,5,4,254,At Risk,Top Value
831717,1146,2,638.9300000000001,1,3,1,131,Lost,Low Value
832004,624,2,2642.46,2,3,3,233,At Risk,Medium Value
832078,771,1,51.38,2,1,1,211,Lost,Low Value
832272,1827,1,6313.99,1,1,4,114,Lost,Top Value
832343,1124,1,664.93,1,1,1,111,Lost,Low Value
832398,3,2,506.92,5,3,1,531,Loyal,Low Value
832813,488,4,5197.2,3,5,4,354,Loyal,Top Value
833090,638,1,13.78,2,1,1,211,Lost,Low Value
833662,363,3,4885.91,4,4,4,444,Champions,Medium Value
833699,652,1,872.4,2,1,2,212,Lost,Low Value
833851,1194,1,114.45,1,1,1,111,Lost,Low Value
834086,999,1,3798.93,1,1,3,113,Lost,Medium Value
834109,523,1,1055.57,3,1,2,312,Need Attention,Low Value
834236,1368,1,3866.98,1,1,3,113,Lost,Medium Value
834480,1461,1,2555.98,1,1,3,113,Lost,Medium Value
834550,459,1,3715.65,3,1,3,313,Need Attention,Medium Value
834711,515,2,3274.1,3,3,3,333,Loyal,Medium Value
834977,400,2,5292.61,4,3,4,434,Loyal,Top Value
835043,1081,1,4932.6,1,1,4,114,Lost,Medium Value
835380,590,1,310.9,3,1,1,311,Need Attention,Low Value
835381,227,1,676.92,5,1,1,511,Need Attention,Low Value
835552,359,3,3140.7999999999997,4,4,3,443,Loyal,Medium Value
835858,403,2,4737.9,4,3,4,434,Loyal,Medium Value
836267,9,2,10317.54,5,3,5,535,Loyal,Top Value
836435,66,4,8447.75,5,5,5,555,Champions,Top Value
836443,895,3,3842.85,1,4,3,143,At Risk,Medium Value
836853,368,2,2767.19,4,3,3,433,Loyal,Medium Value
836922,661,2,1749.99,2,3,2,232,Lost,Medium Value
837092,1316,1,1857.0,1,1,2,112,Lost,Medium Value
837312,857,2,3558.8900000000003,2,3,3,233,At Risk,Medium Value
837383,1654,2,4101.94,1,3,4,134,At Risk,Medium Value
837475,636,2,5053.65,2,3,4,234,At Risk,Top Value
837507,631,1,663.99,2,1,1,211,Lost,Low Value
837526,817,3,3140.82,2,4,3,243,At Risk,Medium Value
837545,195,1,1938.0,5,1,2,512,Need Attention,Medium Value
837654,347,2,287.32,4,3,1,431,Loyal,Low Value
837702,184,2,6534.87,5,3,4,534,Loyal,Top Value
837781,429,1,3158.9700000000003,4,1,3,413,Need Attention,Medium Value
837825,527,1,205.52,3,1,1,311,Need Attention,Low Value
837850,520,1,148.32,3,1,1,311,Need Attention,Low Value
837870,354,5,8096.3,4,5,5,455,Champions,Top Value
837943,1207,1,1656.4099999999999,1,1,2,112,Lost,Low Value
838480,443,2,8716.28,3,3,5,335,Loyal,Top Value
838631,401,3,4339.88,4,4,4,444,Champions,Medium Value
839353,501,4,6164.74,3,5,4,354,Loyal,Top Value
839871,601,1,1304.19,3,1,2,312,Need Attention,Low Value
839948,766,2,2179.9,2,3,3,233,At Risk,Medium Value
839949,863,1,800.0,2,1,1,211,Lost,Low Value
840443,1340,1,3355.0,1,1,3,113,Lost,Medium Value
840446,480,2,4646.41,3,3,4,334,Loyal,Medium Value
840642,624,2,4345.9,2,3,4,234,At Risk,Medium Value
841472,109,4,7862.66,5,5,5,555,Champions,Top Value
841761,409,2,5105.99,4,3,4,434,Loyal,Top Value
841852,1545,1,2619.93,1,1,3,113,Lost,Medium Value
842205,550,3,1858.98,3,4,2,342,Loyal,Medium Value
842317,573,4,3987.1400000000003,3,5,3,353,Loyal,Medium Value
842359,236,1,2593.66,5,1,3,513,Need Attention,Medium Value
842407,1494,1,699.93,1,1,1,111,Lost,Low Value
843433,351,1,94.17,4,1,1,411,Need Attention,Low Value
843554,465,1,9.96,3,1,1,311,Need Attention,Low Value
843597,367,1,995.0,4,1,2,412,Need Attention,Low Value
844003,1878,1,1876.0,1,1,2,112,Lost,Medium Value
844208,276,2,4915.03,5,3,4,534,Loyal,Medium Value
844232,883,1,287.70000000000005,1,1,1,111,Lost,Low Value
844474,400,5,10142.76,4,5,5,455,Champions,Top Value
844760,745,1,316.0,2,1,1,211,Lost,Low Value
844832,1859,1,1131.9,1,1,2,112,Lost,Low Value
845119,594,1,935.0,3,1,2,312,Need Attention,Low Value
845362,785,2,2364.92,2,3,3,233,At Risk,Medium Value
845516,626,2,2495.91,2,3,3,233,At Risk,Medium Value
845621,419,2,2040.5,4,3,2,432,Loyal,Medium Value
845864,759,2,889.98,2,3,2,232,Lost,Low Value
846031,620,2,2316.9700000000003,2,3,3,233,At Risk,Medium Value
846141,1215,1,7377.32,1,1,4,114,Lost,Top Value
846187,398,4,5398.87,4,5,4,454,Champions,Top Value
846264,379,1,2011.16,4,1,2,412,Need Attention,Medium Value
846847,349,1,1143.96,4,1,2,412,Need Attention,Low Value
846917,426,1,499.9,4,1,1,411,Need Attention,Low Value
847185,1607,1,677.89,1,1,1,111,Lost,Low Value
847222,737,2,6732.450000000001,2,3,4,234,At Risk,Top Value
847501,839,2,9309.45,2,3,5,235,At Risk,Top Value
848117,507,2,3643.99,3,3,3,333,Loyal,Medium Value
848290,395,1,1275.0,4,1,2,412,Need Attention,Low Value
848337,564,2,2631.29,3,3,3,333,Loyal,Medium Value
848374,1718,1,743.85,1,1,1,111,Lost,Low Value
848393,942,1,259.0,1,1,1,111,Lost,Low Value
848517,1144,1,258.0,1,1,1,111,Lost,Low Value
848570,514,2,3744.84,3,3,3,333,Loyal,Medium Value
848846,733,1,4649.0,2,1,4,214,Lost,Medium Value
848896,428,1,1044.98,4,1,2,412,Need Attention,Low Value
848897,915,2,3836.25,1,3,3,133,At Risk,Medium Value
848928,419,1,2097.0,4,1,2,412,Need Attention,Medium Value
849208,908,1,9057.369999999999,1,1,5,115,Lost,Top Value
849706,67,2,428.11,5,3,1,531,Loyal,Low Value
849863,164,1,5002.0,5,1,4,514,Need Attention,Top Value
850158,626,1,607.96,2,1,1,211,Lost,Low Value
850204,793,2,3119.52,2,3,3,233,At Risk,Medium Value
850529,447,4,5341.26,3,5,4,354,Loyal,Top Value
850585,625,1,8284.6,2,1,5,215,Lost,Top Value
850625,739,1,313.94,2,1,1,211,Lost,Low Value
850894,895,1,113.85000000000001,1,1,1,111,Lost,Low Value
851066,5,1,1308.6799999999998,5,1,2,512,Need Attention,Low Value
851164,520,1,824.9200000000001,3,1,1,311,Need Attention,Low Value
851653,717,1,16.5,2,1,1,211,Lost,Low Value
851776,1019,1,94.99,1,1,1,111,Lost,Low Value
851890,52,4,7198.08,5,5,4,554,Champions,Top Value
852023,225,2,603.78,5,3,1,531,Loyal,Low Value
852444,591,3,5206.91,3,4,4,344,Loyal,Top Value
853262,783,1,109.99,2,1,1,211,Lost,Low Value
853325,484,1,814.99,3,1,1,311,Need Attention,Low Value
853416,264,2,804.3299999999999,5,3,1,531,Loyal,Low Value
853548,29,5,866.24,5,5,2,552,Loyal,Low Value
853808,193,1,327.0,5,1,1,511,Need Attention,Low Value
854269,570,1,110.53,3,1,1,311,Need Attention,Low Value
854324,1608,1,801.0,1,1,1,111,Lost,Low Value
854554,960,2,1777.41,1,3,2,132,Lost,Medium Value
854579,764,1,13.76,2,1,1,211,Lost,Low Value
854629,137,1,3305.64,5,1,3,513,Need Attention,Medium Value
855069,1592,1,3164.0,1,1,3,113,Lost,Medium Value
855237,1467,1,439.9,1,1,1,111,Lost,Low Value
855476,212,2,2463.75,5,3,3,533,Loyal,Medium Value
855668,442,2,676.99,3,3,1,331,Loyal,Low Value
856134,1186,2,5484.46,1,3,4,134,At Risk,Top Value
856210,722,1,4845.0,2,1,4,214,Lost,Medium Value
856222,383,1,2015.98,4,1,2,412,Need Attention,Medium Value
856365,713,2,4831.67,2,3,4,234,At Risk,Medium Value
856497,431,3,5476.73,4,4,4,444,Champions,Top Value
856525,1093,2,22996.96,1,3,5,135,At Risk,Top Value
856677,551,2,9582.0,3,3,5,335,Loyal,Top Value
856705,661,2,5709.1,2,3,4,234,At Risk,Top Value
856895,1158,2,4495.98,1,3,4,134,At Risk,Medium Value
857048,449,3,1704.0,3,4,2,342,Loyal,Medium Value
857122,365,1,2295.0,4,1,3,413,Need Attention,Medium Value
857287,433,3,5268.03,4,4,4,444,Champions,Top Value
857426,614,1,4466.91,2,1,4,214,Lost,Medium Value
857638,232,4,4799.35,5,5,4,554,Champions,Medium Value
857753,781,1,14.940000000000001,2,1,1,211,Lost,Low Value
858069,640,1,86.0,2,1,1,211,Lost,Low Value
858132,363,3,3575.42,4,4,3,443,Loyal,Medium Value
858185,51,4,2549.16,5,5,3,553,Loyal,Medium Value
858368,799,1,3080.96,2,1,3,213,Lost,Medium Value
858612,349,1,17.99,4,1,1,411,Need Attention,Low Value
858760,95,4,10317.64,5,5,5,555,Champions,Top Value
859240,135,4,2360.0499999999997,5,5,3,553,Loyal,Medium Value
859349,372,1,1751.99,4,1,2,412,Need Attention,Medium Value
859566,424,3,5829.02,4,4,4,444,Champions,Top Value
859587,274,3,128.9,5,4,1,541,Loyal,Low Value
859790,102,2,4061.98,5,3,3,533,Loyal,Medium Value
859981,1144,2,4430.650000000001,1,3,4,134,At Risk,Medium Value
860255,1621,1,1202.06,1,1,2,112,Lost,Low Value
860549,253,3,1511.9299999999998,5,4,2,542,Loyal,Low Value
860762,500,1,1979.94,3,1,2,312,Need Attention,Medium Value
860985,655,2,3525.9,2,3,3,233,At Risk,Medium Value
861207,166,3,2202.03,5,4,3,543,Loyal,Medium Value
861209,1199,1,5.5,1,1,1,111,Lost,Low Value
861320,876,1,5192.42,2,1,4,214,Lost,Top Value
861729,582,3,3448.23,3,4,3,343,Loyal,Medium Value
861730,591,2,3329.64,3,3,3,333,Loyal,Medium Value
861784,1564,1,488.12,1,1,1,111,Lost,Low Value
862134,293,1,2395.0,5,1,3,513,Need Attention,Medium Value
862830,634,2,2937.7,2,3,3,233,At Risk,Medium Value
863057,537,1,3208.99,3,1,3,313,Need Attention,Medium Value
863561,281,2,1202.99,5,3,2,532,Loyal,Low Value
863819,414,2,2571.79,4,3,3,433,Loyal,Medium Value
864103,803,1,693.95,2,1,1,211,Lost,Low Value
864150,381,1,876.0,4,1,2,412,Need Attention,Low Value
864331,1271,1,1034.0,1,1,2,112,Lost,Low Value
864479,654,2,488.9,2,3,1,231,Lost,Low Value
864691,1143,1,1562.8899999999999,1,1,2,112,Lost,Low Value
864708,437,2,3633.9,3,3,3,333,Loyal,Medium Value
865163,360,4,2649.41,4,5,3,453,Loyal,Medium Value
865536,1208,1,599.99,1,1,1,111,Lost,Low Value
865760,582,2,2114.54,3,3,2,332,Loyal,Medium Value
866074,646,1,229.9,2,1,1,211,Lost,Low Value
866166,74,1,117.89,5,1,1,511,Need Attention,Low Value
866332,797,2,5255.57,2,3,4,234,At Risk,Top Value
866393,765,2,1767.48,2,3,2,232,Lost,Medium Value
866481,390,1,5888.71,4,1,4,414,Need Attention,Top Value
866597,1528,1,1122.88,1,1,2,112,Lost,Low Value
867445,360,1,1669.98,4,1,2,412,Need Attention,Low Value
868292,556,3,4256.26,3,4,4,344,Loyal,Medium Value
868347,400,2,2897.7200000000003,4,3,3,433,Loyal,Medium Value
868367,176,2,4502.0,5,3,4,534,Loyal,Medium Value
868419,160,1,539.8,5,1,1,511,Need Attention,Low Value
868439,361,2,2592.66,4,3,3,433,Loyal,Medium Value
868463,131,1,179.99,5,1,1,511,Need Attention,Low Value
868496,463,1,759.78,3,1,1,311,Need Attention,Low Value
868701,263,4,3998.3,5,5,3,553,Loyal,Medium Value
868738,900,1,555.9,1,1,1,111,Lost,Low Value
869108,346,2,1339.0,4,3,2,432,Loyal,Low Value
869200,38,7,6890.65,5,5,4,554,Champions,Top Value
869472,522,1,657.0,3,1,1,311,Need Attention,Low Value
869788,932,1,181.0,1,1,1,111,Lost,Low Value
869957,873,1,219.95,2,1,1,211,Lost,Low Value
869976,39,2,1303.3400000000001,5,3,2,532,Loyal,Low Value
870611,225,1,47.95,5,1,1,511,Need Attention,Low Value
870651,426,1,942.66,4,1,2,412,Need Attention,Low Value
870682,663,2,1101.89,2,3,2,232,Lost,Low Value
870805,1371,1,5358.82,1,1,4,114,Lost,Top Value
870923,512,1,109.53999999999999,3,1,1,311,Need Attention,Low Value
870990,1112,1,3583.9700000000003,1,1,3,113,Lost,Medium Value
871066,367,2,1040.86,4,3,2,432,Loyal,Low Value
871241,1182,3,12033.13,1,4,5,145,At Risk,Top Value
871505,708,4,4637.06,2,5,4,254,At Risk,Medium Value
871585,911,1,438.0,1,1,1,111,Lost,Low Value
871690,494,2,1177.6899999999998,3,3,2,332,Loyal,Low Value
871773,792,2,2234.94,2,3,3,233,At Risk,Medium Value
872446,277,3,5563.13,5,4,4,544,Champions,Top Value
872477,789,1,81.1,2,1,1,211,Lost,Low Value
872535,261,1,439.9,5,1,1,511,Need Attention,Low Value
872536,299,3,1958.75,5,4,2,542,Loyal,Medium Value
872602,380,1,808.07,4,1,1,411,Need Attention,Low Value
872673,404,1,3569.68,4,1,3,413,Need Attention,Medium Value
873057,1327,2,5147.98,1,3,4,134,At Risk,Top Value
873119,661,1,239.75,2,1,1,211,Lost,Low Value
873197,366,2,10657.939999999999,4,3,5,435,Loyal,Top Value
873244,818,2,930.74,2,3,2,232,Lost,Low Value
873909,24,2,2917.78,5,3,3,533,Loyal,Medium Value
874005,415,1,6710.98,4,1,4,414,Need Attention,Top Value
874048,988,1,3618.0,1,1,3,113,Lost,Medium Value
874079,262,3,25704.8,5,4,5,545,Champions,Top Value
874406,49,2,7002.15,5,3,4,534,Loyal,Top Value
874447,500,1,1259.93,3,1,2,312,Need Attention,Low Value
875004,921,1,4396.29,1,1,4,114,Lost,Medium Value
875163,1808,1,11273.45,1,1,5,115,Lost,Top Value
875420,1102,1,319.0,1,1,1,111,Lost,Low Value
875430,425,3,5000.0,4,4,4,444,Champions,Top Value
875439,1718,1,2508.0,1,1,3,113,Lost,Medium Value
875555,815,2,6109.960000000001,2,3,4,234,At Risk,Top Value
875626,620,2,6897.179999999999,2,3,4,234,At Risk,Top Value
875681,834,3,1345.83,2,4,2,242,Lost,Low Value
875798,1662,1,801.97,1,1,1,111,Lost,Low Value
875900,193,1,2999.92,5,1,3,513,Need Attention,Medium Value
876113,253,3,5344.87,5,4,4,544,Champions,Top Value
876454,551,5,17940.21,3,5,5,355,Loyal,Top Value
876456,447,1,4966.97,3,1,4,314,Need Attention,Top Value
876685,382,4,5932.349999999999,4,5,4,454,Champions,Top Value
876718,517,3,7643.59,3,4,5,345,Loyal,Top Value
876841,605,2,1853.95,3,3,2,332,Loyal,Medium Value
876859,1480,1,16295.03,1,1,5,115,Lost,Top Value
877009,783,1,4580.0,2,1,4,214,Lost,Medium Value
877023,352,1,1259.91,4,1,2,412,Need Attention,Low Value
877042,364,2,11027.92,4,3,5,435,Loyal,Top Value
877303,1125,1,2531.9300000000003,1,1,3,113,Lost,Medium Value
877347,869,2,10152.439999999999,2,3,5,235,At Risk,Top Value
877413,464,2,1958.93,3,3,2,332,Loyal,Medium Value
877812,897,3,8876.880000000001,1,4,5,145,At Risk,Top Value
877990,209,3,8884.84,5,4,5,545,Champions,Top Value
878112,734,1,2000.5400000000002,2,1,2,212,Lost,Medium Value
878516,823,1,294.0,2,1,1,211,Lost,Low Value
878538,247,2,203.89999999999998,5,3,1,531,Loyal,Low Value
878556,1327,1,173.64000000000001,1,1,1,111,Lost,Low Value
878682,1565,1,779.9300000000001,1,1,1,111,Lost,Low Value
878711,467,2,9811.130000000001,3,3,5,335,Loyal,Top Value
878831,932,2,2355.8,1,3,3,133,At Risk,Medium Value
878881,824,1,1298.9,2,1,2,212,Lost,Low Value
878978,513,6,8868.81,3,5,5,355,Loyal,Top Value
879299,1698,1,6494.0,1,1,4,114,Lost,Top Value
879649,474,4,35710.60999999999,3,5,5,355,Loyal,Top Value
879778,864,3,10564.01,2,4,5,245,At Risk,Top Value
879795,620,1,33.99,2,1,1,211,Lost,Low Value
879909,746,1,261.89,2,1,1,211,Lost,Low Value
879917,4,3,879.6,5,4,2,542,Loyal,Low Value
879956,151,2,2145.7,5,3,2,532,Loyal,Medium Value
880192,379,3,6195.6,4,4,4,444,Champions,Top Value
880261,187,2,6423.89,5,3,4,534,Loyal,Top Value
880383,983,1,428.96,1,1,1,111,Lost,Low Value
880453,149,3,11636.54,5,4,5,545,Champions,Top Value
880667,491,1,2103.07,3,1,2,312,Need Attention,Medium Value
881169,425,2,3205.48,4,3,3,433,Loyal,Medium Value
881368,397,2,516.5799999999999,4,3,1,431,Loyal,Low Value
881876,940,2,1343.27,1,3,2,132,Lost,Low Value
882518,849,1,275.99,2,1,1,211,Lost,Low Value
882779,631,2,1349.95,2,3,2,232,Lost,Low Value
882848,783,1,1334.05,2,1,2,212,Lost,Low Value
882956,601,1,1793.9,3,1,2,312,Need Attention,Medium Value
883000,62,2,3264.77,5,3,3,533,Loyal,Medium Value
883088,653,3,3151.68,2,4,3,243,At Risk,Medium Value
883214,10,2,2444.71,5,3,3,533,Loyal,Medium Value
883396,514,3,2675.94,3,4,3,343,Loyal,Medium Value
883435,548,1,516.6,3,1,1,311,Need Attention,Low Value
883569,291,4,6877.3,5,5,4,554,Champions,Top Value
883649,1163,1,8822.74,1,1,5,115,Lost,Top Value
884102,599,2,1766.85,3,3,2,332,Loyal,Medium Value
884417,431,2,2831.27,4,3,3,433,Loyal,Medium Value
884421,359,1,2152.1000000000004,4,1,2,412,Need Attention,Medium Value
884538,739,1,96.0,2,1,1,211,Lost,Low Value
884835,1095,1,498.98,1,1,1,111,Lost,Low Value
885201,773,2,959.98,2,3,2,232,Lost,Low Value
885782,345,1,1084.5,4,1,2,412,Need Attention,Low Value
885896,1574,1,1440.0,1,1,2,112,Lost,Low Value
886255,716,1,4002.95,2,1,3,213,Lost,Medium Value
886493,878,1,59.99,1,1,1,111,Lost,Low Value
886563,1347,1,4336.85,1,1,4,114,Lost,Medium Value
887036,897,3,4780.4,1,4,4,144,At Risk,Medium Value
887462,962,2,6280.1,1,3,4,134,At Risk,Top Value
887497,274,3,4122.47,5,4,4,544,Champions,Medium Value
887549,421,5,3064.02,4,5,3,453,Loyal,Medium Value
887656,474,1,656.0,3,1,1,311,Need Attention,Low Value
887764,1,4,8004.83,5,5,5,555,Champions,Top Value
887837,794,2,3271.88,2,3,3,233,At Risk,Medium Value
888175,39,4,6103.43,5,5,4,554,Champions,Top Value
888301,403,1,6413.62,4,1,4,414,Need Attention,Top Value
888433,246,4,10713.74,5,5,5,555,Champions,Top Value
888655,1318,1,509.97,1,1,1,111,Lost,Low Value
888719,899,1,2298.99,1,1,3,113,Lost,Medium Value
888864,471,2,4993.52,3,3,4,334,Loyal,Top Value
889088,916,1,4199.57,1,1,4,114,Lost,Medium Value
889395,446,3,5708.13,3,4,4,344,Loyal,Top Value
889542,513,2,867.97,3,3,2,332,Loyal,Low Value
889931,1102,1,305.26,1,1,1,111,Lost,Low Value
889935,442,1,9403.98,3,1,5,315,Need Attention,Top Value
890083,621,1,2621.96,2,1,3,213,Lost,Medium Value
890089,650,1,1047.78,2,1,2,212,Lost,Low Value
890094,383,4,13359.630000000001,4,5,5,455,Champions,Top Value
890173,639,3,7530.62,2,4,5,245,At Risk,Top Value
890474,403,3,16390.88,4,4,5,445,Champions,Top Value
890720,883,1,3849.76,1,1,3,113,Lost,Medium Value
891108,946,1,758.0,1,1,1,111,Lost,Low Value
891325,870,2,2727.98,2,3,3,233,At Risk,Medium Value
891356,1249,1,5990.0,1,1,4,114,Lost,Top Value
891431,401,1,1717.94,4,1,2,412,Need Attention,Medium Value
891817,410,1,4638.8,4,1,4,414,Need Attention,Medium Value
891896,760,1,25449.129999999997,2,1,5,215,Lost,Top Value
891974,577,3,8312.35,3,4,5,345,Loyal,Top Value
892225,274,3,6450.92,5,4,4,544,Champions,Top Value
892500,523,1,29.97,3,1,1,311,Need Attention,Low Value
892533,1262,1,2373.0,1,1,3,113,Lost,Medium Value
892624,450,3,5016.1900000000005,3,4,4,344,Loyal,Top Value
892664,862,1,1299.93,2,1,2,212,Lost,Low Value
892786,825,2,10299.880000000001,2,3,5,235,At Risk,Top Value
892838,960,3,6956.45,1,4,4,144,At Risk,Top Value
893598,59,4,32128.260000000002,5,5,5,555,Champions,Top Value
893784,363,1,302.0,4,1,1,411,Need Attention,Low Value
894227,781,1,268.0,2,1,1,211,Lost,Low Value
894252,430,2,6743.85,4,3,4,434,Loyal,Top Value
894362,778,1,45.58,2,1,1,211,Lost,Low Value
894446,453,2,2286.88,3,3,3,333,Loyal,Medium Value
894737,389,1,1480.76,4,1,2,412,Need Attention,Low Value
895123,370,1,2103.0,4,1,2,412,Need Attention,Medium Value
895317,451,1,1735.89,3,1,2,312,Need Attention,Medium Value
895517,727,2,5031.15,2,3,4,234,At Risk,Top Value
896113,848,1,6727.2,2,1,4,214,Lost,Top Value
896242,369,2,3562.81,4,3,3,433,Loyal,Medium Value
896276,899,2,1397.76,1,3,2,132,Lost,Low Value
896698,816,1,305.98,2,1,1,211,Lost,Low Value
896870,1502,1,1541.88,1,1,2,112,Lost,Low Value
897008,652,2,2508.0,2,3,3,233,At Risk,Medium Value
897286,641,2,2054.5699999999997,2,3,2,232,Lost,Medium Value
897445,507,2,7680.0,3,3,5,335,Loyal,Top Value
897690,442,1,987.97,3,1,2,312,Need Attention,Low Value
897866,1529,2,2765.83,1,3,3,133,At Risk,Medium Value
897914,1292,1,389.70000000000005,1,1,1,111,Lost,Low Value
898433,432,1,1411.0,4,1,2,412,Need Attention,Low Value
898554,158,1,92.39,5,1,1,511,Need Attention,Low Value
898671,1732,1,9446.6,1,1,5,115,Lost,Top Value
898918,789,1,239.96,2,1,1,211,Lost,Low Value
898924,491,2,4939.92,3,3,4,334,Loyal,Medium Value
898965,768,1,1425.95,2,1,2,212,Lost,Low Value
899137,1443,1,1846.83,1,1,2,112,Lost,Medium Value
899140,872,2,2237.0,2,3,3,233,At Risk,Medium Value
900030,4,4,17203.43,5,5,5,555,Champions,Top Value
900052,837,1,2632.5,2,1,3,213,Lost,Medium Value
900108,436,2,8019.97,3,3,5,335,Loyal,Top Value
900296,427,2,2518.0,4,3,3,433,Loyal,Medium Value
900387,501,4,11793.31,3,5,5,355,Loyal,Top Value
900515,176,2,2285.64,5,3,3,533,Loyal,Medium Value
901225,865,1,4845.0,2,1,4,214,Lost,Medium Value
901390,780,3,1534.44,2,4,2,242,Lost,Low Value
901932,1723,1,172.0,1,1,1,111,Lost,Low Value
902687,902,1,2317.9,1,1,3,113,Lost,Medium Value
902770,758,2,1209.77,2,3,2,232,Lost,Low Value
902878,425,3,4092.29,4,4,4,444,Champions,Medium Value
902893,715,1,16.169999999999998,2,1,1,211,Lost,Low Value
903369,559,1,3248.88,3,1,3,313,Need Attention,Medium Value
903464,374,2,1393.0,4,3,2,432,Loyal,Low Value
903847,1029,2,7320.77,1,3,4,134,At Risk,Top Value
903932,1518,1,1340.0,1,1,2,112,Lost,Low Value
905099,716,3,3071.84,2,4,3,243,At Risk,Medium Value
905100,538,2,5084.78,3,3,4,334,Loyal,Top Value
905452,547,1,5221.32,3,1,4,314,Need Attention,Top Value
905530,365,1,894.0,4,1,2,412,Need Attention,Low Value
905730,38,4,5566.96,5,5,4,554,Champions,Top Value
905762,597,5,5110.63,3,5,4,354,Loyal,Top Value
905783,1732,1,225.0,1,1,1,111,Lost,Low Value
905941,285,6,8345.97,5,5,5,555,Champions,Top Value
906022,1464,1,2882.89,1,1,3,113,Lost,Medium Value
906443,708,1,876.0,2,1,2,212,Lost,Low Value
906468,536,1,520.9200000000001,3,1,1,311,Need Attention,Low Value
906625,1845,1,2916.85,1,1,3,113,Lost,Medium Value
906832,445,5,14677.64,3,5,5,355,Loyal,Top Value
906967,981,2,6781.509999999999,1,3,4,134,At Risk,Top Value
907108,150,2,6683.34,5,3,4,534,Loyal,Top Value
907138,850,3,7688.98,2,4,5,245,At Risk,Top Value
907250,1138,1,1954.77,1,1,2,112,Lost,Medium Value
907297,435,5,9255.12,3,5,5,355,Loyal,Top Value
907393,792,1,94.99,2,1,1,211,Lost,Low Value
907585,972,3,4705.97,1,4,4,144,At Risk,Medium Value
907939,950,2,526.59,1,3,1,131,Lost,Low Value
908105,489,5,8456.21,3,5,5,355,Loyal,Top Value
908329,603,1,2256.96,3,1,3,313,Need Attention,Medium Value
908424,505,1,1188.97,3,1,2,312,Need Attention,Low Value
908454,431,2,1638.8400000000001,4,3,2,432,Loyal,Low Value
908823,780,1,5173.780000000001,2,1,4,214,Lost,Top Value
908887,1821,1,284.95,1,1,1,111,Lost,Low Value
909014,454,2,5580.34,3,3,4,334,Loyal,Top Value
909122,612,2,270.0,2,3,1,231,Lost,Low Value
909339,725,3,10193.87,2,4,5,245,At Risk,Top Value
909379,1147,1,1869.6799999999998,1,1,2,112,Lost,Medium Value
909530,394,4,2887.92,4,5,3,453,Loyal,Medium Value
909986,361,1,1190.47,4,1,2,412,Need Attention,Low Value
910032,529,4,17246.27,3,5,5,355,Loyal,Top Value
910064,1082,3,647.9300000000001,1,4,1,141,Lost,Low Value
910283,736,1,193.97,2,1,1,211,Lost,Low Value
910717,815,3,3445.45,2,4,3,243,At Risk,Medium Value
911025,1098,2,5078.4,1,3,4,134,At Risk,Top Value
911091,575,3,3538.33,3,4,3,343,Loyal,Medium Value
911353,37,3,2310.71,5,4,3,543,Loyal,Medium Value
911435,414,1,127.75,4,1,1,411,Need Attention,Low Value
911474,1567,1,2405.82,1,1,3,113,Lost,Medium Value
911841,1270,1,119.98,1,1,1,111,Lost,Low Value
912208,365,3,3205.88,4,4,3,443,Loyal,Medium Value
912216,404,3,2081.38,4,4,2,442,Loyal,Medium Value
912459,549,1,3885.64,3,1,3,313,Need Attention,Medium Value
912713,1352,1,300.40000000000003,1,1,1,111,Lost,Low Value
912789,647,3,4940.13,2,4,4,244,At Risk,Medium Value
912824,353,2,965.06,4,3,2,432,Loyal,Low Value
913132,733,2,910.3200000000002,2,3,2,232,Lost,Low Value
913924,159,2,4753.6,5,3,4,534,Loyal,Medium Value
913935,745,2,5570.4,2,3,4,234,At Risk,Top Value
914541,424,2,3924.91,4,3,3,433,Loyal,Medium Value
914790,213,4,9247.0,5,5,5,555,Champions,Top Value
914878,740,4,16363.01,2,5,5,255,At Risk,Top Value
915054,625,1,4095.99,2,1,4,214,Lost,Medium Value
915242,1104,1,1061.74,1,1,2,112,Lost,Low Value
915356,386,2,2152.3,4,3,2,432,Loyal,Medium Value
915558,482,1,272.0,3,1,1,311,Need Attention,Low Value
915859,253,2,2345.9,5,3,3,533,Loyal,Medium Value
915874,192,3,6292.5,5,4,4,544,Champions,Top Value
916074,1709,2,4843.35,1,3,4,134,At Risk,Medium Value
916148,956,2,1045.4,1,3,2,132,Lost,Low Value
916676,376,3,4450.62,4,4,4,444,Champions,Medium Value
916866,954,2,1227.0,1,3,2,132,Lost,Low Value
916920,795,1,1093.2,2,1,2,212,Lost,Low Value
917038,451,2,7618.48,3,3,5,335,Loyal,Top Value
917196,1101,1,1784.98,1,1,2,112,Lost,Medium Value
917293,611,3,2786.2200000000003,2,4,3,243,At Risk,Medium Value
917347,1866,1,375.70000000000005,1,1,1,111,Lost,Low Value
917522,45,2,13775.3,5,3,5,535,Loyal,Top Value
917772,749,3,2180.14,2,4,3,243,At Risk,Medium Value
918182,1590,1,1199.96,1,1,2,112,Lost,Low Value
918186,517,2,3465.1800000000003,3,3,3,333,Loyal,Medium Value
918245,408,2,289.89,4,3,1,431,Loyal,Low Value
918461,1667,1,1759.73,1,1,2,112,Lost,Medium Value
918640,1657,1,93.98,1,1,1,111,Lost,Low Value
918741,402,2,6952.0,4,3,4,434,Loyal,Top Value
918763,1569,1,522.88,1,1,1,111,Lost,Low Value
918778,386,5,5950.22,4,5,4,454,Champions,Top Value
918800,1186,2,3557.57,1,3,3,133,At Risk,Medium Value
918835,465,4,2579.5,3,5,3,353,Loyal,Medium Value
919575,1835,1,1169.1100000000001,1,1,2,112,Lost,Low Value
920138,558,3,4984.31,3,4,4,344,Loyal,Top Value
920213,715,2,446.99,2,3,1,231,Lost,Low Value
920551,1613,1,1754.93,1,1,2,112,Lost,Medium Value
920661,1277,1,3006.6,1,1,3,113,Lost,Medium Value
921096,789,2,12106.28,2,3,5,235,At Risk,Top Value
921171,740,2,1950.0,2,3,2,232,Lost,Medium Value
921198,596,1,775.97,3,1,1,311,Need Attention,Low Value
921229,437,2,1739.96,3,3,2,332,Loyal,Medium Value
921281,976,2,651.46,1,3,1,131,Lost,Low Value
921370,517,2,948.86,3,3,2,332,Loyal,Low Value
921384,463,6,7992.79,3,5,5,355,Loyal,Top Value
921597,1528,1,197.97,1,1,1,111,Lost,Low Value
921604,1597,1,1582.0,1,1,2,112,Lost,Low Value
921825,493,7,18878.82,3,5,5,355,Loyal,Top Value
921878,407,1,3340.9,4,1,3,413,Need Attention,Medium Value
921903,529,1,75.66,3,1,1,311,Need Attention,Low Value
922306,1525,1,1962.0,1,1,2,112,Lost,Medium Value
922350,1338,1,471.80000000000007,1,1,1,111,Lost,Low Value
922398,620,1,230.0,2,1,1,211,Lost,Low Value
923165,1830,1,4207.96,1,1,4,114,Lost,Medium Value
923232,254,4,12982.6,5,5,5,555,Champions,Top Value
923332,895,2,2268.6,1,3,3,133,At Risk,Medium Value
923402,155,5,5399.0599999999995,5,5,4,554,Champions,Top Value
923583,369,1,2795.0,4,1,3,413,Need Attention,Medium Value
923935,1326,1,159.99,1,1,1,111,Lost,Low Value
924030,1013,1,340.0,1,1,1,111,Lost,Low Value
924192,365,1,25.98,4,1,1,411,Need Attention,Low Value
924256,57,4,8964.21,5,5,5,555,Champions,Top Value
924619,263,2,3599.58,5,3,3,533,Loyal,Medium Value
924687,64,1,414.95000000000005,5,1,1,511,Need Attention,Low Value
924965,1712,1,149.0,1,1,1,111,Lost,Low Value
924975,408,5,21455.469999999998,4,5,5,455,Champions,Top Value
926246,965,1,11193.0,1,1,5,115,Lost,Top Value
926435,349,1,1979.99,4,1,2,412,Need Attention,Medium Value
926578,39,3,3079.9,5,4,3,543,Loyal,Medium Value
926874,416,3,4800.8,4,4,4,444,Champions,Medium Value
927080,605,2,817.97,3,3,1,331,Loyal,Low Value
927239,255,3,792.8399999999999,5,4,1,541,Loyal,Low Value
927241,715,5,12436.52,2,5,5,255,At Risk,Top Value
927256,858,1,70.13,2,1,1,211,Lost,Low Value
927628,485,2,5036.88,3,3,4,334,Loyal,Top Value
927935,506,2,7570.59,3,3,5,335,Loyal,Top Value
927986,1613,1,66.0,1,1,1,111,Lost,Low Value
928030,647,1,5912.8,2,1,4,214,Lost,Top Value
928049,263,3,5095.67,5,4,4,544,Champions,Top Value
928518,561,1,2729.72,3,1,3,313,Need Attention,Medium Value
929286,164,2,451.11,5,3,1,531,Loyal,Low Value
929301,841,2,3222.77,2,3,3,233,At Risk,Medium Value
929466,373,2,3372.5,4,3,3,433,Loyal,Medium Value
929502,297,3,2434.77,5,4,3,543,Loyal,Medium Value
929598,92,3,2902.85,5,4,3,543,Loyal,Medium Value
929665,374,1,33.0,4,1,1,411,Need Attention,Low Value
929820,627,3,2943.86,2,4,3,243,At Risk,Medium Value
930053,623,2,4927.91,2,3,4,234,At Risk,Medium Value
930304,167,5,13548.05,5,5,5,555,Champions,Top Value
930705,222,10,16748.2,5,5,5,555,Champions,Top Value
930763,430,2,11997.0,4,3,5,435,Loyal,Top Value
930792,428,5,11249.99,4,5,5,455,Champions,Top Value
930820,164,6,9041.16,5,5,5,555,Champions,Top Value
931321,412,2,3125.2799999999997,4,3,3,433,Loyal,Medium Value
931433,792,1,8.88,2,1,1,211,Lost,Low Value
931500,353,1,1720.15,4,1,2,412,Need Attention,Medium Value
931597,29,2,3475.1400000000003,5,3,3,533,Loyal,Medium Value
931801,1725,1,5316.6,1,1,4,114,Lost,Top Value
931863,820,1,223.05,2,1,1,211,Lost,Low Value
931892,1164,1,1001.31,1,1,2,112,Lost,Low Value
931900,377,2,6799.93,4,3,4,434,Loyal,Top Value
931915,12,1,121.64999999999999,5,1,1,511,Need Attention,Low Value
931956,731,1,886.0,2,1,2,212,Lost,Low Value
932027,298,1,4665.01,5,1,4,514,Need Attention,Medium Value
932593,415,1,875.9,4,1,2,412,Need Attention,Low Value
932629,60,4,3532.45,5,5,3,553,Loyal,Medium Value
932718,373,1,960.53,4,1,2,412,Need Attention,Low Value
932748,948,2,2060.39,1,3,2,132,Lost,Medium Value
933086,1184,3,11824.84,1,4,5,145,At Risk,Top Value
933344,828,4,11536.77,2,5,5,255,At Risk,Top Value
933569,379,4,3470.46,4,5,3,453,Loyal,Medium Value
933819,795,1,301.0,2,1,1,211,Lost,Low Value
934172,1623,1,27.96,1,1,1,111,Lost,Low Value
934508,1117,1,1951.0,1,1,2,112,Lost,Medium Value
934517,364,3,1205.19,4,4,2,442,Loyal,Low Value
934744,419,3,17985.75,4,4,5,445,Champions,Top Value
934781,1867,1,2066.99,1,1,2,112,Lost,Medium Value
935197,218,2,10802.140000000001,5,3,5,535,Loyal,Top Value
935211,29,3,4992.71,5,4,4,544,Champions,Top Value
935232,71,7,15177.35,5,5,5,555,Champions,Top Value
935406,1268,1,498.92999999999995,1,1,1,111,Lost,Low Value
935754,360,1,188.96,4,1,1,411,Need Attention,Low Value
936889,276,2,984.0,5,3,2,532,Loyal,Low Value
937006,371,2,2656.45,4,3,3,433,Loyal,Medium Value
937300,605,2,221.89,3,3,1,331,Loyal,Low Value
937542,1684,1,109.0,1,1,1,111,Lost,Low Value
937795,823,1,168.0,2,1,1,211,Lost,Low Value
937800,827,1,4295.200000000001,2,1,4,214,Lost,Medium Value
937947,1363,1,4695.8,1,1,4,114,Lost,Medium Value
938069,820,1,6567.98,2,1,4,214,Lost,Top Value
938219,344,2,4254.5599999999995,5,3,4,534,Loyal,Medium Value
938399,371,3,799.16,4,4,1,441,Loyal,Low Value
938461,713,1,4810.76,2,1,4,214,Lost,Medium Value
938615,444,3,3031.95,3,4,3,343,Loyal,Medium Value
938709,656,3,8146.34,2,4,5,245,At Risk,Top Value
938793,442,1,259.99,3,1,1,311,Need Attention,Low Value
938948,263,3,8158.360000000001,5,4,5,545,Champions,Top Value
938993,564,4,3943.9,3,5,3,353,Loyal,Medium Value
938994,631,2,1916.8600000000001,2,3,2,232,Lost,Medium Value
939181,1758,1,398.97,1,1,1,111,Lost,Low Value
939188,792,1,654.0,2,1,1,211,Lost,Low Value
939443,1368,1,119.0,1,1,1,111,Lost,Low Value
939473,526,1,521.91,3,1,1,311,Need Attention,Low Value
939532,1214,1,52.49,1,1,1,111,Lost,Low Value
939738,860,1,656.13,2,1,1,211,Lost,Low Value
939874,795,1,1801.9500000000003,2,1,2,212,Lost,Medium Value
939948,19,9,16199.39,5,5,5,555,Champions,Top Value
940026,841,4,3797.85,2,5,3,253,At Risk,Medium Value
940049,275,4,320.11,5,5,1,551,Loyal,Low Value
940066,277,4,3673.74,5,5,3,553,Loyal,Medium Value
940086,792,2,3499.8799999999997,2,3,3,233,At Risk,Medium Value
940096,235,3,9394.29,5,4,5,545,Champions,Top Value
940321,59,2,8410.85,5,3,5,535,Loyal,Top Value
940688,747,3,4252.98,2,4,4,244,At Risk,Medium Value
940846,1165,2,10021.89,1,3,5,135,At Risk,Top Value
941468,575,2,1206.96,3,3,2,332,Loyal,Low Value
941706,555,1,1699.95,3,1,2,312,Need Attention,Medium Value
941746,1842,1,1149.8700000000001,1,1,2,112,Lost,Low Value
941899,85,2,1930.88,5,3,2,532,Loyal,Medium Value
942659,361,3,12181.279999999999,4,4,5,445,Champions,Top Value
942807,736,4,8948.37,2,5,5,255,At Risk,Top Value
943143,801,1,2016.0,2,1,2,212,Lost,Medium Value
943159,1018,2,9883.2,1,3,5,135,At Risk,Top Value
943160,925,2,1413.46,1,3,2,132,Lost,Low Value
943859,1756,1,5915.7,1,1,4,114,Lost,Top Value
943874,807,1,1257.98,2,1,2,212,Lost,Low Value
943913,819,1,1838.0,2,1,2,212,Lost,Medium Value
944448,1824,2,7800.6,1,3,5,135,At Risk,Top Value
944687,571,3,6191.96,3,4,4,344,Loyal,Top Value
945011,1485,1,1922.07,1,1,2,112,Lost,Medium Value
945228,429,3,2809.29,4,4,3,443,Loyal,Medium Value
945655,618,1,395.9,2,1,1,211,Lost,Low Value
945725,297,3,5536.2,5,4,4,544,Champions,Top Value
945833,366,3,1505.85,4,4,2,442,Loyal,Low Value
945870,469,6,17000.11,3,5,5,355,Loyal,Top Value
946719,428,4,12635.79,4,5,5,455,Champions,Top Value
946737,568,6,3123.58,3,5,3,353,Loyal,Medium Value
946857,102,8,18094.78,5,5,5,555,Champions,Top Value
947510,604,5,14525.61,3,5,5,355,Loyal,Top Value
947703,39,2,5184.889999999999,5,3,4,534,Loyal,Top Value
947758,2,5,4559.81,5,5,4,554,Champions,Medium Value
947842,914,1,559.96,1,1,1,111,Lost,Low Value
947963,597,2,4002.0,3,3,3,333,Loyal,Medium Value
948175,255,4,7860.98,5,5,5,555,Champions,Top Value
948305,428,6,6487.34,4,5,4,454,Champions,Top Value
948382,1506,1,507.6,1,1,1,111,Lost,Low Value
948656,1017,1,1535.93,1,1,2,112,Lost,Low Value
948795,1094,2,108.98,1,3,1,131,Lost,Low Value
948832,473,2,1296.25,3,3,2,332,Loyal,Low Value
948844,456,3,5722.45,3,4,4,344,Loyal,Top Value
949166,345,3,5212.35,4,4,4,444,Champions,Top Value
949448,260,4,3971.49,5,5,3,553,Loyal,Medium Value
949516,369,4,4150.36,4,5,4,454,Champions,Medium Value
949774,577,4,7000.85,3,5,4,354,Loyal,Top Value
950191,549,4,25255.309999999998,3,5,5,355,Loyal,Top Value
950664,985,1,16.89,1,1,1,111,Lost,Low Value
950698,376,4,8645.689999999999,4,5,5,455,Champions,Top Value
950923,1159,2,3943.2799999999997,1,3,3,133,At Risk,Medium Value
951172,640,1,848.97,2,1,1,211,Lost,Low Value
951318,235,1,337.0,5,1,1,511,Need Attention,Low Value
951613,908,2,710.1800000000001,1,3,1,131,Lost,Low Value
951740,253,5,12811.48,5,5,5,555,Champions,Top Value
951987,363,1,280.0,4,1,1,411,Need Attention,Low Value
952345,1817,1,5699.93,1,1,4,114,Lost,Top Value
952730,1618,1,543.0,1,1,1,111,Lost,Low Value
952747,664,1,516.0,2,1,1,211,Lost,Low Value
953421,1149,1,1021.88,1,1,2,112,Lost,Low Value
953489,464,2,9075.85,3,3,5,335,Loyal,Top Value
953759,292,3,5337.79,5,4,4,544,Champions,Top Value
953917,444,4,4834.37,3,5,4,354,Loyal,Medium Value
954536,1026,1,310.0,1,1,1,111,Lost,Low Value
954712,900,3,6075.88,1,4,4,144,At Risk,Top Value
954784,416,3,5100.24,4,4,4,444,Champions,Top Value
955336,619,2,467.98,2,3,1,231,Lost,Low Value
955344,382,6,11061.289999999999,4,5,5,455,Champions,Top Value
956167,1099,1,959.8000000000001,1,1,2,112,Lost,Low Value
956262,775,2,2293.5499999999997,2,3,3,233,At Risk,Medium Value
956441,733,2,3917.0,2,3,3,233,At Risk,Medium Value
956493,985,1,1998.0,1,1,2,112,Lost,Medium Value
956656,1375,1,6815.7,1,1,4,114,Lost,Top Value
956943,659,2,5340.77,2,3,4,234,At Risk,Top Value
957450,344,1,5656.25,5,1,4,514,Need Attention,Top Value
957677,370,1,1051.8,4,1,2,412,Need Attention,Low Value
957745,594,3,2108.88,3,4,2,342,Loyal,Medium Value
957765,733,1,167.39999999999998,2,1,1,211,Lost,Low Value
957784,841,2,6331.929999999999,2,3,4,234,At Risk,Top Value
957843,859,3,7056.849999999999,2,4,4,244,At Risk,Top Value
957867,451,4,6627.43,3,5,4,354,Loyal,Top Value
958193,239,1,2530.18,5,1,3,513,Need Attention,Medium Value
958207,379,2,759.89,4,3,1,431,Loyal,Low Value
958319,953,1,2441.94,1,1,3,113,Lost,Medium Value
959017,297,5,11217.09,5,5,5,555,Champions,Top Value
959092,858,1,2602.96,2,1,3,213,Lost,Medium Value
959269,1373,1,12402.96,1,1,5,115,Lost,Top Value
959331,818,3,6400.15,2,4,4,244,At Risk,Top Value
959700,416,2,6537.74,4,3,4,434,Loyal,Top Value
959948,456,2,2568.91,3,3,3,333,Loyal,Medium Value
960551,241,2,7923.91,5,3,5,535,Loyal,Top Value
960594,1355,2,25733.91,1,3,5,135,At Risk,Top Value
960606,417,3,946.24,4,4,2,442,Loyal,Low Value
960742,794,2,977.97,2,3,2,232,Lost,Low Value
961200,361,4,20964.8,4,5,5,455,Champions,Top Value
961452,1310,1,1798.0,1,1,2,112,Lost,Medium Value
961647,1179,1,4347.79,1,1,4,114,Lost,Medium Value
961650,589,1,716.97,3,1,1,311,Need Attention,Low Value
961728,1674,1,4947.82,1,1,4,114,Lost,Medium Value
961770,953,1,107.97,1,1,1,111,Lost,Low Value
961833,1024,1,1912.1799999999998,1,1,2,112,Lost,Medium Value
961894,547,2,2196.39,3,3,3,333,Loyal,Medium Value
961929,248,5,12402.25,5,5,5,555,Champions,Top Value
962009,542,2,434.18000000000006,3,3,1,331,Loyal,Low Value
962079,200,2,2178.11,5,3,3,533,Loyal,Medium Value
962434,1175,1,380.70000000000005,1,1,1,111,Lost,Low Value
962529,1,5,11308.85,5,5,5,555,Champions,Top Value
962533,1856,1,2237.8,1,1,3,113,Lost,Medium Value
962575,778,3,1252.15,2,4,2,242,Lost,Low Value
962587,1581,1,559.0,1,1,1,111,Lost,Low Value
963082,1495,1,4180.96,1,1,4,114,Lost,Medium Value
963697,486,2,2570.5299999999997,3,3,3,333,Loyal,Medium Value
963780,456,3,10212.64,3,4,5,345,Loyal,Top Value
963994,516,2,1798.19,3,3,2,332,Loyal,Medium Value
964064,241,2,28.880000000000003,5,3,1,531,Loyal,Low Value
964137,424,1,534.0,4,1,1,411,Need Attention,Low Value
964158,303,3,3339.3,5,4,3,543,Loyal,Medium Value
964193,571,1,308.95,3,1,1,311,Need Attention,Low Value
964222,419,3,3857.84,4,4,3,443,Loyal,Medium Value
964578,426,1,791.0,4,1,1,411,Need Attention,Low Value
964629,219,1,562.98,5,1,1,511,Need Attention,Low Value
965133,1093,1,552.0,1,1,1,111,Lost,Low Value
965207,585,4,13408.0,3,5,5,355,Loyal,Top Value
966218,1215,1,694.8,1,1,1,111,Lost,Low Value
966331,499,1,675.97,3,1,1,311,Need Attention,Low Value
966543,458,2,18981.62,3,3,5,335,Loyal,Top Value
966659,654,2,1251.26,2,3,2,232,Lost,Low Value
966867,1374,1,251.93,1,1,1,111,Lost,Low Value
967034,1639,1,379.8,1,2,1,121,Lost,Low Value
967098,510,4,13068.800000000001,3,5,5,355,Loyal,Top Value
967557,388,1,768.0,4,2,1,421,Loyal,Low Value
967597,358,2,67.43,4,3,1,431,Loyal,Low Value
968226,480,4,9952.53,3,5,5,355,Loyal,Top Value
968337,379,2,4794.88,4,3,4,434,Loyal,Medium Value
968344,270,2,896.9,5,3,2,532,Loyal,Low Value
968433,986,2,5140.0,1,3,4,134,At Risk,Top Value
968554,716,2,4365.639999999999,2,3,4,234,At Risk,Medium Value
968940,827,1,2458.9700000000003,2,2,3,223,Lost,Medium Value
968993,391,2,3639.58,4,3,3,433,Loyal,Medium Value
969384,1136,2,7755.71,1,3,5,135,At Risk,Top Value
969463,493,1,897.0,3,2,2,322,Loyal,Low Value
969490,389,3,7100.629999999999,4,4,4,444,Champions,Top Value
969679,374,3,32476.97,4,4,5,445,Champions,Top Value
969762,757,2,1529.8300000000002,2,3,2,232,Lost,Low Value
969766,363,2,2372.85,4,3,3,433,Loyal,Medium Value
970157,1452,1,8893.74,1,2,5,125,Lost,Top Value
970316,711,1,414.0,2,2,1,221,Lost,Low Value
970480,527,3,3027.57,3,4,3,343,Loyal,Medium Value
971022,638,1,16308.45,2,2,5,225,Lost,Top Value
971117,487,2,127.92000000000002,3,3,1,331,Loyal,Low Value
971149,1212,1,920.0,1,2,2,122,Lost,Low Value
971338,422,3,5793.98,4,4,4,444,Champions,Top Value
971427,177,3,2737.67,5,4,3,543,Loyal,Medium Value
971666,794,3,5041.7,2,4,4,244,At Risk,Top Value
971716,899,2,509.99,1,3,1,131,Lost,Low Value
971822,648,4,1606.5900000000001,2,5,2,252,Lost,Low Value
971870,423,1,2127.0,4,2,2,422,Loyal,Medium Value
971878,624,1,4548.91,2,2,4,224,Lost,Medium Value
972062,723,1,2502.0,2,2,3,223,Lost,Medium Value
972627,967,2,1795.95,1,3,2,132,Lost,Medium Value
972852,730,2,10506.9,2,3,5,235,At Risk,Top Value
973200,713,2,3771.0,2,3,3,233,At Risk,Medium Value
973337,1144,1,2259.41,1,2,3,123,Lost,Medium Value
973370,6,2,2164.1,5,3,3,533,Loyal,Medium Value
973411,949,3,7342.18,1,4,4,144,At Risk,Top Value
973459,603,3,3039.95,3,4,3,343,Loyal,Medium Value
974581,842,1,2157.99,2,2,2,222,Lost,Medium Value
974784,1137,1,899.6999999999999,1,2,2,122,Lost,Low Value
975128,803,1,134.95,2,2,1,221,Lost,Low Value
975403,1744,1,1293.6200000000001,1,2,2,122,Lost,Low Value
975465,465,1,2019.48,3,2,2,322,Loyal,Medium Value
975468,370,2,1575.8200000000002,4,3,2,432,Loyal,Low Value
975472,1725,1,2553.0,1,2,3,123,Lost,Medium Value
975597,358,1,5419.0,4,2,4,424,Need Attention,Top Value
975739,428,2,2194.66,4,3,3,433,Loyal,Medium Value
975773,376,5,5358.3,4,5,4,454,Champions,Top Value
976098,778,1,1164.0,2,2,2,222,Lost,Low Value
976172,22,6,8388.45,5,5,5,555,Champions,Top Value
976299,1759,1,5499.95,1,2,4,124,Lost,Top Value
976556,442,3,4326.21,3,4,4,344,Loyal,Medium Value
977173,523,1,1085.99,3,2,2,322,Loyal,Low Value
977967,838,5,16605.47,2,5,5,255,At Risk,Top Value
977989,1615,1,991.23,1,2,2,122,Lost,Low Value
978236,465,3,8718.96,3,4,5,345,Loyal,Top Value
978496,459,1,694.64,3,2,1,321,Loyal,Low Value
978532,407,4,7493.05,4,5,4,454,Champions,Top Value
978570,1733,1,1535.99,1,2,2,122,Lost,Low Value
978738,368,1,805.3399999999999,4,2,1,421,Loyal,Low Value
978847,269,3,2109.4,5,4,2,542,Loyal,Medium Value
979053,639,2,1516.5,2,3,2,232,Lost,Low Value
979160,853,1,806.0,2,2,1,221,Lost,Low Value
979318,1191,2,246.87,1,3,1,131,Lost,Low Value
979403,383,1,965.8499999999999,4,2,2,422,Loyal,Low Value
979524,269,2,3809.39,5,3,3,533,Loyal,Medium Value
979530,367,6,12634.55,4,5,5,455,Champions,Top Value
979954,499,3,4294.93,3,4,4,344,Loyal,Medium Value
980041,418,2,5364.09,4,3,4,434,Loyal,Top Value
980080,274,2,1917.99,5,3,2,532,Loyal,Medium Value
980164,366,3,11243.54,4,4,5,445,Champions,Top Value
980266,654,3,4400.99,2,4,4,244,At Risk,Medium Value
980312,44,2,2365.57,5,3,3,533,Loyal,Medium Value
980673,149,1,1483.94,5,2,2,522,Loyal,Low Value
980750,428,1,999.96,4,2,2,422,Loyal,Low Value
981031,803,2,3187.79,2,3,3,233,At Risk,Medium Value
981306,561,1,2816.2200000000003,3,2,3,323,Loyal,Medium Value
981407,576,4,3782.74,3,5,3,353,Loyal,Medium Value
981735,350,2,10714.33,4,3,5,435,Loyal,Top Value
982052,170,7,17081.11,5,5,5,555,Champions,Top Value
982498,795,2,3137.65,2,3,3,233,At Risk,Medium Value
982645,781,3,1863.8700000000001,2,4,2,242,Lost,Medium Value
982850,79,3,2887.34,5,4,3,543,Loyal,Medium Value
982914,39,2,615.78,5,3,1,531,Loyal,Low Value
983092,1599,1,525.6600000000001,1,2,1,121,Lost,Low Value
983144,628,2,5179.77,2,3,4,234,At Risk,Top Value
983266,625,1,748.0,2,2,1,221,Lost,Low Value
983422,604,3,12243.57,3,4,5,345,Loyal,Top Value
983539,60,5,5984.820000000001,5,5,4,554,Champions,Top Value
983558,1705,1,85.98,1,2,1,121,Lost,Low Value
983816,138,2,2192.96,5,3,3,533,Loyal,Medium Value
984040,348,1,2457.0,4,2,3,423,Loyal,Medium Value
984471,466,2,10375.88,3,3,5,335,Loyal,Top Value
985049,11,1,5163.0,5,2,4,524,Need Attention,Top Value
985150,412,2,2625.77,4,3,3,433,Loyal,Medium Value
985427,131,5,33285.58,5,5,5,555,Champions,Top Value
986042,852,3,5680.73,2,4,4,244,At Risk,Top Value
986188,1236,1,239.92999999999998,1,2,1,121,Lost,Low Value
986569,409,5,9627.88,4,5,5,455,Champions,Top Value
986572,1151,1,425.0,1,2,1,121,Lost,Low Value
986809,666,1,861.95,2,2,2,222,Lost,Low Value
987075,502,1,616.95,3,2,1,321,Loyal,Low Value
987101,788,1,279.98,2,2,1,221,Lost,Low Value
987208,580,2,896.97,3,3,2,332,Loyal,Low Value
987484,528,1,2986.7,3,2,3,323,Loyal,Medium Value
987677,479,2,3267.83,3,3,3,333,Loyal,Medium Value
987795,297,2,3116.98,5,3,3,533,Loyal,Medium Value
988194,792,2,3369.97,2,3,3,233,At Risk,Medium Value
988477,380,2,3207.36,4,3,3,433,Loyal,Medium Value
988697,69,5,13447.65,5,5,5,555,Champions,Top Value
988841,352,1,57.88,4,2,1,421,Loyal,Low Value
989573,369,1,17.99,4,2,1,421,Loyal,Low Value
989682,638,1,52.99,2,2,1,221,Lost,Low Value
990084,284,1,68.69999999999999,5,2,1,521,Loyal,Low Value
990399,346,2,4747.84,4,3,4,434,Loyal,Medium Value
990554,787,5,7352.849999999999,2,5,4,254,At Risk,Top Value
991227,1719,1,681.5,1,2,1,121,Lost,Low Value
991685,654,2,550.0,2,3,1,231,Lost,Low Value
991911,1096,1,1592.0,1,2,2,122,Lost,Low Value
991935,832,1,7967.0,2,2,5,225,Lost,Top Value
991965,740,1,1877.7,2,2,2,222,Lost,Medium Value
992150,85,4,3468.96,5,5,3,553,Loyal,Medium Value
992253,218,3,2120.47,5,4,2,542,Loyal,Medium Value
992604,392,2,2991.9700000000003,4,3,3,433,Loyal,Medium Value
992788,652,2,1503.8700000000001,2,3,2,232,Lost,Low Value
992981,390,2,9578.890000000001,4,3,5,435,Loyal,Top Value
993077,396,2,3243.7,4,3,3,433,Loyal,Medium Value
993480,155,5,13770.25,5,5,5,555,Champions,Top Value
993981,1009,2,823.75,1,3,1,131,Lost,Low Value
994139,1231,1,1060.92,1,2,2,122,Lost,Low Value
995164,412,1,2078.9700000000003,4,2,2,422,Loyal,Medium Value
995272,736,2,7796.84,2,3,5,235,At Risk,Top Value
995286,777,3,12736.64,2,4,5,245,At Risk,Top Value
995332,632,3,3410.57,2,4,3,243,At Risk,Medium Value
995897,407,1,58.85,4,2,1,421,Loyal,Low Value
996031,298,4,3223.2000000000003,5,5,3,553,Loyal,Medium Value
996494,1006,1,5756.4,1,2,4,124,Lost,Top Value
996818,1514,2,4075.5199999999995,1,3,3,133,At Risk,Medium Value
996932,1487,2,5071.55,1,3,4,134,At Risk,Top Value
997166,1614,1,45.78,1,2,1,121,Lost,Low Value
997175,1107,1,7496.39,1,2,5,125,Lost,Top Value
997457,194,3,6078.86,5,4,4,544,Champions,Top Value
997675,922,2,2597.8,1,3,3,133,At Risk,Medium Value
997846,487,2,1990.75,3,3,2,332,Loyal,Medium Value
997896,365,1,3140.7000000000003,4,2,3,423,Loyal,Medium Value
997963,1536,1,2093.62,1,2,2,122,Lost,Medium Value
998374,194,6,11813.01,5,5,5,555,Champions,Top Value
998957,710,3,3015.19,2,4,3,243,At Risk,Medium Value
998966,909,2,1694.92,1,3,2,132,Lost,Medium Value
999176,737,2,2966.95,2,3,3,233,At Risk,Medium Value
999198,82,4,7102.48,5,5,4,554,Champions,Top Value
999254,1128,1,236.98000000000002,1,2,1,121,Lost,Low Value
999292,619,4,3982.3100000000004,2,5,3,253,At Risk,Medium Value
999342,1749,1,132.99,1,2,1,121,Lost,Low Value
999350,626,2,5026.98,2,3,4,234,At Risk,Top Value
999485,1149,1,266.72,1,2,1,121,Lost,Low Value
999589,223,1,3162.0,5,2,3,523,Loyal,Medium Value
999701,738,1,1152.17,2,2,2,222,Lost,Low Value
999709,1714,1,191.8,1,2,1,121,Lost,Low Value
1000050,365,2,1292.97,4,3,2,432,Loyal,Low Value
1000168,477,3,10160.86,3,4,5,345,Loyal,Top Value
1000242,905,2,8010.96,1,3,5,135,At Risk,Top Value
1000489,790,2,3739.61,2,3,3,233,At Risk,Medium Value
1001199,78,2,2078.78,5,3,2,532,Loyal,Medium Value
1001228,1856,1,463.6,1,2,1,121,Lost,Low Value
1001493,1321,2,1131.82,1,3,2,132,Lost,Low Value
1001523,459,4,7465.48,3,5,4,354,Loyal,Top Value
1001525,374,3,8796.46,4,4,5,445,Champions,Top Value
1001626,1088,1,836.2,1,2,1,121,Lost,Low Value
1001649,1005,1,1499.6999999999998,1,2,2,122,Lost,Low Value
1001716,563,2,1593.71,3,3,2,332,Loyal,Low Value
1001932,508,2,2262.44,3,3,3,333,Loyal,Medium Value
1002098,239,3,3520.19,5,4,3,543,Loyal,Medium Value
1002199,33,5,8097.82,5,5,5,555,Champions,Top Value
1002331,557,2,2255.79,3,3,3,333,Loyal,Medium Value
1002456,757,1,238.64,2,2,1,221,Lost,Low Value
1002741,542,3,9418.98,3,4,5,345,Loyal,Top Value
1002790,649,3,7490.6,2,4,4,244,At Risk,Top Value
1002933,599,6,18799.67,3,5,5,355,Loyal,Top Value
1003048,1600,2,8164.0,1,3,5,135,At Risk,Top Value
1003056,573,3,5338.43,3,4,4,344,Loyal,Top Value
1003107,122,4,12296.81,5,5,5,555,Champions,Top Value
1003586,519,1,568.97,3,2,1,321,Loyal,Low Value
1003599,533,3,9765.16,3,4,5,345,Loyal,Top Value
1003708,660,2,4759.87,2,3,4,234,At Risk,Medium Value
1003723,583,1,999.97,3,2,2,322,Loyal,Low Value
1003748,610,4,7001.400000000001,2,5,4,254,At Risk,Top Value
1003788,1823,1,4383.76,1,2,4,124,Lost,Medium Value
1003979,636,1,818.53,2,2,1,221,Lost,Low Value
1004261,379,1,3277.0,4,2,3,423,Loyal,Medium Value
1004286,767,1,819.9200000000001,2,2,1,221,Lost,Low Value
1004567,972,2,4762.15,1,3,4,134,At Risk,Medium Value
1005095,449,1,6309.96,3,2,4,324,Need Attention,Top Value
1005343,1683,1,449.84999999999997,1,2,1,121,Lost,Low Value
1005556,172,1,4.99,5,2,1,521,Loyal,Low Value
1005880,1093,1,1651.29,1,2,2,122,Lost,Low Value
1006036,778,1,99.0,2,2,1,221,Lost,Low Value
1006080,377,2,1290.5,4,3,2,432,Loyal,Low Value
1006350,260,1,149.95,5,2,1,521,Loyal,Low Value
1006445,719,3,2918.44,2,4,3,243,At Risk,Medium Value
1006971,788,1,4.99,2,2,1,221,Lost,Low Value
1007026,429,3,5777.2,4,4,4,444,Champions,Top Value
1007043,774,2,85.99,2,3,1,231,Lost,Low Value
1007733,526,3,7569.32,3,4,5,345,Loyal,Top Value
1008370,610,1,319.98,2,2,1,221,Lost,Low Value
1008873,844,3,5095.35,2,4,4,244,At Risk,Top Value
1008885,559,2,11283.95,3,3,5,335,Loyal,Top Value
1009587,614,4,8710.65,2,5,5,255,At Risk,Top Value
1009701,506,2,1656.92,3,3,2,332,Loyal,Low Value
1009854,1180,1,243.29999999999998,1,2,1,121,Lost,Low Value
1010025,429,3,10878.789999999999,4,4,5,445,Champions,Top Value
1010049,528,3,3230.8,3,4,3,343,Loyal,Medium Value
1010094,1206,1,3293.89,1,2,3,123,Lost,Medium Value
1010181,495,1,1032.0,3,2,2,322,Loyal,Low Value
1010245,376,5,27384.73,4,5,5,455,Champions,Top Value
1010453,723,2,1312.04,2,3,2,232,Lost,Low Value
1010612,1527,1,4110.92,1,2,4,124,Lost,Medium Value
1010693,648,2,2258.67,2,3,3,233,At Risk,Medium Value
1011043,960,2,2984.85,1,3,3,133,At Risk,Medium Value
1011206,633,4,5977.2,2,5,4,254,At Risk,Top Value
1011273,348,2,4130.74,4,3,4,434,Loyal,Medium Value
1011435,1131,1,179.13000000000002,1,2,1,121,Lost,Low Value
1011540,789,4,3922.4300000000003,2,5,3,253,At Risk,Medium Value
1011560,400,3,3419.92,4,4,3,443,Loyal,Medium Value
1011663,754,5,15708.29,2,5,5,255,At Risk,Top Value
1012052,170,5,15768.669999999998,5,5,5,555,Champions,Top Value
1012121,487,1,3563.69,3,2,3,323,Loyal,Medium Value
1012250,369,1,1914.75,4,2,2,422,Loyal,Medium Value
1012373,440,4,11642.27,3,5,5,355,Loyal,Top Value
1012443,484,3,10380.64,3,4,5,345,Loyal,Top Value
1012564,789,2,3328.75,2,3,3,233,At Risk,Medium Value
1012662,778,1,679.0,2,2,1,221,Lost,Low Value
1012961,278,1,2978.7,5,2,3,523,Loyal,Medium Value
1013016,1628,1,2562.71,1,2,3,123,Lost,Medium Value
1013019,416,2,18515.949999999997,4,3,5,435,Loyal,Top Value
1013122,1718,1,853.91,1,2,2,122,Lost,Low Value
1013139,615,4,4590.39,2,5,4,254,At Risk,Medium Value
1013255,55,2,3112.08,5,3,3,533,Loyal,Medium Value
1013313,372,4,4445.85,4,5,4,454,Champions,Medium Value
1013352,708,1,1351.97,2,2,2,222,Lost,Low Value
1013844,1807,1,509.98,1,2,1,121,Lost,Low Value
1014097,290,2,3012.0,5,3,3,533,Loyal,Medium Value
1014258,367,3,6169.509999999999,4,4,4,444,Champions,Top Value
1014955,482,1,885.6299999999999,3,2,2,322,Loyal,Low Value
1014981,726,2,3744.4700000000003,2,3,3,233,At Risk,Medium Value
1015203,1285,1,965.6300000000001,1,2,2,122,Lost,Low Value
1015885,1527,2,4164.04,1,3,4,134,At Risk,Medium Value
1015982,897,1,3512.24,1,2,3,123,Lost,Medium Value
1016078,373,6,12097.24,4,5,5,455,Champions,Top Value
1016110,636,5,15264.68,2,5,5,255,At Risk,Top Value
1016260,451,3,4096.96,3,4,4,344,Loyal,Medium Value
1017018,545,3,2823.4,3,4,3,343,Loyal,Medium Value
1017065,1326,1,878.1600000000001,1,2,2,122,Lost,Low Value
1017199,724,3,4756.71,2,4,4,244,At Risk,Medium Value
1017264,489,3,1923.0,3,4,2,342,Loyal,Medium Value
1018176,465,4,2276.7200000000003,3,5,3,353,Loyal,Medium Value
1018188,715,1,8624.32,2,2,5,225,Lost,Top Value
1018779,522,5,7310.4800000000005,3,5,4,354,Loyal,Top Value
1018850,397,4,3438.15,4,5,3,453,Loyal,Medium Value
1019261,925,1,1299.98,1,2,2,122,Lost,Low Value
1019290,632,1,200.0,2,2,1,221,Lost,Low Value
1019297,1747,1,2940.0,1,2,3,123,Lost,Medium Value
1019827,95,1,607.35,5,2,1,521,Loyal,Low Value
1019936,561,1,2044.59,3,2,2,322,Loyal,Medium Value
1019974,1004,3,2973.75,1,4,3,143,At Risk,Medium Value
1019996,729,3,1479.69,2,4,2,242,Lost,Low Value
1020103,4,2,882.9300000000001,5,3,2,532,Loyal,Low Value
1020331,291,1,2191.5,5,2,3,523,Loyal,Medium Value
1020536,242,3,1259.47,5,4,2,542,Loyal,Low Value
1020703,976,2,10971.0,1,3,5,135,At Risk,Top Value
1020918,837,2,8104.049999999999,2,3,5,235,At Risk,Top Value
1021118,781,1,2844.91,2,2,3,223,Lost,Medium Value
1021470,1257,1,2585.11,1,2,3,123,Lost,Medium Value
1021494,417,3,3148.95,4,4,3,443,Loyal,Medium Value
1021645,996,1,1515.95,1,2,2,122,Lost,Low Value
1021656,393,2,2215.5,4,3,3,433,Loyal,Medium Value
1021674,366,2,3491.3599999999997,4,3,3,433,Loyal,Medium Value
1021727,730,2,2657.38,2,3,3,233,At Risk,Medium Value
1022058,388,2,7136.5,4,3,4,434,Loyal,Top Value
1022320,401,5,1913.01,4,5,2,452,Loyal,Medium Value
1022328,422,5,13256.630000000001,4,5,5,455,Champions,Top Value
1022337,419,2,3058.87,4,3,3,433,Loyal,Medium Value
1022388,468,4,17901.6,3,5,5,355,Loyal,Top Value
1022606,841,1,12905.320000000002,2,2,5,225,Lost,Top Value
1022792,955,1,5965.47,1,2,4,124,Lost,Top Value
1022794,645,3,6359.88,2,4,4,244,At Risk,Top Value
1022895,1860,1,231.52,1,2,1,121,Lost,Low Value
1022980,216,4,4629.49,5,5,4,554,Champions,Medium Value
1023110,617,1,52.77,2,2,1,221,Lost,Low Value
1023381,51,3,7667.05,5,4,5,545,Champions,Top Value
1023777,974,1,4128.0,1,2,4,124,Lost,Medium Value
1023840,260,2,2301.4300000000003,5,3,3,533,Loyal,Medium Value
1024431,505,1,1519.6299999999999,3,2,2,322,Loyal,Low Value
1024830,172,4,8007.8,5,5,5,555,Champions,Top Value
1024923,396,3,5321.98,4,4,4,444,Champions,Top Value
1025012,803,2,1508.0,2,3,2,232,Lost,Low Value
1025021,1163,2,4143.73,1,3,4,134,At Risk,Medium Value
1025107,216,3,2024.54,5,4,2,542,Loyal,Medium Value
1025108,360,2,2927.25,4,3,3,433,Loyal,Medium Value
1025223,68,3,9970.77,5,4,5,545,Champions,Top Value
1025279,450,2,4346.46,3,3,4,334,Loyal,Medium Value
1025562,391,3,2233.89,4,4,3,443,Loyal,Medium Value
1025892,729,1,1123.98,2,2,2,222,Lost,Low Value
1025909,475,3,7227.99,3,4,4,344,Loyal,Top Value
1026021,376,3,1176.42,4,4,2,442,Loyal,Low Value
1026824,806,1,1599.92,2,2,2,222,Lost,Low Value
1026914,44,3,1495.72,5,4,2,542,Loyal,Low Value
1027402,265,2,1362.06,5,3,2,532,Loyal,Low Value
1027529,562,1,1869.6599999999999,3,2,2,322,Loyal,Medium Value
1027565,526,1,3769.0,3,2,3,323,Loyal,Medium Value
1027720,785,2,2934.5,2,3,3,233,At Risk,Medium Value
1027802,401,3,7444.93,4,4,4,444,Champions,Top Value
1027901,1695,1,1458.99,1,2,2,122,Lost,Low Value
1028420,156,4,13316.4,5,5,5,555,Champions,Top Value
1028704,593,3,6581.97,3,4,4,344,Loyal,Top Value
1029138,114,1,5358.0,5,2,4,524,Need Attention,Top Value
1029182,1191,1,9739.93,1,2,5,125,Lost,Top Value
1029492,876,2,6501.97,2,3,4,234,At Risk,Top Value
1029513,1290,1,109.0,1,2,1,121,Lost,Low Value
1029578,960,1,2264.07,1,2,3,123,Lost,Medium Value
1029757,464,2,793.79,3,3,1,331,Loyal,Low Value
1029828,720,1,2998.0,2,2,3,223,Lost,Medium Value
1029868,289,2,10016.92,5,3,5,535,Loyal,Top Value
1030143,556,2,5523.89,3,3,4,334,Loyal,Top Value
1031047,389,2,7874.61,4,3,5,435,Loyal,Top Value
1031068,507,6,11562.68,3,5,5,355,Loyal,Top Value
1031203,272,2,3519.9700000000003,5,3,3,533,Loyal,Medium Value
1031361,528,4,8486.19,3,5,5,355,Loyal,Top Value
1031377,540,2,1229.96,3,3,2,332,Loyal,Low Value
1031529,1660,1,338.0,1,2,1,121,Lost,Low Value
1031544,456,3,4610.78,3,4,4,344,Loyal,Medium Value
1031814,995,2,1321.96,1,3,2,132,Lost,Low Value
1032154,519,2,2783.88,3,3,3,333,Loyal,Medium Value
1032522,781,2,638.59,2,3,1,231,Lost,Low Value
1032990,730,2,956.56,2,3,2,232,Lost,Low Value
1033227,846,2,2138.0,2,3,2,232,Lost,Medium Value
1033579,579,2,4323.82,3,3,4,334,Loyal,Medium Value
1034273,422,2,16071.0,4,3,5,435,Loyal,Top Value
1034311,739,3,3760.96,2,4,3,243,At Risk,Medium Value
1034766,513,2,3016.64,3,3,3,333,Loyal,Medium Value
1035342,661,2,5407.91,2,3,4,234,At Risk,Top Value
1035789,498,6,5638.49,3,5,4,354,Loyal,Top Value
1036010,1125,1,325.8,1,2,1,121,Lost,Low Value
1036041,414,1,9450.9,4,2,5,425,Need Attention,Top Value
1036042,375,1,707.1,4,2,1,421,Loyal,Low Value
1036282,788,1,697.23,2,2,1,221,Lost,Low Value
1036471,603,1,29.97,3,2,1,321,Loyal,Low Value
1036675,970,3,2857.9700000000003,1,4,3,143,At Risk,Medium Value
1036716,414,1,1740.99,4,2,2,422,Loyal,Medium Value
1036840,591,1,1147.46,3,2,2,322,Loyal,Low Value
1036884,949,1,4065.94,1,2,3,123,Lost,Medium Value
1036986,419,2,7997.6900000000005,4,3,5,435,Loyal,Top Value
1037200,151,1,997.0,5,2,2,522,Loyal,Low Value
1037234,554,1,4751.71,3,2,4,324,Need Attention,Medium Value
1037348,429,3,3532.29,4,4,3,443,Loyal,Medium Value
1037400,367,4,3484.25,4,5,3,453,Loyal,Medium Value
1037661,960,2,335.61,1,3,1,131,Lost,Low Value
1037873,836,1,1107.0,2,2,2,222,Lost,Low Value
1038082,295,3,1056.5,5,4,2,542,Loyal,Low Value
1038132,1158,1,1548.97,1,2,2,122,Lost,Low Value
1038441,549,2,1957.22,3,3,2,332,Loyal,Medium Value
1039042,1181,1,5908.88,1,2,4,124,Lost,Top Value
1039050,363,8,13042.74,4,5,5,455,Champions,Top Value
1039125,610,1,950.0,2,2,2,222,Lost,Low Value
1039440,38,2,1643.97,5,3,2,532,Loyal,Low Value
1039709,291,1,1125.93,5,2,2,522,Loyal,Low Value
1039919,388,3,233.52,4,4,1,441,Loyal,Low Value
1040205,358,5,3626.07,4,5,3,453,Loyal,Medium Value
1040233,806,1,833.94,2,2,1,221,Lost,Low Value
1040264,834,1,270.72,2,2,1,221,Lost,Low Value
1040649,1534,1,3495.5,1,2,3,123,Lost,Medium Value
1040797,370,4,1312.24,4,5,2,452,Loyal,Low Value
1040916,46,2,7848.91,5,3,5,535,Loyal,Top Value
1041005,226,1,1509.79,5,2,2,522,Loyal,Low Value
1041067,596,4,11010.960000000001,3,5,5,355,Loyal,Top Value
1041126,466,2,1719.97,3,3,2,332,Loyal,Medium Value
1041399,1522,1,469.97,1,2,1,121,Lost,Low Value
1041465,487,4,4505.97,3,5,4,354,Loyal,Medium Value
1041466,1873,1,3958.4700000000003,1,2,3,123,Lost,Medium Value
1041541,1459,1,589.96,1,2,1,121,Lost,Low Value
1041566,447,2,3358.9700000000003,3,3,3,333,Loyal,Medium Value
1041698,52,4,17236.15,5,5,5,555,Champions,Top Value
1041700,470,2,3608.2799999999997,3,3,3,333,Loyal,Medium Value
1041703,417,3,1771.99,4,4,2,442,Loyal,Medium Value
1041871,291,4,898.27,5,5,2,552,Loyal,Low Value
1042263,505,2,3985.92,3,3,3,333,Loyal,Medium Value
1042267,53,6,5150.79,5,5,4,554,Champions,Top Value
1042301,352,4,4736.68,4,5,4,454,Champions,Medium Value
1042711,1517,1,495.0,1,2,1,121,Lost,Low Value
1042883,1707,2,6293.62,1,3,4,134,At Risk,Top Value
1042966,1872,1,79.98,1,2,1,121,Lost,Low Value
1043236,456,1,699.0,3,2,1,321,Loyal,Low Value
1043602,984,1,10382.9,1,2,5,125,Lost,Top Value
1043805,1257,1,2634.08,1,2,3,123,Lost,Medium Value
1043840,578,1,6913.3,3,2,4,324,Need Attention,Top Value
1043858,876,1,2539.5399999999995,2,2,3,223,Lost,Medium Value
1044258,1271,1,5.39,1,2,1,121,Lost,Low Value
1044742,386,3,1847.8400000000001,4,4,2,442,Loyal,Medium Value
1044749,156,1,3054.04,5,2,3,523,Loyal,Medium Value
1044798,1229,2,3780.96,1,3,3,133,At Risk,Medium Value
1044827,277,3,1633.69,5,4,2,542,Loyal,Low Value
1044833,1685,1,5494.93,1,2,4,124,Lost,Top Value
1044988,1339,1,1016.96,1,2,2,122,Lost,Low Value
1045314,291,1,573.98,5,2,1,521,Loyal,Low Value
1045339,844,1,11835.65,2,2,5,225,Lost,Top Value
1045636,1714,1,5442.95,1,2,4,124,Lost,Top Value
1045729,977,3,804.0,1,4,1,141,Lost,Low Value
1046044,548,3,12501.69,3,4,5,345,Loyal,Top Value
1046652,530,2,2481.5,3,3,3,333,Loyal,Medium Value
1046802,751,1,3249.6000000000004,2,2,3,223,Lost,Medium Value
1047050,750,2,6707.07,2,3,4,234,At Risk,Top Value
1047191,753,1,2669.7799999999997,2,2,3,223,Lost,Medium Value
1047746,718,3,1563.48,2,4,2,242,Lost,Low Value
1047846,401,2,2218.84,4,3,3,433,Loyal,Medium Value
1047910,540,2,489.0,3,3,1,331,Loyal,Low Value
1048581,45,2,659.8,5,3,1,531,Loyal,Low Value
1048733,865,1,4078.09,2,2,4,224,Lost,Medium Value
1049326,421,2,2543.83,4,3,3,433,Loyal,Medium Value
1049490,414,4,6618.71,4,5,4,454,Champions,Top Value
1049578,242,3,2385.73,5,4,3,543,Loyal,Medium Value
1049670,263,2,2204.0,5,3,3,533,Loyal,Medium Value
1049709,365,4,2715.06,4,5,3,453,Loyal,Medium Value
1049772,183,2,4059.86,5,3,3,533,Loyal,Medium Value
1049861,414,8,34141.79,4,5,5,455,Champions,Top Value
1049894,456,2,8184.95,3,3,5,335,Loyal,Top Value
1049904,160,3,3122.69,5,4,3,543,Loyal,Medium Value
1050006,785,2,12502.47,2,3,5,235,At Risk,Top Value
1050429,413,2,6027.72,4,3,4,434,Loyal,Top Value
1050975,466,4,6185.58,3,5,4,354,Loyal,Top Value
1051244,449,3,1205.68,3,4,2,342,Loyal,Low Value
1051282,606,1,7706.42,3,2,5,325,Need Attention,Top Value
1051710,382,3,5325.81,4,4,4,444,Champions,Top Value
1051777,151,2,307.85999999999996,5,3,1,531,Loyal,Low Value
1052015,802,1,1607.03,2,2,2,222,Lost,Low Value
1052170,1492,1,897.0,1,2,2,122,Lost,Low Value
1052486,1180,2,6627.01,1,3,4,134,At Risk,Top Value
1052614,603,1,257.5,3,2,1,321,Loyal,Low Value
1052960,715,2,478.95,2,3,1,231,Lost,Low Value
1052970,351,2,6605.0599999999995,4,3,4,434,Loyal,Top Value
1053100,239,3,1753.8500000000001,5,4,2,542,Loyal,Medium Value
1053209,613,5,9717.17,2,5,5,255,At Risk,Top Value
1053333,949,1,457.99,1,2,1,121,Lost,Low Value
1053393,295,2,4226.860000000001,5,3,4,534,Loyal,Medium Value
1053634,30,2,2800.0,5,3,3,533,Loyal,Medium Value
1053706,374,3,22264.41,4,4,5,445,Champions,Top Value
1053754,611,3,4944.6900000000005,2,4,4,244,At Risk,Medium Value
1053987,834,1,2926.56,2,2,3,223,Lost,Medium Value
1054404,361,2,11065.0,4,3,5,435,Loyal,Top Value
1054507,360,1,19.98,4,2,1,421,Loyal,Low Value
1054612,249,2,1291.52,5,3,2,532,Loyal,Low Value
1054649,633,2,3406.52,2,3,3,233,At Risk,Medium Value
1054655,731,2,7560.85,2,3,5,235,At Risk,Top Value
1054835,995,1,4974.86,1,2,4,124,Lost,Top Value
1054956,414,1,884.74,4,2,2,422,Loyal,Low Value
1055437,1699,1,1499.95,1,2,2,122,Lost,Low Value
1055671,1151,3,2163.52,1,4,3,143,At Risk,Medium Value
1055766,666,1,206.14999999999998,2,2,1,221,Lost,Low Value
1055801,344,1,778.91,5,2,1,521,Loyal,Low Value
1055880,352,2,2385.91,4,3,3,433,Loyal,Medium Value
1056003,373,2,2355.1800000000003,4,3,3,433,Loyal,Medium Value
1056183,1809,1,1664.2,1,2,2,122,Lost,Low Value
1056363,733,2,1528.49,2,3,2,232,Lost,Low Value
1056452,1102,1,3456.1099999999997,1,2,3,123,Lost,Medium Value
1056761,729,2,4428.72,2,3,4,234,At Risk,Medium Value
1057055,478,8,16434.56,3,5,5,355,Loyal,Top Value
1057151,355,3,926.47,4,4,2,442,Loyal,Low Value
1057356,239,4,6642.75,5,5,4,554,Champions,Top Value
1057875,601,4,4546.88,3,5,4,354,Loyal,Medium Value
1058030,452,3,14163.11,3,4,5,345,Loyal,Top Value
1058061,745,1,63.3,2,2,1,221,Lost,Low Value
1058093,723,1,284.5,2,2,1,221,Lost,Low Value
1058138,69,3,6069.37,5,4,4,544,Champions,Top Value
1058292,1455,2,546.74,1,3,1,131,Lost,Low Value
1058513,46,2,1548.3400000000001,5,3,2,532,Loyal,Low Value
1058678,443,2,1439.6999999999998,3,3,2,332,Loyal,Low Value
1058772,748,2,4810.54,2,3,4,234,At Risk,Medium Value
1058787,436,2,3824.8199999999997,3,3,3,333,Loyal,Medium Value
1058914,885,1,835.8,1,2,1,121,Lost,Low Value
1059222,137,3,3615.39,5,4,3,543,Loyal,Medium Value
1059468,408,2,2161.7599999999998,4,3,3,433,Loyal,Medium Value
1059705,535,1,2600.99,3,2,3,323,Loyal,Medium Value
1059733,638,2,2099.1,2,3,2,232,Lost,Medium Value
1059971,234,1,6250.92,5,2,4,524,Need Attention,Top Value
1060009,344,3,18352.2,5,4,5,545,Champions,Top Value
1060173,283,4,11461.06,5,5,5,555,Champions,Top Value
1060308,597,2,4654.889999999999,3,3,4,334,Loyal,Medium Value
1060423,1,7,14823.08,5,5,5,555,Champions,Top Value
1060472,52,2,1743.96,5,3,2,532,Loyal,Medium Value
1060589,1718,1,5804.87,1,2,4,124,Lost,Top Value
1060647,470,1,996.97,3,2,2,322,Loyal,Low Value
1061782,248,1,753.0,5,2,1,521,Loyal,Low Value
1061855,1249,1,152.88,1,2,1,121,Lost,Low Value
1062069,722,2,488.92,2,3,1,231,Lost,Low Value
1062180,45,3,13497.66,5,4,5,545,Champions,Top Value
1062380,1220,1,1314.0,1,2,2,122,Lost,Low Value
1062632,613,4,3683.59,2,5,3,253,At Risk,Medium Value
1062944,772,3,8137.67,2,4,5,245,At Risk,Top Value
1063458,1633,1,2502.0,1,2,3,123,Lost,Medium Value
1063572,659,1,1748.8899999999999,2,2,2,222,Lost,Medium Value
1063700,62,3,13970.28,5,4,5,545,Champions,Top Value
1064279,423,2,1304.76,4,3,2,432,Loyal,Low Value
1064325,263,3,6188.73,5,4,4,544,Champions,Top Value
1064519,758,2,149.86,2,3,1,231,Lost,Low Value
1064597,718,6,14787.82,2,5,5,255,At Risk,Top Value
1064658,484,2,614.0,3,3,1,331,Loyal,Low Value
1064976,352,1,284.4,4,2,1,421,Loyal,Low Value
1064999,808,1,1110.0900000000001,2,2,2,222,Lost,Low Value
1065004,304,6,7294.9800000000005,5,5,4,554,Champions,Top Value
1065072,143,2,4893.68,5,3,4,534,Loyal,Medium Value
1065496,944,1,257.5,1,2,1,121,Lost,Low Value
1065501,414,3,12470.34,4,4,5,445,Champions,Top Value
1065574,1469,1,579.98,1,2,1,121,Lost,Low Value
1065583,468,2,10317.23,3,3,5,335,Loyal,Top Value
1065839,635,1,3636.0,2,2,3,223,Lost,Medium Value
1066452,430,4,14231.98,4,5,5,455,Champions,Top Value
1066472,409,2,1098.0,4,3,2,432,Loyal,Low Value
1066623,484,2,7621.82,3,3,5,335,Loyal,Top Value
1067256,608,1,5.5,2,2,1,221,Lost,Low Value
1067403,534,1,25.5,3,2,1,321,Loyal,Low Value
1067528,789,1,3872.9700000000003,2,2,3,223,Lost,Medium Value
1067598,417,2,8821.8,4,3,5,435,Loyal,Top Value
1067702,93,7,7474.26,5,5,4,554,Champions,Top Value
1068220,779,3,4213.93,2,4,4,244,At Risk,Medium Value
1068351,555,1,129.0,3,2,1,321,Loyal,Low Value
1068402,1823,1,5316.2,1,2,4,124,Lost,Top Value
1068419,1376,1,143.92,1,2,1,121,Lost,Low Value
1068431,1654,1,437.99,1,2,1,121,Lost,Low Value
1068524,474,1,401.89,3,2,1,321,Loyal,Low Value
1069041,384,2,6647.639999999999,4,3,4,434,Loyal,Top Value
1069141,129,1,53.99,5,2,1,521,Loyal,Low Value
1069316,857,1,37.95,2,2,1,221,Lost,Low Value
1069338,1557,1,7499.49,1,2,5,125,Lost,Top Value
1069496,963,1,2014.3,1,2,2,122,Lost,Medium Value
1069649,1622,1,336.0,1,2,1,121,Lost,Low Value
1069911,781,1,20970.949999999997,2,2,5,225,Lost,Top Value
1070054,362,4,1442.97,4,5,2,452,Loyal,Low Value
1070372,38,2,3008.7,5,3,3,533,Loyal,Medium Value
1070473,831,1,2649.37,2,2,3,223,Lost,Medium Value
1070493,496,1,1429.9,3,2,2,322,Loyal,Low Value
1070928,757,2,8522.94,2,3,5,235,At Risk,Top Value
1071007,344,3,1212.63,5,4,2,542,Loyal,Low Value
1071326,568,3,6153.37,3,4,4,344,Loyal,Top Value
1071414,607,2,5582.84,2,3,4,234,At Risk,Top Value
1071445,649,1,1570.65,2,2,2,222,Lost,Low Value
1071530,495,2,361.96999999999997,3,3,1,331,Loyal,Low Value
1071667,1116,1,129.0,1,2,1,121,Lost,Low Value
1072272,424,3,5313.49,4,4,4,444,Champions,Top Value
1072821,854,2,6831.67,2,3,4,234,At Risk,Top Value
1073026,813,1,439.96,2,2,1,221,Lost,Low Value
1073027,501,2,3728.99,3,3,3,333,Loyal,Medium Value
1073088,773,2,779.64,2,3,1,231,Lost,Low Value
1073430,1465,1,2096.0,1,2,2,122,Lost,Medium Value
1073964,1009,2,6589.32,1,3,4,134,At Risk,Top Value
1074065,842,5,12013.53,2,5,5,255,At Risk,Top Value
1074430,1723,1,2821.27,1,2,3,123,Lost,Medium Value
1074512,46,4,7881.88,5,5,5,555,Champions,Top Value
1074717,722,3,2044.16,2,4,2,242,Lost,Medium Value
1074728,535,3,3619.12,3,4,3,343,Loyal,Medium Value
1075069,289,3,18350.63,5,4,5,545,Champions,Top Value
1075190,664,3,6026.780000000001,2,4,4,244,At Risk,Top Value
1075402,363,1,1592.0,4,2,2,422,Loyal,Low Value
1075426,409,2,233.98,4,3,1,431,Loyal,Low Value
1075880,656,2,9106.96,2,3,5,235,At Risk,Top Value
1076007,476,3,7862.17,3,4,5,345,Loyal,Top Value
1076090,1441,1,665.0,1,2,1,121,Lost,Low Value
1076568,1270,2,16198.909999999998,1,3,5,135,At Risk,Top Value
1076623,1828,1,2825.0,1,2,3,123,Lost,Medium Value
1076661,547,2,443.89,3,3,1,331,Loyal,Low Value
1076700,794,3,8032.61,2,4,5,245,At Risk,Top Value
1076923,422,4,18496.21,4,5,5,455,Champions,Top Value
1077719,142,1,789.98,5,2,1,521,Loyal,Low Value
1078234,430,1,3317.8,4,2,3,423,Loyal,Medium Value
1078235,134,3,2943.79,5,4,3,543,Loyal,Medium Value
1078242,418,4,3242.93,4,5,3,453,Loyal,Medium Value
1078267,473,1,2954.6,3,2,3,323,Loyal,Medium Value
1078416,478,3,752.78,3,4,1,341,Loyal,Low Value
1078673,1530,1,495.91999999999996,1,2,1,121,Lost,Low Value
1078677,235,2,13711.869999999999,5,3,5,535,Loyal,Top Value
1078980,1027,1,659.97,1,2,1,121,Lost,Low Value
1079159,409,6,9230.35,4,5,5,455,Champions,Top Value
1079330,431,1,128.0,4,2,1,421,Loyal,Low Value
1079698,810,2,580.91,2,3,1,231,Lost,Low Value
1080102,584,1,1767.0,3,2,2,322,Loyal,Medium Value
1080125,942,1,10651.97,1,2,5,125,Lost,Top Value
1080163,58,3,1873.42,5,4,2,542,Loyal,Medium Value
1080247,52,3,234.61,5,4,1,541,Loyal,Low Value
1081217,393,3,2134.65,4,4,2,442,Loyal,Medium Value
1081249,809,1,539.97,2,2,1,221,Lost,Low Value
1081604,71,5,7727.87,5,5,5,555,Champions,Top Value
1081686,1107,1,3335.94,1,2,3,123,Lost,Medium Value
1081923,278,1,499.9,5,2,1,521,Loyal,Low Value
1082026,599,1,512.0,3,2,1,321,Loyal,Low Value
1082222,464,1,25865.14,3,2,5,325,Need Attention,Top Value
1082267,946,1,445.0,1,2,1,121,Lost,Low Value
1082396,1142,1,4056.91,1,2,3,123,Lost,Medium Value
1082460,291,3,2544.95,5,4,3,543,Loyal,Medium Value
1083191,1560,2,757.79,1,3,1,131,Lost,Low Value
1083735,1166,1,9322.95,1,2,5,125,Lost,Top Value
1083775,452,1,1421.0,3,2,2,322,Loyal,Low Value
1083945,418,2,937.9,4,3,2,432,Loyal,Low Value
1084205,367,8,11273.09,4,5,5,455,Champions,Top Value
1084570,197,4,2563.4700000000003,5,5,3,553,Loyal,Medium Value
1085040,1144,1,125.92999999999999,1,2,1,121,Lost,Low Value
1085205,299,1,547.8,5,2,1,521,Loyal,Low Value
1085273,358,1,3344.98,4,2,3,423,Loyal,Medium Value
1085466,61,2,727.8,5,3,1,531,Loyal,Low Value
1085643,57,2,6610.9,5,3,4,534,Loyal,Top Value
1085687,1625,1,1129.64,1,2,2,122,Lost,Low Value
1086200,524,5,12027.5,3,5,5,355,Loyal,Top Value
1086276,370,4,6781.719999999999,4,5,4,454,Champions,Top Value
1086645,447,2,4918.93,3,3,4,334,Loyal,Medium Value
1087194,1216,1,977.0999999999999,1,2,2,122,Lost,Low Value
1087732,255,8,36664.3,5,5,5,555,Champions,Top Value
1087790,759,3,1927.07,2,4,2,242,Lost,Medium Value
1087841,60,5,12681.710000000001,5,5,5,555,Champions,Top Value
1088108,775,2,1391.53,2,3,2,232,Lost,Low Value
1088133,409,1,231.29000000000002,4,2,1,421,Loyal,Low Value
1088403,290,3,5738.95,5,4,4,544,Champions,Top Value
1088511,618,1,3195.0,2,2,3,223,Lost,Medium Value
1089176,799,2,3256.0,2,3,3,233,At Risk,Medium Value
1089328,89,1,179.99,5,2,1,521,Loyal,Low Value
1089369,1175,1,559.9,1,2,1,121,Lost,Low Value
1089406,423,1,1389.0,4,2,2,422,Loyal,Low Value
1089414,739,3,5022.95,2,4,4,244,At Risk,Top Value
1089537,927,1,8457.93,1,2,5,125,Lost,Top Value
1089571,15,6,6692.8099999999995,5,5,4,554,Champions,Top Value
1089890,177,4,5188.38,5,5,4,554,Champions,Top Value
1090259,366,7,6731.68,4,5,4,454,Champions,Top Value
1090406,1327,1,2271.96,1,2,3,123,Lost,Medium Value
1090531,498,1,1806.98,3,2,2,322,Loyal,Medium Value
1090656,1206,1,131.96,1,2,1,121,Lost,Low Value
1090696,492,3,11185.05,3,4,5,345,Loyal,Top Value
1090726,143,8,17474.28,5,5,5,555,Champions,Top Value
1090739,1079,2,1600.2399999999998,1,3,2,132,Lost,Low Value
1091419,8,3,22818.030000000002,5,4,5,545,Champions,Top Value
1091801,836,4,15250.960000000001,2,5,5,255,At Risk,Top Value
1091961,661,2,2800.0,2,3,3,233,At Risk,Medium Value
1092098,606,1,366.0,3,2,1,321,Loyal,Low Value
1092329,1653,1,3129.0,1,2,3,123,Lost,Medium Value
1092416,627,2,3870.02,2,3,3,233,At Risk,Medium Value
1092434,261,3,1011.42,5,4,2,542,Loyal,Low Value
1092661,1504,1,253.21,1,2,1,121,Lost,Low Value
1093130,642,1,3913.0,2,2,3,223,Lost,Medium Value
1093518,913,1,2345.8,1,2,3,123,Lost,Medium Value
1093679,1296,2,1382.97,1,3,2,132,Lost,Low Value
1093788,438,5,8963.53,3,5,5,355,Loyal,Top Value
1093798,421,3,6672.89,4,4,4,444,Champions,Top Value
1094026,875,1,577.96,2,2,1,221,Lost,Low Value
1094276,244,5,16860.56,5,5,5,555,Champions,Top Value
1094291,1396,3,996.0,1,4,2,142,Lost,Low Value
1094568,4,2,8195.949999999999,5,3,5,535,Loyal,Top Value
1094624,631,3,6494.46,2,4,4,244,At Risk,Top Value
1094704,353,2,4008.9700000000003,4,3,3,433,Loyal,Medium Value
1094730,27,2,6101.3,5,3,4,534,Loyal,Top Value
1094906,734,1,2277.82,2,2,3,223,Lost,Medium Value
1094994,581,1,200.0,3,2,1,321,Loyal,Low Value
1095118,564,1,2109.8,3,2,2,322,Loyal,Medium Value
1095308,11,3,4656.48,5,4,4,544,Champions,Medium Value
1095416,265,1,39.9,5,2,1,521,Loyal,Low Value
1095528,544,3,3624.2200000000003,3,4,3,343,Loyal,Medium Value
1095535,1170,1,599.98,1,2,1,121,Lost,Low Value
1095565,576,1,10248.0,3,2,5,325,Need Attention,Top Value
1095669,1202,2,3209.28,1,3,3,133,At Risk,Medium Value
1096033,423,1,495.0,4,2,1,421,Loyal,Low Value
1096041,799,1,3068.8500000000004,2,2,3,223,Lost,Medium Value
1096123,404,5,7540.61,4,5,5,455,Champions,Top Value
1096502,1162,1,2989.9,1,2,3,123,Lost,Medium Value
1096641,538,2,11704.869999999999,3,3,5,335,Loyal,Top Value
1096714,159,4,2650.96,5,5,3,553,Loyal,Medium Value
1096834,871,3,1795.89,2,4,2,242,Lost,Medium Value
1096960,752,3,4390.6900000000005,2,4,4,244,At Risk,Medium Value
1097022,722,5,8477.52,2,5,5,255,At Risk,Top Value
1097057,426,4,8497.61,4,5,5,455,Champions,Top Value
1097307,738,1,1883.0,2,2,2,222,Lost,Medium Value
1097332,446,3,6072.320000000001,3,4,4,344,Loyal,Top Value
1097591,1648,2,5254.099999999999,1,3,4,134,At Risk,Top Value
1097602,540,1,179.0,3,2,1,321,Loyal,Low Value
1097685,758,4,24740.82,2,5,5,255,At Risk,Top Value
1097689,767,4,9086.54,2,5,5,255,At Risk,Top Value
1097900,536,2,1218.8,3,3,2,332,Loyal,Low Value
1098100,117,4,2373.99,5,5,3,553,Loyal,Medium Value
1098143,555,2,592.9,3,3,1,331,Loyal,Low Value
1098179,765,3,6296.91,2,4,4,244,At Risk,Top Value
1098298,528,2,1093.71,3,3,2,332,Loyal,Low Value
1098561,838,1,652.0,2,2,1,221,Lost,Low Value
1098687,20,10,25432.54,5,5,5,555,Champions,Top Value
1098793,729,5,9064.6,2,5,5,255,At Risk,Top Value
1098881,806,2,2776.86,2,3,3,233,At Risk,Medium Value
1099301,594,1,3010.77,3,2,3,323,Loyal,Medium Value
1099476,641,1,6599.9400000000005,2,2,4,224,Lost,Top Value
1099807,257,2,6198.76,5,3,4,534,Loyal,Top Value
1100042,458,2,2418.73,3,3,3,333,Loyal,Medium Value
1100184,472,2,1984.6100000000001,3,3,2,332,Loyal,Medium Value
1100244,151,1,3243.0,5,2,3,523,Loyal,Medium Value
1100246,382,1,4763.89,4,2,4,424,Need Attention,Medium Value
1100294,382,3,1656.6,4,4,2,442,Loyal,Low Value
1100341,169,4,5078.6,5,5,4,554,Champions,Top Value
1100414,617,1,265.98,2,2,1,221,Lost,Low Value
1100448,707,1,1379.4,2,2,2,222,Lost,Low Value
1100506,1202,1,109.99,1,2,1,121,Lost,Low Value
1100638,815,1,539.2,2,2,1,221,Lost,Low Value
1100816,547,2,9059.2,3,3,5,335,Loyal,Top Value
1100982,817,1,338.0,2,2,1,221,Lost,Low Value
1101266,1583,1,1885.81,1,2,2,122,Lost,Medium Value
1101386,712,3,8851.07,2,4,5,245,At Risk,Top Value
1101670,358,5,9530.720000000001,4,5,5,455,Champions,Top Value
1101686,523,3,10296.08,3,4,5,345,Loyal,Top Value
1101877,850,1,101.28,2,2,1,221,Lost,Low Value
1102272,1655,1,971.0,1,2,2,122,Lost,Low Value
1102383,177,2,5997.94,5,3,4,534,Loyal,Top Value
1102760,200,4,19891.68,5,5,5,555,Champions,Top Value
1102822,827,1,3106.4,2,2,3,223,Lost,Medium Value
1102842,1513,1,1630.0,1,2,2,122,Lost,Low Value
1103294,460,3,9135.09,3,4,5,345,Loyal,Top Value
1103640,282,1,308.0,5,2,1,521,Loyal,Low Value
1103795,354,3,5176.0,4,4,4,444,Champions,Top Value
1103886,1198,1,1642.78,1,2,2,122,Lost,Low Value
1104029,284,3,13511.05,5,4,5,545,Champions,Top Value
1104196,842,1,990.28,2,2,2,222,Lost,Low Value
1104304,1510,2,9522.57,1,3,5,135,At Risk,Top Value
1104307,827,2,11599.76,2,3,5,235,At Risk,Top Value
1104581,421,3,11693.92,4,4,5,445,Champions,Top Value
1104802,1149,1,1173.0,1,2,2,122,Lost,Low Value
1104932,787,1,299.9,2,2,1,221,Lost,Low Value
1105074,396,2,5074.93,4,3,4,434,Loyal,Top Value
1105288,591,3,4077.92,3,4,4,344,Loyal,Medium Value
1105481,391,2,7055.59,4,3,4,434,Loyal,Top Value
1105588,1618,1,2979.56,1,2,3,123,Lost,Medium Value
1105607,386,1,1127.0,4,2,2,422,Loyal,Low Value
1106029,8,3,6728.68,5,4,4,544,Champions,Top Value
1106051,468,1,179.99,3,2,1,321,Loyal,Low Value
1106087,402,4,4392.76,4,5,4,454,Champions,Medium Value
1106952,632,2,1577.3,2,3,2,232,Lost,Low Value
1107011,766,1,1198.0,2,2,2,222,Lost,Low Value
1107312,726,1,360.0,2,2,1,221,Lost,Low Value
1107432,834,2,2005.74,2,3,2,232,Lost,Medium Value
1107461,442,4,10443.12,3,5,5,355,Loyal,Top Value
1107471,1450,1,3100.0,1,2,3,123,Lost,Medium Value
1107656,575,2,2062.74,3,3,2,332,Loyal,Medium Value
1108421,783,1,5499.95,2,2,4,224,Lost,Top Value
1108431,788,1,999.0,2,2,2,222,Lost,Low Value
1108440,362,1,359.98,4,2,1,421,Loyal,Low Value
1108466,167,2,1712.95,5,3,2,532,Loyal,Medium Value
1108629,545,2,3102.75,3,3,3,333,Loyal,Medium Value
1109178,480,4,13925.97,3,5,5,355,Loyal,Top Value
1109196,580,1,52.660000000000004,3,2,1,321,Loyal,Low Value
1109358,723,2,1702.8700000000001,2,3,2,232,Lost,Medium Value
1109419,365,4,5689.0,4,5,4,454,Champions,Top Value
1109536,101,1,1764.0,5,2,2,522,Loyal,Medium Value
1109746,269,1,1983.86,5,2,2,522,Loyal,Medium Value
1109801,764,1,2169.0,2,2,3,223,Lost,Medium Value
1109864,501,1,1280.0,3,2,2,322,Loyal,Low Value
1110012,529,2,537.51,3,3,1,331,Loyal,Low Value
1110229,1140,2,3398.65,1,3,3,133,At Risk,Medium Value
1110305,1618,1,712.56,1,2,1,121,Lost,Low Value
1110691,253,4,15050.88,5,5,5,555,Champions,Top Value
1110868,1637,2,9610.72,1,3,5,135,At Risk,Top Value
1111119,425,2,22303.760000000002,4,3,5,435,Loyal,Top Value
1111227,548,1,37.95,3,2,1,321,Loyal,Low Value
1111645,804,2,5156.83,2,3,4,234,At Risk,Top Value
1111650,599,2,3380.89,3,3,3,333,Loyal,Medium Value
1111848,481,4,19586.58,3,5,5,355,Loyal,Top Value
1111954,454,4,5010.0,3,5,4,354,Loyal,Top Value
1112089,446,5,10166.42,3,5,5,355,Loyal,Top Value
1112155,441,3,2947.0,3,4,3,343,Loyal,Medium Value
1112418,1241,2,6489.389999999999,1,3,4,134,At Risk,Top Value
1112419,652,3,3155.82,2,4,3,243,At Risk,Medium Value
1112613,448,3,7404.25,3,4,4,344,Loyal,Top Value
1112803,369,3,795.8900000000001,4,4,1,441,Loyal,Low Value
1112974,645,4,16902.920000000002,2,5,5,255,At Risk,Top Value
1113081,376,4,9578.62,4,5,5,455,Champions,Top Value
1113084,209,3,10283.4,5,4,5,545,Champions,Top Value
1113255,843,2,1408.2,2,3,2,232,Lost,Low Value
1113391,736,1,299.99,2,2,1,221,Lost,Low Value
1114072,724,1,308.0,2,2,1,221,Lost,Low Value
1114100,363,4,18042.87,4,5,5,455,Champions,Top Value
1114283,1103,3,9952.130000000001,1,4,5,145,At Risk,Top Value
1114319,914,2,11093.939999999999,1,3,5,135,At Risk,Top Value
1114345,376,3,13277.77,4,4,5,445,Champions,Top Value
1114873,853,1,249.99,2,2,1,221,Lost,Low Value
1115222,370,6,11372.84,4,5,5,455,Champions,Top Value
1115485,1824,1,1340.8799999999999,1,2,2,122,Lost,Low Value
1115513,54,3,4705.46,5,4,4,544,Champions,Medium Value
1115892,421,3,7539.85,4,4,5,445,Champions,Top Value
1116156,412,8,20716.19,4,5,5,455,Champions,Top Value
1116314,615,2,3276.98,2,3,3,233,At Risk,Medium Value
1116568,25,2,2963.6099999999997,5,3,3,533,Loyal,Medium Value
1116789,653,1,480.0,2,2,1,221,Lost,Low Value
1116892,584,2,7017.549999999999,3,3,4,334,Loyal,Top Value
1117051,899,1,3074.9,1,2,3,123,Lost,Medium Value
1117827,372,1,869.97,4,2,2,422,Loyal,Low Value
1117944,78,2,13079.920000000002,5,3,5,535,Loyal,Top Value
1118097,290,5,4986.73,5,5,4,554,Champions,Top Value
1118302,425,6,8200.35,4,5,5,455,Champions,Top Value
1118352,37,1,1207.96,5,2,2,522,Loyal,Low Value
1118689,423,2,9388.79,4,3,5,435,Loyal,Top Value
1118795,895,1,298.0,1,2,1,121,Lost,Low Value
1119069,8,2,9470.21,5,3,5,535,Loyal,Top Value
1119189,600,2,2209.97,3,3,3,333,Loyal,Medium Value
1119510,578,3,780.52,3,4,1,341,Loyal,Low Value
1119547,429,2,1616.98,4,3,2,432,Loyal,Low Value
1119619,781,3,878.75,2,4,2,242,Lost,Low Value
1119720,40,2,805.46,5,3,1,531,Loyal,Low Value
1119796,865,1,3063.6,2,2,3,223,Lost,Medium Value
1119822,530,6,6995.8099999999995,3,5,4,354,Loyal,Top Value
1120599,509,2,2146.32,3,3,2,332,Loyal,Medium Value
1121619,792,1,3031.99,2,2,3,223,Lost,Medium Value
1121796,974,1,5190.9,1,2,4,124,Lost,Top Value
1122022,808,1,4628.0,2,2,4,224,Lost,Medium Value
1122108,522,1,2105.61,3,2,2,322,Loyal,Medium Value
1122233,558,4,2800.53,3,5,3,353,Loyal,Medium Value
1122248,1844,1,459.8,1,2,1,121,Lost,Low Value
1122433,1224,1,1956.0,1,2,2,122,Lost,Medium Value
1122612,1466,1,299.96999999999997,1,2,1,121,Lost,Low Value
1122810,1382,1,2327.2799999999997,1,2,3,123,Lost,Medium Value
1123162,647,2,4043.7200000000003,2,3,3,233,At Risk,Medium Value
1123758,498,4,1757.53,3,5,2,352,Loyal,Medium Value
1123816,557,2,2429.62,3,3,3,333,Loyal,Medium Value
1123881,425,1,2455.9,4,2,3,423,Loyal,Medium Value
1124112,425,2,10570.7,4,3,5,435,Loyal,Top Value
1124172,1325,2,1960.6799999999998,1,3,2,132,Lost,Medium Value
1124187,1000,1,305.98,1,2,1,121,Lost,Low Value
1124426,1601,2,1451.98,1,3,2,132,Lost,Low Value
1124499,533,1,2214.0,3,2,3,323,Loyal,Medium Value
1124572,655,1,3858.5299999999997,2,2,3,223,Lost,Medium Value
1124659,1093,2,11502.98,1,3,5,135,At Risk,Top Value
1124706,257,8,14388.25,5,5,5,555,Champions,Top Value
1125056,411,2,7128.41,4,3,4,434,Loyal,Top Value
1125351,1162,1,299.9,1,2,1,121,Lost,Low Value
1125468,372,3,19350.89,4,4,5,445,Champions,Top Value
1125474,806,2,6259.14,2,3,4,234,At Risk,Top Value
1125761,792,2,4552.0,2,3,4,234,At Risk,Medium Value
1126317,592,1,35.339999999999996,3,2,1,321,Loyal,Low Value
1126390,1188,1,1348.0,1,2,2,122,Lost,Low Value
1126411,950,2,6129.68,1,3,4,134,At Risk,Top Value
1126510,1513,1,7081.219999999999,1,2,4,124,Lost,Top Value
1127050,1192,1,816.36,1,2,1,121,Lost,Low Value
1127381,435,3,16059.19,3,4,5,345,Loyal,Top Value
1127584,141,3,4951.28,5,4,4,544,Champions,Medium Value
1127638,397,7,14403.14,4,5,5,455,Champions,Top Value
1127690,416,3,4549.77,4,4,4,444,Champions,Medium Value
1128295,936,2,544.1400000000001,1,3,1,131,Lost,Low Value
1128384,486,1,32.0,3,2,1,321,Loyal,Low Value
1128590,1213,1,22.99,1,2,1,121,Lost,Low Value
1128911,176,1,136.0,5,2,1,521,Loyal,Low Value
1128994,460,3,1602.83,3,4,2,342,Loyal,Low Value
1129179,1145,2,6704.860000000001,1,3,4,134,At Risk,Top Value
1129200,926,2,3637.94,1,3,3,133,At Risk,Medium Value
1129442,456,3,3778.39,3,4,3,343,Loyal,Medium Value
1129520,36,1,3133.29,5,2,3,523,Loyal,Medium Value
1129712,551,4,7791.69,3,5,5,355,Loyal,Top Value
1129721,277,1,3897.0,5,2,3,523,Loyal,Medium Value
1129799,1,3,11013.09,5,4,5,545,Champions,Top Value
1130205,429,3,4422.2699999999995,4,4,4,444,Champions,Medium Value
1130382,222,5,15556.97,5,5,5,555,Champions,Top Value
1130442,344,4,9715.74,5,5,5,555,Champions,Top Value
1130512,427,1,3956.58,4,2,3,423,Loyal,Medium Value
1130812,1828,1,2516.75,1,2,3,123,Lost,Medium Value
1130814,554,1,2405.9300000000003,3,2,3,323,Loyal,Medium Value
1130928,290,2,9242.51,5,3,5,535,Loyal,Top Value
1131276,374,5,4502.37,4,5,4,454,Champions,Medium Value
1131576,744,2,2940.94,2,3,3,233,At Risk,Medium Value
1131690,789,1,5075.79,2,2,4,224,Lost,Top Value
1132350,634,3,17392.45,2,4,5,245,At Risk,Top Value
1132370,740,6,15693.82,2,5,5,255,At Risk,Top Value
1132400,437,3,6813.56,3,4,4,344,Loyal,Top Value
1132540,754,2,4654.89,2,3,4,234,At Risk,Medium Value
1132599,408,1,132.99,4,2,1,421,Loyal,Low Value
1132629,1003,1,4420.8099999999995,1,2,4,124,Lost,Medium Value
1133148,1451,1,99.99,1,2,1,121,Lost,Low Value
1133404,1166,3,5572.21,1,4,4,144,At Risk,Top Value
1133419,785,3,3597.6000000000004,2,4,3,243,At Risk,Medium Value
1133712,635,2,219.28,2,3,1,231,Lost,Low Value
1134255,538,4,5306.48,3,5,4,354,Loyal,Top Value
1134501,58,1,1107.0,5,2,2,522,Loyal,Low Value
1134929,348,2,6951.5,4,3,4,434,Loyal,Top Value
1135020,840,3,12500.539999999999,2,4,5,245,At Risk,Top Value
1135026,170,2,1426.0,5,3,2,532,Loyal,Low Value
1135188,580,2,4073.99,3,3,3,333,Loyal,Medium Value
1135217,850,2,1125.79,2,3,2,232,Lost,Low Value
1135250,1004,2,1682.8600000000001,1,3,2,132,Lost,Low Value
1135465,795,2,3126.62,2,3,3,233,At Risk,Medium Value
1136143,537,5,9965.49,3,5,5,355,Loyal,Top Value
1136286,477,3,1642.7,3,4,2,342,Loyal,Low Value
1136316,283,2,722.8,5,3,1,531,Loyal,Low Value
1136319,383,3,10052.79,4,4,5,445,Champions,Top Value
1136696,421,2,13489.09,4,3,5,435,Loyal,Top Value
1136737,373,3,6726.99,4,4,4,444,Champions,Top Value
1136852,733,1,2937.23,2,2,3,223,Lost,Medium Value
1137012,1538,1,877.98,1,2,2,122,Lost,Low Value
1137155,1226,1,2214.0,1,2,3,123,Lost,Medium Value
1137406,556,2,8320.43,3,3,5,335,Loyal,Top Value
1137620,743,1,6993.0,2,2,4,224,Lost,Top Value
1137780,1025,4,8925.83,1,5,5,155,At Risk,Top Value
1137903,960,1,4139.88,1,2,4,124,Lost,Medium Value
1137958,995,1,515.7,1,2,1,121,Lost,Low Value
1138092,970,2,3804.9700000000003,1,3,3,133,At Risk,Medium Value
1138144,528,2,2898.25,3,3,3,333,Loyal,Medium Value
1138327,53,4,929.25,5,5,2,552,Loyal,Low Value
1138396,927,1,1099.99,1,2,2,122,Lost,Low Value
1138520,59,3,4519.639999999999,5,4,4,544,Champions,Medium Value
1138624,414,1,209.0,4,2,1,421,Loyal,Low Value
1138846,389,3,5124.17,4,4,4,444,Champions,Top Value
1138976,427,3,4925.94,4,4,4,444,Champions,Medium Value
1139001,599,1,3391.65,3,2,3,323,Loyal,Medium Value
1139101,1,3,2612.4900000000002,5,4,3,543,Loyal,Medium Value
1139316,786,3,2997.28,2,4,3,243,At Risk,Medium Value
1139356,272,4,9212.42,5,5,5,555,Champions,Top Value
1139726,214,2,3595.3399999999997,5,3,3,533,Loyal,Medium Value
1139887,365,3,12191.67,4,4,5,445,Champions,Top Value
1139944,365,2,2607.6,4,3,3,433,Loyal,Medium Value
1140295,729,1,227.98000000000002,2,2,1,221,Lost,Low Value
1140326,411,1,594.98,4,2,1,421,Loyal,Low Value
1140654,1847,1,2499.0,1,2,3,123,Lost,Medium Value
1140712,220,2,3916.84,5,3,3,533,Loyal,Medium Value
1140731,1116,1,159.99,1,2,1,121,Lost,Low Value
1140779,531,1,411.78,3,2,1,321,Loyal,Low Value
1140842,453,3,13335.119999999999,3,4,5,345,Loyal,Top Value
1141428,1551,2,1615.97,1,3,2,132,Lost,Low Value
1141613,578,1,1762.26,3,2,2,322,Loyal,Medium Value
1141652,87,5,10285.49,5,5,5,555,Champions,Top Value
1141697,122,2,4489.509999999999,5,3,4,534,Loyal,Medium Value
1141748,479,1,1379.77,3,2,2,322,Loyal,Low Value
1141753,1128,2,10392.89,1,3,5,135,At Risk,Top Value
1142741,739,1,1399.6499999999999,2,2,2,222,Lost,Low Value
1142863,401,4,7535.6900000000005,4,5,5,455,Champions,Top Value
1142864,412,1,2768.5,4,2,3,423,Loyal,Medium Value
1143082,290,1,443.05999999999995,5,2,1,521,Loyal,Low Value
1143203,647,3,4081.32,2,4,4,244,At Risk,Medium Value
1143292,764,2,4881.28,2,3,4,234,At Risk,Medium Value
1143470,1096,1,11.0,1,2,1,121,Lost,Low Value
1143508,780,2,3762.7,2,3,3,233,At Risk,Medium Value
1143517,283,3,3767.0,5,4,3,543,Loyal,Medium Value
1143574,348,3,22134.82,4,4,5,445,Champions,Top Value
1143828,526,3,2095.0,3,4,2,342,Loyal,Medium Value
1143894,946,1,2144.0,1,2,2,122,Lost,Medium Value
1144095,1172,1,289.96,1,2,1,121,Lost,Low Value
1144172,363,4,8108.36,4,5,5,455,Champions,Top Value
1144303,856,1,2322.0,2,2,3,223,Lost,Medium Value
1144584,1138,1,1278.85,1,2,2,122,Lost,Low Value
1144593,505,2,1915.0,3,3,2,332,Loyal,Medium Value
1144781,1464,1,1340.0,1,2,2,122,Lost,Low Value
1145044,615,2,2925.14,2,3,3,233,At Risk,Medium Value
1145093,1140,1,797.95,1,2,1,121,Lost,Low Value
1145201,1247,2,1340.0,1,3,2,132,Lost,Low Value
1145581,1236,1,249.99,1,2,1,121,Lost,Low Value
1146045,381,4,1268.92,4,5,2,452,Loyal,Low Value
1146054,1538,1,1133.0,1,2,2,122,Lost,Low Value
1146089,1263,1,13.98,1,2,1,121,Lost,Low Value
1146124,360,3,1830.11,4,4,2,442,Loyal,Medium Value
1146241,349,2,10647.92,4,3,5,435,Loyal,Top Value
1146324,400,6,15612.9,4,5,5,455,Champions,Top Value
1146329,257,1,7671.32,5,2,5,525,Need Attention,Top Value
1146653,962,2,536.79,1,3,1,131,Lost,Low Value
1146936,186,2,2207.94,5,3,3,533,Loyal,Medium Value
1147136,414,2,9673.970000000001,4,3,5,435,Loyal,Top Value
1147272,828,2,7232.9,2,3,4,234,At Risk,Top Value
1147474,424,1,82.98,4,2,1,421,Loyal,Low Value
1147519,1550,1,1774.95,1,2,2,122,Lost,Medium Value
1148016,713,2,290.08,2,3,1,231,Lost,Low Value
1148022,367,2,5293.93,4,3,4,434,Loyal,Top Value
1148064,809,1,249.99,2,2,1,221,Lost,Low Value
1148222,430,2,3424.2799999999997,4,3,3,433,Loyal,Medium Value
1148699,1481,1,10471.279999999999,1,2,5,125,Lost,Top Value
1148931,564,2,2533.0,3,3,3,333,Loyal,Medium Value
1148932,625,2,484.76,2,3,1,231,Lost,Low Value
1149206,786,3,3400.4,2,4,3,243,At Risk,Medium Value
1149244,401,2,5531.04,4,3,4,434,Loyal,Top Value
1149286,227,2,8645.94,5,3,5,535,Loyal,Top Value
1149288,17,2,653.95,5,3,1,531,Loyal,Low Value
1149875,614,4,19797.88,2,5,5,255,At Risk,Top Value
1149998,65,1,249.01,5,2,1,521,Loyal,Low Value
1150012,423,6,7855.84,4,5,5,455,Champions,Top Value
1150148,422,1,2870.95,4,2,3,423,Loyal,Medium Value
1150193,612,2,1786.5,2,3,2,232,Lost,Medium Value
1150424,1756,1,22399.93,1,2,5,125,Lost,Top Value
1150993,1807,1,527.66,1,2,1,121,Lost,Low Value
1151103,1712,1,398.97,1,2,1,121,Lost,Low Value
1151122,1294,1,907.5699999999999,1,2,2,122,Lost,Low Value
1151559,1178,1,599.98,1,2,1,121,Lost,Low Value
1151616,353,2,15224.0,4,3,5,435,Loyal,Top Value
1151790,1539,2,926.96,1,3,2,132,Lost,Low Value
1152038,1244,2,16886.85,1,3,5,135,At Risk,Top Value
1152079,348,3,2304.52,4,4,3,443,Loyal,Medium Value
1152244,543,2,4499.16,3,3,4,334,Loyal,Medium Value
1152366,1084,4,5448.45,1,5,4,154,At Risk,Top Value
1152446,365,3,1490.31,4,4,2,442,Loyal,Low Value
1152536,789,2,1345.5,2,3,2,232,Lost,Low Value
1152849,1632,1,407.0,1,2,1,121,Lost,Low Value
1152914,50,4,3355.8799999999997,5,5,3,553,Loyal,Medium Value
1153028,984,2,8565.79,1,3,5,135,At Risk,Top Value
1153522,832,1,1598.99,2,2,2,222,Lost,Low Value
1154232,435,3,6108.8,3,4,4,344,Loyal,Top Value
1154367,842,2,1740.97,2,3,2,232,Lost,Medium Value
1154631,484,5,16403.38,3,5,5,355,Loyal,Top Value
1155125,806,1,1308.6,2,2,2,222,Lost,Low Value
1155341,1222,2,13551.0,1,3,5,135,At Risk,Top Value
1155665,410,1,2019.93,4,2,2,422,Loyal,Medium Value
1155899,283,3,2938.35,5,4,3,543,Loyal,Medium Value
1155920,190,4,2267.39,5,5,3,553,Loyal,Medium Value
1156077,436,5,8292.04,3,5,5,355,Loyal,Top Value
1156456,783,3,3380.0,2,4,3,243,At Risk,Medium Value
1156460,1828,1,6783.0,1,2,4,124,Lost,Top Value
1156462,1123,2,4494.7,1,3,4,134,At Risk,Medium Value
1156489,293,5,2794.1,5,5,3,553,Loyal,Medium Value
1156834,456,2,2038.5,3,3,2,332,Loyal,Medium Value
1156927,485,3,5892.5199999999995,3,4,4,344,Loyal,Top Value
1157028,164,1,269.9,5,2,1,521,Loyal,Low Value
1157063,600,5,5751.07,3,5,4,354,Loyal,Top Value
1157094,368,2,5736.98,4,3,4,434,Loyal,Top Value
1157256,1642,1,7984.0,1,2,5,125,Lost,Top Value
1157316,647,3,9013.99,2,4,5,245,At Risk,Top Value
1157347,528,1,53.94,3,2,1,321,Loyal,Low Value
1157349,1531,1,1856.25,1,2,2,122,Lost,Medium Value
1157497,1824,1,2123.9,1,2,2,122,Lost,Medium Value
1157799,227,1,3141.8299999999995,5,2,3,523,Loyal,Medium Value
1157976,653,3,7068.110000000001,2,4,4,244,At Risk,Top Value
1158204,418,3,12559.189999999999,4,4,5,445,Champions,Top Value
1158399,820,1,905.0,2,2,2,222,Lost,Low Value
1158843,372,2,13860.55,4,3,5,435,Loyal,Top Value
1159180,841,2,1003.98,2,3,2,232,Lost,Low Value
1159429,500,1,3447.0,3,2,3,323,Loyal,Medium Value
1160065,458,3,3054.46,3,4,3,343,Loyal,Medium Value
1160349,563,3,3657.39,3,4,3,343,Loyal,Medium Value
1160570,1228,1,618.72,1,2,1,121,Lost,Low Value
1160610,465,3,5861.09,3,4,4,344,Loyal,Top Value
1160653,629,1,627.0,2,2,1,221,Lost,Low Value
1160758,262,4,22816.39,5,5,5,555,Champions,Top Value
1161124,916,1,3599.9,1,2,3,123,Lost,Medium Value
1161130,205,2,2170.96,5,3,3,533,Loyal,Medium Value
1161188,811,1,756.0,2,2,1,221,Lost,Low Value
1161409,1145,2,4028.26,1,3,3,133,At Risk,Medium Value
1161581,646,3,6502.92,2,4,4,244,At Risk,Top Value
1161615,1455,3,8927.92,1,4,5,145,At Risk,Top Value
1161825,356,2,1033.95,4,3,2,432,Loyal,Low Value
1162297,513,2,8386.39,3,3,5,335,Loyal,Top Value
1162408,369,2,5357.2,4,3,4,434,Loyal,Top Value
1162503,1829,1,405.4,1,2,1,121,Lost,Low Value
1162807,1128,1,319.98,1,2,1,121,Lost,Low Value
1162853,950,1,6732.36,1,2,4,124,Lost,Top Value
1162946,996,1,1478.97,1,2,2,122,Lost,Low Value
1163087,233,3,2407.8,5,4,3,543,Loyal,Medium Value
1163149,548,5,11396.75,3,5,5,355,Loyal,Top Value
1163237,746,1,1806.99,2,2,2,222,Lost,Medium Value
1163311,211,2,798.88,5,3,1,531,Loyal,Low Value
1163563,253,1,284.70000000000005,5,2,1,521,Loyal,Low Value
1163647,1579,1,5106.96,1,2,4,124,Lost,Top Value
1163697,951,1,399.8,1,2,1,121,Lost,Low Value
1163780,827,2,2508.75,2,3,3,233,At Risk,Medium Value
1163802,565,1,49.95,3,2,1,321,Loyal,Low Value
1163948,197,4,21356.149999999998,5,5,5,555,Champions,Top Value
1163958,809,2,8221.08,2,3,5,235,At Risk,Top Value
1164098,214,3,3812.15,5,4,3,543,Loyal,Medium Value
1164225,713,3,1458.21,2,4,2,242,Lost,Low Value
1164576,1095,1,4193.0,1,2,4,124,Lost,Medium Value
1164661,822,1,9860.9,2,2,5,225,Lost,Top Value
1165228,837,3,3170.02,2,4,3,243,At Risk,Medium Value
1165252,368,2,19621.92,4,3,5,435,Loyal,Top Value
1165338,244,2,2658.5899999999997,5,3,3,533,Loyal,Medium Value
1165391,400,4,9988.99,4,5,5,455,Champions,Top Value
1165542,1865,1,9432.89,1,2,5,125,Lost,Top Value
1165631,9,2,1274.0,5,3,2,532,Loyal,Low Value
1166211,907,1,992.73,1,2,2,122,Lost,Low Value
1166249,1118,1,791.97,1,2,1,121,Lost,Low Value
1166537,1103,1,10998.33,1,2,5,125,Lost,Top Value
1166659,370,2,1690.76,4,3,2,432,Loyal,Medium Value
1167054,961,1,940.3,1,2,2,122,Lost,Low Value
1167441,346,3,3580.51,4,4,3,443,Loyal,Medium Value
1167718,717,1,1475.0,2,2,2,222,Lost,Low Value
1167778,786,1,25.32,2,2,1,221,Lost,Low Value
1167828,374,2,10271.92,4,3,5,435,Loyal,Top Value
1167961,638,5,14087.609999999999,2,5,5,255,At Risk,Top Value
1167987,346,3,3609.88,4,4,3,443,Loyal,Medium Value
1168033,603,3,10506.54,3,4,5,345,Loyal,Top Value
1168257,298,3,5789.88,5,4,4,544,Champions,Top Value
1168405,886,1,10633.18,1,2,5,125,Lost,Top Value
1168577,426,1,839.93,4,2,1,421,Loyal,Low Value
1168612,1289,1,296.0,1,2,1,121,Lost,Low Value
1168645,541,2,6505.8,3,3,4,334,Loyal,Top Value
1169384,1292,1,1663.6200000000001,1,2,2,122,Lost,Low Value
1169886,604,3,3718.63,3,4,3,343,Loyal,Medium Value
1169932,505,2,8339.6,3,3,5,335,Loyal,Top Value
1170254,806,1,71.16,2,2,1,221,Lost,Low Value
1170274,975,1,32.99,1,2,1,121,Lost,Low Value
1170323,276,4,4405.85,5,5,4,554,Champions,Medium Value
1170419,353,2,12385.5,4,3,5,435,Loyal,Top Value
1170483,358,1,2068.0,4,2,2,422,Loyal,Medium Value
1170694,390,2,3903.3999999999996,4,3,3,433,Loyal,Medium Value
1170755,514,2,527.92,3,3,1,331,Loyal,Low Value
1170818,381,3,4759.71,4,4,4,444,Champions,Medium Value
1170836,428,4,2256.06,4,5,3,453,Loyal,Medium Value
1171071,554,1,1439.0,3,2,2,322,Loyal,Low Value
1171088,792,2,3295.6,2,3,3,233,At Risk,Medium Value
1171109,631,2,1956.98,2,3,2,232,Lost,Medium Value
1171135,659,1,4437.0,2,2,4,224,Lost,Medium Value
1171335,552,2,760.0799999999999,3,3,1,331,Loyal,Low Value
1171423,431,1,696.0,4,2,1,421,Loyal,Low Value
1172250,541,2,8417.42,3,3,5,335,Loyal,Top Value
1172620,1718,1,3427.9300000000003,1,2,3,123,Lost,Medium Value
1172845,1282,1,299.99,1,2,1,121,Lost,Low Value
1173041,529,1,1004.46,3,2,2,322,Loyal,Low Value
1173060,174,2,558.93,5,3,1,531,Loyal,Low Value
1173102,792,1,556.0,2,2,1,221,Lost,Low Value
1173158,869,1,113.85000000000001,2,2,1,221,Lost,Low Value
1173837,918,1,2275.96,1,2,3,123,Lost,Medium Value
1173844,786,1,10580.26,2,2,5,225,Lost,Top Value
1173991,844,2,4988.04,2,3,4,234,At Risk,Top Value
1174179,590,3,2343.48,3,4,3,343,Loyal,Medium Value
1174549,1098,1,3106.84,1,2,3,123,Lost,Medium Value
1174777,1709,1,1670.89,1,2,2,122,Lost,Low Value
1175192,1147,1,2383.6499999999996,1,2,3,123,Lost,Medium Value
1175311,867,1,7188.97,2,2,4,224,Lost,Top Value
1175873,432,2,2975.49,4,3,3,433,Loyal,Medium Value
1176216,386,2,7056.780000000001,4,3,4,434,Loyal,Top Value
1176254,713,1,6561.99,2,2,4,224,Lost,Top Value
1176492,1101,1,140.26,1,2,1,121,Lost,Low Value
1176534,419,2,322.54,4,3,1,431,Loyal,Low Value
1176859,500,1,852.5699999999999,3,2,2,322,Loyal,Low Value
1178236,345,3,12714.36,4,4,5,445,Champions,Top Value
1178352,1138,2,4485.4800000000005,1,3,4,134,At Risk,Medium Value
1178379,54,4,5518.610000000001,5,5,4,554,Champions,Top Value
1178728,550,4,5693.57,3,5,4,354,Loyal,Top Value
1178952,548,1,972.88,3,2,2,322,Loyal,Low Value
1179083,951,2,5184.64,1,3,4,134,At Risk,Top Value
1179225,432,3,4089.3599999999997,4,4,4,444,Champions,Medium Value
1179492,1003,1,5800.0,1,2,4,124,Lost,Top Value
1179743,719,3,12337.97,2,4,5,245,At Risk,Top Value
1179746,1010,2,7720.95,1,3,5,135,At Risk,Top Value
1179918,918,1,3128.1399999999994,1,2,3,123,Lost,Medium Value
1179986,270,3,2908.0,5,4,3,543,Loyal,Medium Value
1180067,358,2,8827.11,4,3,5,435,Loyal,Top Value
1180069,831,2,1637.5,2,3,2,232,Lost,Low Value
1180909,493,2,316.98,3,3,1,331,Loyal,Low Value
1180963,367,1,1045.0,4,2,2,422,Loyal,Low Value
1181370,669,1,6180.0,2,2,4,224,Lost,Top Value
1181678,598,2,11213.66,3,3,5,335,Loyal,Top Value
1181812,411,2,2864.19,4,3,3,433,Loyal,Medium Value
1182055,457,2,1146.4,3,3,2,332,Loyal,Low Value
1182241,80,1,1125.8,5,2,2,522,Loyal,Low Value
1182299,1486,1,6461.6900000000005,1,2,4,124,Lost,Top Value
1183039,633,2,2451.0099999999998,2,3,3,233,At Risk,Medium Value
1183290,593,2,1439.98,3,3,2,332,Loyal,Low Value
1183661,397,7,8282.36,4,5,5,455,Champions,Top Value
1184122,591,1,10977.25,3,2,5,325,Need Attention,Top Value
1184236,409,3,11527.13,4,4,5,445,Champions,Top Value
1184405,361,3,11921.91,4,4,5,445,Champions,Top Value
1185043,1202,2,10271.92,1,3,5,135,At Risk,Top Value
1185221,50,4,20434.27,5,5,5,555,Champions,Top Value
1185276,246,1,43.7,5,2,1,521,Loyal,Low Value
1185858,802,1,399.98,2,2,1,221,Lost,Low Value
1185968,1338,1,1631.97,1,2,2,122,Lost,Low Value
1186120,782,1,2120.0,2,2,2,222,Lost,Medium Value
1186331,1238,2,3529.66,1,3,3,133,At Risk,Medium Value
1186641,557,6,3976.9,3,5,3,353,Loyal,Medium Value
1186890,368,2,3034.52,4,3,3,433,Loyal,Medium Value
1187160,191,2,3233.18,5,3,3,533,Loyal,Medium Value
1187306,1093,2,1767.95,1,3,2,132,Lost,Medium Value
1187490,606,4,7374.21,3,5,4,354,Loyal,Top Value
1187611,1863,1,3510.0,1,2,3,123,Lost,Medium Value
1187681,466,1,398.0,3,2,1,321,Loyal,Low Value
1187686,586,2,3857.42,3,3,3,333,Loyal,Medium Value
1187717,739,1,4130.4,2,2,4,224,Lost,Medium Value
1188010,367,1,134.0,4,2,1,421,Loyal,Low Value
1188359,984,1,1409.9,1,2,2,122,Lost,Low Value
1188400,400,6,5764.15,4,5,4,454,Champions,Top Value
1188481,721,3,7851.379999999999,2,4,5,245,At Risk,Top Value
1189159,526,2,747.73,3,3,1,331,Loyal,Low Value
1189301,1460,2,269.85,1,3,1,131,Lost,Low Value
1189396,849,2,7382.6900000000005,2,3,4,234,At Risk,Top Value
1189747,428,4,25312.75,4,5,5,455,Champions,Top Value
1189849,657,1,770.0899999999999,2,2,1,221,Lost,Low Value
1190146,828,2,11654.539999999999,2,3,5,235,At Risk,Top Value
1190196,787,2,5899.969999999999,2,3,4,234,At Risk,Top Value
1190327,733,2,608.95,2,3,1,231,Lost,Low Value
1190513,377,4,7184.76,4,5,4,454,Champions,Top Value
1190648,608,1,16.169999999999998,2,2,1,221,Lost,Low Value
1190713,419,3,13233.32,4,4,5,445,Champions,Top Value
1190907,54,3,15579.349999999999,5,4,5,545,Champions,Top Value
1190983,394,1,8301.11,4,2,5,425,Need Attention,Top Value
1191228,437,4,6748.15,3,5,4,354,Loyal,Top Value
1191344,1747,1,43.14,1,2,1,121,Lost,Low Value
1191709,800,2,380.99,2,3,1,231,Lost,Low Value
1191924,359,1,5652.73,4,2,4,424,Need Attention,Top Value
1191954,190,1,1469.96,5,2,2,522,Loyal,Low Value
1192075,851,1,389.0,2,2,1,221,Lost,Low Value
1192163,1517,1,25.98,1,2,1,121,Lost,Low Value
1192260,736,2,7309.24,2,3,4,234,At Risk,Top Value
1192602,729,1,524.99,2,2,1,221,Lost,Low Value
1192665,372,5,14567.56,4,5,5,455,Champions,Top Value
1193010,727,2,5182.98,2,3,4,234,At Risk,Top Value
1193644,505,1,1702.75,3,2,2,322,Loyal,Medium Value
1193695,748,2,7421.110000000001,2,3,4,234,At Risk,Top Value
1193732,367,4,9079.23,4,5,5,455,Champions,Top Value
1193800,800,1,1107.0,2,2,2,222,Lost,Low Value
1194367,401,3,5745.25,4,4,4,444,Champions,Top Value
1194540,783,2,2721.8,2,3,3,233,At Risk,Medium Value
1195699,366,4,11696.85,4,5,5,455,Champions,Top Value
1195913,413,1,4232.95,4,2,4,424,Need Attention,Medium Value
1195966,730,1,1400.0,2,2,2,222,Lost,Low Value
1195986,850,1,3576.16,2,2,3,223,Lost,Medium Value
1196122,1466,1,339.85,1,2,1,121,Lost,Low Value
1196228,772,1,596.0,2,2,1,221,Lost,Low Value
1196315,535,1,969.0,3,2,2,322,Loyal,Low Value
1196359,379,2,201.5,4,3,1,431,Loyal,Low Value
1196380,786,2,4351.87,2,3,4,234,At Risk,Medium Value
1196673,342,3,2760.7299999999996,5,4,3,543,Loyal,Medium Value
1196684,32,4,8036.63,5,5,5,555,Champions,Top Value
1196721,561,3,4257.5,3,4,4,344,Loyal,Medium Value
1196819,474,1,55.0,3,2,1,321,Loyal,Low Value
1196834,730,2,2220.8,2,3,3,233,At Risk,Medium Value
1197083,613,1,747.6,2,2,1,221,Lost,Low Value
1197294,220,4,12216.73,5,5,5,555,Champions,Top Value
1197455,758,1,49.0,2,2,1,221,Lost,Low Value
1197658,791,1,2225.0,2,2,3,223,Lost,Medium Value
1197932,485,5,7674.66,3,5,5,355,Loyal,Top Value
1198127,1371,3,993.99,1,4,2,142,Lost,Low Value
1198384,354,3,6144.469999999999,4,4,4,444,Champions,Top Value
1198463,438,2,1216.73,3,3,2,332,Loyal,Low Value
1198478,834,1,585.98,2,2,1,221,Lost,Low Value
1198504,565,2,2923.02,3,3,3,333,Loyal,Medium Value
1198808,726,1,3595.04,2,2,3,223,Lost,Medium Value
1198813,617,1,4431.4,2,2,4,224,Lost,Medium Value
1199008,1812,1,680.3299999999999,1,2,1,121,Lost,Low Value
1199293,1094,1,17.99,1,2,1,121,Lost,Low Value
1199531,1726,1,1326.8500000000001,1,2,2,122,Lost,Low Value
1199657,1024,2,1004.6,1,3,2,132,Lost,Low Value
1199660,54,5,14838.85,5,5,5,555,Champions,Top Value
1199675,866,1,5006.5,2,2,4,224,Lost,Top Value
1199757,1655,1,103.92,1,2,1,121,Lost,Low Value
1200465,619,2,3262.2,2,3,3,233,At Risk,Medium Value
1200642,1025,1,121.76,1,2,1,121,Lost,Low Value
1200992,589,2,554.94,3,3,1,331,Loyal,Low Value
1201045,236,4,4433.89,5,5,4,554,Champions,Medium Value
1201181,1604,1,2331.87,1,2,3,123,Lost,Medium Value
1201225,577,7,21276.63,3,5,5,355,Loyal,Top Value
1201619,1244,1,4601.47,1,2,4,124,Lost,Medium Value
1201865,368,5,10942.25,4,5,5,455,Champions,Top Value
1202042,598,2,118.96000000000001,3,3,1,331,Loyal,Low Value
1202046,415,4,6264.93,4,5,4,454,Champions,Top Value
1202353,200,3,5532.34,5,4,4,544,Champions,Top Value
1202573,438,2,751.98,3,3,1,331,Loyal,Low Value
1202604,34,3,13254.98,5,4,5,545,Champions,Top Value
1202635,592,1,1218.0,3,2,2,322,Loyal,Low Value
1202659,1243,2,1365.69,1,3,2,132,Lost,Low Value
1202719,374,2,2921.94,4,3,3,433,Loyal,Medium Value
1202917,765,3,9273.92,2,4,5,245,At Risk,Top Value
1203201,120,4,4240.58,5,5,4,554,Champions,Medium Value
1203222,531,3,23802.089999999997,3,4,5,345,Loyal,Top Value
1203228,169,5,3020.21,5,5,3,553,Loyal,Medium Value
1203443,1122,1,3.35,1,2,1,121,Lost,Low Value
1203486,299,2,1796.2,5,3,2,532,Loyal,Medium Value
1203510,391,3,9337.49,4,4,5,445,Champions,Top Value
1203511,414,7,11999.04,4,5,5,455,Champions,Top Value
1203564,64,5,7124.9400000000005,5,5,4,554,Champions,Top Value
1203623,433,2,5868.44,4,3,4,434,Loyal,Top Value
1203628,486,2,757.99,3,3,1,331,Loyal,Low Value
1203898,1319,1,795.9,1,2,1,121,Lost,Low Value
1204304,442,1,5285.91,3,2,4,324,Need Attention,Top Value
1204396,429,2,7767.45,4,3,5,435,Loyal,Top Value
1204568,223,4,8388.93,5,5,5,555,Champions,Top Value
1204679,844,3,360.21000000000004,2,4,1,241,Lost,Low Value
1205065,811,2,571.72,2,3,1,231,Lost,Low Value
1205531,3,2,3103.18,5,3,3,533,Loyal,Medium Value
1205636,1158,1,4654.9,1,2,4,124,Lost,Medium Value
1205641,422,1,126.9,4,2,1,421,Loyal,Low Value
1205821,499,1,57.98,3,2,1,321,Loyal,Low Value
1206011,783,2,2865.4700000000003,2,3,3,233,At Risk,Medium Value
1206405,428,3,6945.24,4,4,4,444,Champions,Top Value
1206414,436,1,1212.3,3,2,2,322,Loyal,Low Value
1206473,513,3,7319.13,3,4,4,344,Loyal,Top Value
1206520,636,1,545.78,2,2,1,221,Lost,Low Value
1206573,1285,1,88.62,1,2,1,121,Lost,Low Value
1206948,890,1,1337.8700000000001,1,2,2,122,Lost,Low Value
1207035,556,4,2003.03,3,5,2,352,Loyal,Medium Value
1207133,921,1,44.400000000000006,1,2,1,121,Lost,Low Value
1207301,1392,1,3977.94,1,2,3,123,Lost,Medium Value
1207658,368,3,5462.28,4,4,4,444,Champions,Top Value
1207956,1272,3,2211.32,1,4,3,143,At Risk,Medium Value
1208003,95,5,14143.72,5,5,5,555,Champions,Top Value
1208128,247,4,2842.99,5,5,3,553,Loyal,Medium Value
1208471,801,2,5730.82,2,3,4,234,At Risk,Top Value
1208558,1816,1,2023.0,1,2,2,122,Lost,Medium Value
1208569,474,2,813.7,3,3,1,331,Loyal,Low Value
1208615,624,6,17980.03,2,5,5,255,At Risk,Top Value
1208968,606,5,4308.26,3,5,4,354,Loyal,Medium Value
1209026,29,2,4599.900000000001,5,3,4,534,Loyal,Medium Value
1209498,607,1,3249.0,2,2,3,223,Lost,Medium Value
1209524,479,1,827.98,3,2,1,321,Loyal,Low Value
1209643,246,4,4239.18,5,5,4,554,Champions,Medium Value
1209694,232,1,499.28999999999996,5,2,1,521,Loyal,Low Value
1209835,160,5,15318.359999999999,5,5,5,555,Champions,Top Value
1210105,563,5,18393.770000000004,3,5,5,355,Loyal,Top Value
1210288,639,3,2422.55,2,4,3,243,At Risk,Medium Value
1210412,218,2,4996.41,5,3,4,534,Loyal,Top Value
1210706,557,4,3710.65,3,5,3,353,Loyal,Medium Value
1210809,743,2,1739.58,2,3,2,232,Lost,Medium Value
1211218,292,3,2485.4700000000003,5,4,3,543,Loyal,Medium Value
1211258,505,1,1188.95,3,2,2,322,Loyal,Low Value
1211608,285,2,4234.9,5,3,4,534,Loyal,Medium Value
1211642,453,4,22519.199999999997,3,5,5,355,Loyal,Top Value
1211703,74,4,8374.94,5,5,5,555,Champions,Top Value
1211756,1348,1,6783.0,1,2,4,124,Lost,Top Value
1211796,369,4,4213.22,4,5,4,454,Champions,Medium Value
1211824,370,4,6693.23,4,5,4,454,Champions,Top Value
1212385,430,4,16388.06,4,5,5,455,Champions,Top Value
1212798,526,3,1671.89,3,4,2,342,Loyal,Low Value
1212939,750,1,455.0,2,2,1,221,Lost,Low Value
1213022,435,3,1551.95,3,4,2,342,Loyal,Low Value
1213028,432,2,837.87,4,3,1,431,Loyal,Low Value
1213214,220,4,9159.09,5,5,5,555,Champions,Top Value
1213305,1354,1,69.0,1,2,1,121,Lost,Low Value
1213454,282,3,7778.639999999999,5,4,5,545,Champions,Top Value
1213463,450,2,252.1,3,3,1,331,Loyal,Low Value
1213515,466,3,1346.8899999999999,3,4,2,342,Loyal,Low Value
1213535,1702,1,500.91999999999996,1,2,1,121,Lost,Low Value
1213537,58,3,2243.67,5,4,3,543,Loyal,Medium Value
1213953,419,3,4553.88,4,4,4,444,Champions,Medium Value
1214035,135,3,14844.35,5,4,5,545,Champions,Top Value
1214063,369,2,877.89,4,3,2,432,Loyal,Low Value
1214232,555,3,3122.0,3,4,3,343,Loyal,Medium Value
1214271,486,2,1277.9,3,3,2,332,Loyal,Low Value
1214274,1004,1,1142.97,1,2,2,122,Lost,Low Value
1214363,415,2,617.2,4,3,1,431,Loyal,Low Value
1214389,874,1,310.0,2,2,1,221,Lost,Low Value
1214791,820,1,4459.1,2,2,4,224,Lost,Medium Value
1214993,1311,1,129.9,1,2,1,121,Lost,Low Value
1215249,913,2,1098.95,1,3,2,132,Lost,Low Value
1215660,493,4,14127.47,3,5,5,355,Loyal,Top Value
1215693,50,3,2402.82,5,4,3,543,Loyal,Medium Value
1215706,643,1,316.0,2,2,1,221,Lost,Low Value
1215815,47,3,7303.5,5,4,4,544,Champions,Top Value
1216454,65,2,5907.1,5,3,4,534,Loyal,Top Value
1216890,107,5,14171.35,5,5,5,555,Champions,Top Value
1216913,1,4,14499.82,5,5,5,555,Champions,Top Value
1217088,424,2,8179.27,4,3,5,435,Loyal,Top Value
1217153,531,3,4167.98,3,4,4,344,Loyal,Medium Value
1217161,498,3,3731.78,3,4,3,343,Loyal,Medium Value
1217343,883,1,1323.56,1,2,2,122,Lost,Low Value
1217450,529,2,4835.3,3,3,4,334,Loyal,Medium Value
1217567,842,1,6959.0,2,2,4,224,Lost,Top Value
1218135,572,3,3673.31,3,4,3,343,Loyal,Medium Value
1218187,417,2,2386.0,4,3,3,433,Loyal,Medium Value
1218356,775,2,1474.82,2,3,2,232,Lost,Low Value
1218412,355,1,922.5,4,2,2,422,Loyal,Low Value
1218731,215,3,4754.94,5,4,4,544,Champions,Medium Value
1218776,788,2,6796.95,2,3,4,234,At Risk,Top Value
1219366,537,1,279.98,3,2,1,321,Loyal,Low Value
1219391,85,3,12312.089999999998,5,4,5,545,Champions,Top Value
1219486,395,3,4689.87,4,4,4,444,Champions,Medium Value
1219636,423,2,2314.03,4,3,3,433,Loyal,Medium Value
1219767,12,4,3049.0099999999998,5,5,3,553,Loyal,Medium Value
1220106,1,3,5696.44,5,4,4,544,Champions,Top Value
1220428,785,1,2741.12,2,2,3,223,Lost,Medium Value
1221117,1228,1,1679.94,1,2,2,122,Lost,Low Value
1221220,766,1,258.4,2,2,1,221,Lost,Low Value
1221358,640,3,18246.81,2,4,5,245,At Risk,Top Value
1221391,515,2,2985.7,3,3,3,333,Loyal,Medium Value
1221793,664,2,243.94999999999996,2,3,1,231,Lost,Low Value
1221906,482,3,5182.99,3,4,4,344,Loyal,Top Value
1221984,708,2,5045.79,2,3,4,234,At Risk,Top Value
1222785,183,1,951.9,5,2,2,522,Loyal,Low Value
1222892,633,1,1427.6499999999999,2,2,2,222,Lost,Low Value
1223048,654,3,3870.2,2,4,3,243,At Risk,Medium Value
1223111,349,7,9110.83,4,5,5,455,Champions,Top Value
1223138,822,2,4878.95,2,3,4,234,At Risk,Medium Value
1223141,1234,1,2104.92,1,2,2,122,Lost,Medium Value
1223146,896,2,751.89,1,3,1,131,Lost,Low Value
1223270,362,4,3974.88,4,5,3,453,Loyal,Medium Value
1223275,456,2,1242.33,3,3,2,332,Loyal,Low Value
1223404,473,1,229.0,3,2,1,321,Loyal,Low Value
1224103,433,2,342.98,4,3,1,431,Loyal,Low Value
1224252,855,3,940.98,2,4,2,242,Lost,Low Value
1224444,415,4,4047.64,4,5,3,453,Loyal,Medium Value
1224615,23,9,12659.15,5,5,5,555,Champions,Top Value
1224732,725,2,1393.97,2,3,2,232,Lost,Low Value
1225213,799,2,3179.88,2,3,3,233,At Risk,Medium Value
1226012,605,2,1145.93,3,3,2,332,Loyal,Low Value
1226053,484,2,2262.76,3,3,3,333,Loyal,Medium Value
1226067,584,2,6856.89,3,3,4,334,Loyal,Top Value
1226164,228,2,6967.66,5,3,4,534,Loyal,Top Value
1226315,894,1,383.99,1,2,1,121,Lost,Low Value
1226365,402,2,4973.99,4,3,4,434,Loyal,Top Value
1226395,4,6,21222.86,5,5,5,555,Champions,Top Value
1226535,768,3,4875.01,2,4,4,244,At Risk,Medium Value
1226702,62,3,2457.84,5,4,3,543,Loyal,Medium Value
1226752,361,1,10971.9,4,2,5,425,Need Attention,Top Value
1227008,225,1,4266.5,5,2,4,524,Need Attention,Medium Value
1227087,241,7,13087.66,5,5,5,555,Champions,Top Value
1227108,892,2,10128.93,1,3,5,135,At Risk,Top Value
1227572,1523,1,32.0,1,2,1,121,Lost,Low Value
1227579,652,2,778.93,2,3,1,231,Lost,Low Value
1227891,606,2,1992.8700000000001,3,3,2,332,Loyal,Medium Value
1227948,401,5,5353.0,4,5,4,454,Champions,Top Value
1227963,372,4,5293.15,4,5,4,454,Champions,Top Value
1228187,597,3,7348.95,3,4,4,344,Loyal,Top Value
1228544,365,3,9866.72,4,4,5,445,Champions,Top Value
1228689,849,1,5827.17,2,2,4,224,Lost,Top Value
1228710,416,2,5902.9,4,3,4,434,Loyal,Top Value
1228783,907,2,3563.84,1,3,3,133,At Risk,Medium Value
1229112,369,3,3414.2,4,4,3,443,Loyal,Medium Value
1229492,1366,1,4022.75,1,2,3,123,Lost,Medium Value
1229631,953,1,57.99,1,2,1,121,Lost,Low Value
1229784,1374,2,1717.97,1,3,2,132,Lost,Medium Value
1230014,351,2,2844.13,4,3,3,433,Loyal,Medium Value
1230028,481,2,340.82,3,3,1,331,Loyal,Low Value
1230034,278,3,10141.65,5,4,5,545,Champions,Top Value
1230071,646,3,21823.72,2,4,5,245,At Risk,Top Value
1230319,409,2,8301.55,4,3,5,435,Loyal,Top Value
1230348,296,6,9437.95,5,5,5,555,Champions,Top Value
1230356,1080,1,451.28,1,2,1,121,Lost,Low Value
1230421,394,5,7056.7,4,5,4,454,Champions,Top Value
1230469,1028,3,2017.84,1,4,2,142,Lost,Medium Value
1230567,1198,1,1617.95,1,2,2,122,Lost,Low Value
1230732,526,1,3864.9799999999996,3,2,3,323,Loyal,Medium Value
1230757,297,3,1599.75,5,4,2,542,Loyal,Low Value
1231275,185,3,6604.99,5,4,4,544,Champions,Top Value
1231860,532,2,3729.37,3,3,3,333,Loyal,Medium Value
1231909,26,7,25492.4,5,5,5,555,Champions,Top Value
1232096,421,1,1486.86,4,2,2,422,Loyal,Low Value
1232128,657,2,1624.69,2,3,2,232,Lost,Low Value
1232212,288,2,5461.58,5,3,4,534,Loyal,Top Value
1232332,345,3,20129.52,4,4,5,445,Champions,Top Value
1232357,724,4,3260.84,2,5,3,253,At Risk,Medium Value
1232377,526,2,4835.68,3,3,4,334,Loyal,Medium Value
1232421,1128,1,575.0,1,2,1,121,Lost,Low Value
1232687,1201,3,1727.44,1,4,2,142,Lost,Medium Value
1232857,508,3,9245.76,3,4,5,345,Loyal,Top Value
1232975,814,3,2126.65,2,4,2,242,Lost,Medium Value
1233116,64,3,10361.65,5,4,5,545,Champions,Top Value
1233278,598,1,2268.2,3,2,3,323,Loyal,Medium Value
1233423,473,1,2540.04,3,2,3,323,Loyal,Medium Value
1233629,275,2,13044.66,5,3,5,535,Loyal,Top Value
1233674,652,6,12134.49,2,5,5,255,At Risk,Top Value
1233782,814,2,4790.25,2,3,4,234,At Risk,Medium Value
1233786,1563,1,830.85,1,2,1,121,Lost,Low Value
1233842,367,2,1277.28,4,3,2,432,Loyal,Low Value
1233925,467,7,16518.88,3,5,5,355,Loyal,Top Value
1233958,589,2,1470.96,3,3,2,332,Loyal,Low Value
1234000,424,4,7715.21,4,5,5,455,Champions,Top Value
1234127,652,2,1616.53,2,3,2,232,Lost,Low Value
1234186,186,1,2176.85,5,2,3,523,Loyal,Medium Value
1234232,405,3,6229.96,4,4,4,444,Champions,Top Value
1234478,472,3,2036.1899999999998,3,4,2,342,Loyal,Medium Value
1234624,562,2,1054.0,3,3,2,332,Loyal,Low Value
1234648,351,3,3636.38,4,4,3,443,Loyal,Medium Value
1234718,884,2,12556.39,1,3,5,135,At Risk,Top Value
1234917,755,3,1549.72,2,4,2,242,Lost,Low Value
1234994,398,1,5756.97,4,2,4,424,Need Attention,Top Value
1235071,428,1,3505.27,4,2,3,423,Loyal,Medium Value
1235364,659,2,6872.44,2,3,4,234,At Risk,Top Value
1235559,229,3,5069.24,5,4,4,544,Champions,Top Value
1235636,795,1,69.0,2,2,1,221,Lost,Low Value
1235768,829,1,16361.0,2,2,5,225,Lost,Top Value
1235846,450,1,1104.79,3,2,2,322,Loyal,Low Value
1236256,1814,1,799.92,1,2,1,121,Lost,Low Value
1236601,505,2,362.85,3,3,1,331,Loyal,Low Value
1236924,830,1,382.95,2,2,1,221,Lost,Low Value
1236959,417,6,16670.89,4,5,5,455,Champions,Top Value
1237096,788,3,2741.81,2,4,3,243,At Risk,Medium Value
1237493,218,1,659.8499999999999,5,2,1,521,Loyal,Low Value
1237683,235,1,13.76,5,2,1,521,Loyal,Low Value
1237819,141,1,864.0,5,2,2,522,Loyal,Low Value
1237927,1,1,29.97,5,2,1,521,Loyal,Low Value
1237959,716,1,7519.75,2,2,5,225,Lost,Top Value
1238419,385,3,1449.83,4,4,2,442,Loyal,Low Value
1238645,968,3,7109.53,1,4,4,144,At Risk,Top Value
1238858,184,2,1831.96,5,3,2,532,Loyal,Medium Value
1238868,989,1,1415.91,1,2,2,122,Lost,Low Value
1239188,587,2,3631.88,3,3,3,333,Loyal,Medium Value
1239282,616,4,9102.060000000001,2,5,5,255,At Risk,Top Value
1239387,43,7,11533.46,5,5,5,555,Champions,Top Value
1239466,724,1,1489.78,2,2,2,222,Lost,Low Value
1239489,374,3,4358.18,4,4,4,444,Champions,Medium Value
1239749,503,1,3960.85,3,2,3,323,Loyal,Medium Value
1239772,1381,1,2723.0,1,2,3,123,Lost,Medium Value
1239780,459,5,8091.24,3,5,5,355,Loyal,Top Value
1240113,558,2,1628.94,3,3,2,332,Loyal,Low Value
1240195,423,3,4446.78,4,4,4,444,Champions,Medium Value
1240319,611,3,11741.74,2,4,5,245,At Risk,Top Value
1240329,733,1,749.97,2,2,1,221,Lost,Low Value
1240339,1630,1,526.95,1,2,1,121,Lost,Low Value
1240472,405,4,8682.119999999999,4,5,5,455,Champions,Top Value
1240492,743,1,310.36,2,2,1,221,Lost,Low Value
1240494,862,1,1079.94,2,2,2,222,Lost,Low Value
1240530,1099,5,7188.29,1,5,4,154,At Risk,Top Value
1240603,372,1,129.0,4,2,1,421,Loyal,Low Value
1240746,551,3,957.8199999999999,3,4,2,342,Loyal,Low Value
1240776,92,3,3642.37,5,4,3,543,Loyal,Medium Value
1240904,15,6,9577.05,5,5,5,555,Champions,Top Value
1240910,530,4,4372.29,3,5,4,354,Loyal,Medium Value
1241018,784,2,2316.6,2,3,3,233,At Risk,Medium Value
1241093,221,2,1484.87,5,3,2,532,Loyal,Low Value
1241140,360,4,5805.32,4,5,4,454,Champions,Top Value
1241190,422,4,7493.61,4,5,4,454,Champions,Top Value
1241312,442,1,4067.9700000000003,3,2,3,323,Loyal,Medium Value
1241542,82,2,8079.87,5,3,5,535,Loyal,Top Value
1241547,626,2,8609.4,2,3,5,235,At Risk,Top Value
1241710,268,1,969.0,5,2,2,522,Loyal,Low Value
1241747,540,2,1598.94,3,3,2,332,Loyal,Low Value
1241748,163,2,1590.97,5,3,2,532,Loyal,Low Value
1241860,418,3,4229.92,4,4,4,444,Champions,Medium Value
1242018,107,3,6735.21,5,4,4,544,Champions,Top Value
1242050,356,2,5074.61,4,3,4,434,Loyal,Top Value
1242320,50,3,3108.69,5,4,3,543,Loyal,Medium Value
1242463,71,3,11068.7,5,4,5,545,Champions,Top Value
1242475,655,1,2511.0,2,2,3,223,Lost,Medium Value
1242504,463,1,839.8,3,2,1,321,Loyal,Low Value
1242570,244,1,9.99,5,2,1,521,Loyal,Low Value
1242885,929,2,10556.92,1,3,5,135,At Risk,Top Value
1242927,141,1,936.97,5,2,2,522,Loyal,Low Value
1243331,239,7,5451.77,5,5,4,554,Champions,Top Value
1243578,752,1,279.0,2,2,1,221,Lost,Low Value
1243658,417,2,2698.91,4,3,3,433,Loyal,Medium Value
1243894,267,6,24683.3,5,5,5,555,Champions,Top Value
1244004,208,2,955.96,5,3,2,532,Loyal,Low Value
1244073,556,1,2710.97,3,2,3,323,Loyal,Medium Value
1244285,47,5,9811.06,5,5,5,555,Champions,Top Value
1245017,417,2,6525.94,4,3,4,434,Loyal,Top Value
1245138,158,4,10177.92,5,5,5,555,Champions,Top Value
1245490,288,1,259.99,5,2,1,521,Loyal,Low Value
1245533,142,2,5843.97,5,3,4,534,Loyal,Top Value
1245575,219,2,2771.45,5,3,3,533,Loyal,Medium Value
1245587,400,2,6388.59,4,3,4,434,Loyal,Top Value
1245616,1758,1,1198.93,1,2,2,122,Lost,Low Value
1245877,897,3,6971.889999999999,1,4,4,144,At Risk,Top Value
1245904,633,2,1392.3,2,3,2,232,Lost,Low Value
1246129,269,4,9698.63,5,5,5,555,Champions,Top Value
1246299,847,1,109.0,2,2,1,221,Lost,Low Value
1246530,420,1,7982.75,4,2,5,425,Need Attention,Top Value
1246638,59,1,3641.99,5,2,3,523,Loyal,Medium Value
1246775,507,3,22026.26,3,4,5,345,Loyal,Top Value
1246890,831,1,1331.38,2,2,2,222,Lost,Low Value
1247074,563,4,1778.4399999999998,3,5,2,352,Loyal,Medium Value
1247375,576,1,2005.44,3,2,2,322,Loyal,Medium Value
1247394,24,6,10047.98,5,5,5,555,Champions,Top Value
1247524,659,2,6059.1,2,3,4,234,At Risk,Top Value
1247605,8,2,782.86,5,3,1,531,Loyal,Low Value
1248024,414,3,8139.610000000001,4,4,5,445,Champions,Top Value
1248028,582,3,4364.740000000001,3,4,4,344,Loyal,Medium Value
1248112,1369,1,132.99,1,2,1,121,Lost,Low Value
1248803,421,1,188.0,4,2,1,421,Loyal,Low Value
1248847,24,7,34858.48,5,5,5,555,Champions,Top Value
1248961,199,7,25604.54,5,5,5,555,Champions,Top Value
1249166,505,1,659.9399999999999,3,2,1,321,Loyal,Low Value
1249191,396,2,4322.99,4,3,4,434,Loyal,Medium Value
1250029,295,4,12404.92,5,5,5,555,Champions,Top Value
1250036,295,2,7955.49,5,3,5,535,Loyal,Top Value
1250060,225,1,1514.0,5,2,2,522,Loyal,Low Value
1250408,1667,1,2929.55,1,2,3,123,Lost,Medium Value
1250427,425,2,995.94,4,3,2,432,Loyal,Low Value
1250603,365,2,6353.89,4,3,4,434,Loyal,Top Value
1250754,391,2,869.99,4,3,2,432,Loyal,Low Value
1250867,355,1,1268.6,4,2,2,422,Loyal,Low Value
1250933,114,3,5953.71,5,4,4,544,Champions,Top Value
1250940,247,2,519.79,5,3,1,531,Loyal,Low Value
1251181,3,5,11312.24,5,5,5,555,Champions,Top Value
1251211,745,2,956.94,2,3,2,232,Lost,Low Value
1251230,419,2,802.8100000000001,4,3,1,431,Loyal,Low Value
1251347,734,1,1145.0,2,2,2,222,Lost,Low Value
1251360,719,2,4389.63,2,3,4,234,At Risk,Medium Value
1251392,744,2,1238.4099999999999,2,3,2,232,Lost,Low Value
1251398,234,3,1704.04,5,4,2,542,Loyal,Medium Value
1251726,470,4,4007.6499999999996,3,5,3,353,Loyal,Medium Value
1251782,540,1,604.95,3,2,1,321,Loyal,Low Value
1251931,24,3,1173.67,5,4,2,542,Loyal,Low Value
1252167,158,3,7697.37,5,4,5,545,Champions,Top Value
1252370,956,2,5682.42,1,3,4,134,At Risk,Top Value
1252384,403,1,628.0,4,2,1,421,Loyal,Low Value
1252582,790,2,800.0,2,3,1,231,Lost,Low Value
1252738,395,1,2315.18,4,2,3,423,Loyal,Medium Value
1253166,254,6,18864.170000000002,5,5,5,555,Champions,Top Value
1253509,1352,1,6672.0,1,2,4,124,Lost,Top Value
1253732,365,6,9799.75,4,5,5,455,Champions,Top Value
1253855,549,3,11884.82,3,4,5,345,Loyal,Top Value
1253996,424,3,10304.8,4,4,5,445,Champions,Top Value
1254069,864,1,8779.949999999999,2,2,5,225,Lost,Top Value
1254329,16,5,16345.86,5,5,5,555,Champions,Top Value
1254388,587,2,340.0,3,3,1,331,Loyal,Low Value
1254497,491,2,1574.45,3,3,2,332,Loyal,Low Value
1254510,2,4,8588.8,5,5,5,555,Champions,Top Value
1254806,185,3,2077.2400000000002,5,4,2,542,Loyal,Medium Value
1254923,1472,1,2899.99,1,2,3,123,Lost,Medium Value
1255045,405,2,4861.93,4,3,4,434,Loyal,Medium Value
1255402,150,5,10744.66,5,5,5,555,Champions,Top Value
1255483,1587,1,667.52,1,2,1,121,Lost,Low Value
1255497,351,2,3590.32,4,3,3,433,Loyal,Medium Value
1255742,479,4,6490.37,3,5,4,354,Loyal,Top Value
1255805,383,2,3758.58,4,3,3,433,Loyal,Medium Value
1256029,856,1,386.96,2,2,1,221,Lost,Low Value
1256108,911,3,9477.54,1,4,5,145,At Risk,Top Value
1256256,62,7,24321.44,5,5,5,555,Champions,Top Value
1256284,371,3,8311.07,4,4,5,445,Champions,Top Value
1256294,619,2,2029.6399999999999,2,3,2,232,Lost,Medium Value
1256645,407,2,8793.779999999999,4,3,5,435,Loyal,Top Value
1256783,850,1,75.9,2,2,1,221,Lost,Low Value
1256803,548,1,2269.5499999999997,3,2,3,323,Loyal,Medium Value
1256860,385,4,10408.33,4,5,5,455,Champions,Top Value
1257286,824,1,459.8,2,2,1,221,Lost,Low Value
1257326,502,1,13166.27,3,2,5,325,Need Attention,Top Value
1257514,267,1,5427.0,5,2,4,524,Need Attention,Top Value
1257599,487,4,2350.83,3,5,3,353,Loyal,Medium Value
1257627,158,2,2682.61,5,3,3,533,Loyal,Medium Value
1257713,1304,1,1030.0,1,2,2,122,Lost,Low Value
1258033,1481,1,2861.86,1,2,3,123,Lost,Medium Value
1258056,725,1,5219.91,2,2,4,224,Lost,Top Value
1258398,473,3,10585.96,3,4,5,345,Loyal,Top Value
1258466,836,2,2158.23,2,3,2,232,Lost,Medium Value
1258687,1092,1,2713.98,1,2,3,123,Lost,Medium Value
1258917,1826,1,11478.66,1,2,5,125,Lost,Top Value
1259204,781,2,2444.46,2,3,3,233,At Risk,Medium Value
1259448,445,5,12287.43,3,5,5,355,Loyal,Top Value
1259548,183,1,4012.96,5,2,3,523,Loyal,Medium Value
1259633,3,2,8171.89,5,3,5,535,Loyal,Top Value
1259841,715,2,10439.5,2,3,5,235,At Risk,Top Value
1259925,554,3,5551.21,3,4,4,344,Loyal,Top Value
1260058,1156,2,4444.3,1,3,4,134,At Risk,Medium Value
1260533,1877,1,3399.99,1,2,3,123,Lost,Medium Value
1260588,299,5,16889.53,5,5,5,555,Champions,Top Value
1261112,191,3,5635.41,5,4,4,544,Champions,Top Value
1261289,394,4,11826.56,4,5,5,455,Champions,Top Value
1261460,4,4,18856.54,5,5,5,555,Champions,Top Value
1261691,549,3,1616.94,3,4,2,342,Loyal,Low Value
1261718,278,2,2254.5800000000004,5,3,3,533,Loyal,Medium Value
1261825,802,3,5985.219999999999,2,4,4,244,At Risk,Top Value
1262038,409,2,3500.9,4,3,3,433,Loyal,Medium Value
1262082,663,1,877.0,2,2,2,222,Lost,Low Value
1262399,780,1,19.98,2,2,1,221,Lost,Low Value
1262414,391,8,9149.87,4,5,5,455,Champions,Top Value
1262429,792,2,1656.53,2,3,2,232,Lost,Low Value
1262470,401,2,10245.28,4,3,5,435,Loyal,Top Value
1262657,376,1,193.62,4,2,1,421,Loyal,Low Value
1262704,828,2,3782.93,2,3,3,233,At Risk,Medium Value
1263104,421,4,7008.52,4,5,4,454,Champions,Top Value
1263184,365,1,1099.9299999999998,4,2,2,422,Loyal,Low Value
1263679,262,4,1625.4699999999998,5,5,2,552,Loyal,Low Value
1263798,535,5,5279.66,3,5,4,354,Loyal,Top Value
1263974,517,3,4182.33,3,4,4,344,Loyal,Medium Value
1264011,784,2,3117.8,2,3,3,233,At Risk,Medium Value
1264100,417,5,28587.08,4,5,5,455,Champions,Top Value
1264277,1634,1,774.98,1,2,1,121,Lost,Low Value
1264513,365,2,752.01,4,3,1,431,Loyal,Low Value
1264784,640,3,891.97,2,4,2,242,Lost,Low Value
1264805,74,4,8178.37,5,5,5,555,Champions,Top Value
1264862,101,2,3285.9,5,3,3,533,Loyal,Medium Value
1264875,766,3,3854.6,2,4,3,243,At Risk,Medium Value
1264890,117,1,1349.5,5,2,2,522,Loyal,Low Value
1264949,418,1,493.96,4,2,1,421,Loyal,Low Value
1264963,202,1,23.72,5,2,1,521,Loyal,Low Value
1264970,556,1,1995.9,3,2,2,322,Loyal,Medium Value
1264995,195,2,6192.98,5,3,4,534,Loyal,Top Value
1265115,179,4,7389.32,5,5,4,554,Champions,Top Value
1265147,569,1,3049.5,3,2,3,323,Loyal,Medium Value
1265271,729,3,2606.21,2,4,3,243,At Risk,Medium Value
1265357,44,3,1389.63,5,4,2,542,Loyal,Low Value
1265799,466,2,772.95,3,3,1,331,Loyal,Low Value
1265898,33,3,961.95,5,4,2,542,Loyal,Low Value
1266006,15,3,10378.93,5,4,5,545,Champions,Top Value
1266191,375,1,1183.99,4,2,2,422,Loyal,Low Value
1266410,1152,1,2936.6,1,2,3,123,Lost,Medium Value
1266756,416,3,3714.97,4,4,3,443,Loyal,Medium Value
1266796,641,4,11454.71,2,5,5,255,At Risk,Top Value
1266821,655,4,5969.62,2,5,4,254,At Risk,Top Value
1266939,395,4,4766.0199999999995,4,5,4,454,Champions,Medium Value
1266981,352,3,3424.78,4,4,3,443,Loyal,Medium Value
1266986,389,3,2828.75,4,4,3,443,Loyal,Medium Value
1267352,755,3,2213.8900000000003,2,4,3,243,At Risk,Medium Value
1267627,58,4,25239.35,5,5,5,555,Champions,Top Value
1267678,243,1,969.0,5,2,2,522,Loyal,Low Value
1267860,1521,1,1398.0,1,2,2,122,Lost,Low Value
1267970,411,2,1456.0,4,3,2,432,Loyal,Low Value
1267986,367,3,6216.6900000000005,4,4,4,444,Champions,Top Value
1268170,2,3,8534.869999999999,5,4,5,545,Champions,Top Value
1268392,366,2,5077.2,4,3,4,434,Loyal,Top Value
1268661,148,10,20814.25,5,5,5,555,Champions,Top Value
1268744,368,5,10926.78,4,5,5,455,Champions,Top Value
1268964,351,3,10232.06,4,4,5,445,Champions,Top Value
1269051,1878,1,1519.94,1,2,2,122,Lost,Low Value
1269245,69,2,441.83,5,3,1,531,Loyal,Low Value
1269390,104,2,3938.67,5,3,3,533,Loyal,Medium Value
1269780,880,1,156.0,1,2,1,121,Lost,Low Value
1269972,365,1,1935.94,4,2,2,422,Loyal,Medium Value
1270042,477,1,831.8,3,2,1,321,Loyal,Low Value
1270130,582,2,4766.93,3,3,4,334,Loyal,Medium Value
1270231,554,1,3292.0,3,2,3,323,Loyal,Medium Value
1270426,40,3,1223.63,5,4,2,542,Loyal,Low Value
1270478,54,3,7593.610000000001,5,4,5,545,Champions,Top Value
1270510,466,1,835.95,3,2,1,321,Loyal,Low Value
1270520,729,1,298.99,2,2,1,221,Lost,Low Value
1270627,389,4,4738.11,4,5,4,454,Champions,Medium Value
1270898,1228,1,690.0,1,2,1,121,Lost,Low Value
1270948,1529,1,59.96,1,2,1,121,Lost,Low Value
1271222,778,2,3527.5299999999997,2,3,3,233,At Risk,Medium Value
1271239,1161,2,18173.739999999998,1,3,5,135,At Risk,Top Value
1271549,522,1,1024.0,3,2,2,322,Loyal,Low Value
1271830,269,2,662.0,5,3,1,531,Loyal,Low Value
1271947,547,5,12544.67,3,5,5,355,Loyal,Top Value
1271984,657,1,1672.0,2,2,2,222,Lost,Low Value
1272086,15,4,15280.28,5,5,5,555,Champions,Top Value
1272285,536,3,4299.32,3,4,4,344,Loyal,Medium Value
1272438,1597,1,359.98,1,2,1,121,Lost,Low Value
1272497,750,5,5518.51,2,5,4,254,At Risk,Top Value
1273372,79,3,2976.86,5,4,3,543,Loyal,Medium Value
1273533,195,2,1284.8700000000001,5,3,2,532,Loyal,Low Value
1273672,424,1,253.8,4,2,1,421,Loyal,Low Value
1273792,533,1,2692.76,3,2,3,323,Loyal,Medium Value
1273837,388,3,9638.99,4,4,5,445,Champions,Top Value
1274532,787,2,1646.6200000000001,2,3,2,232,Lost,Low Value
1274790,501,4,3372.63,3,5,3,353,Loyal,Medium Value
1274951,632,2,11602.109999999999,2,3,5,235,At Risk,Top Value
1275055,246,2,7270.0,5,3,4,534,Loyal,Top Value
1275061,295,5,9966.36,5,5,5,555,Champions,Top Value
1275472,643,1,1476.0,2,2,2,222,Lost,Low Value
1275496,1726,1,785.45,1,2,1,121,Lost,Low Value
1275802,710,3,5779.52,2,4,4,244,At Risk,Top Value
1276047,822,1,2308.0,2,2,3,223,Lost,Medium Value
1276079,1562,1,5133.96,1,2,4,124,Lost,Top Value
1276232,145,3,1893.89,5,4,2,542,Loyal,Medium Value
1276329,394,3,10414.6,4,4,5,445,Champions,Top Value
1276598,811,4,20138.58,2,5,5,255,At Risk,Top Value
1276606,432,1,1142.23,4,2,2,422,Loyal,Low Value
1276810,360,3,4996.17,4,4,4,444,Champions,Top Value
1276836,620,4,3927.9700000000003,2,5,3,253,At Risk,Medium Value
1276853,948,1,1142.72,1,2,2,122,Lost,Low Value
1276975,472,3,2440.39,3,4,3,343,Loyal,Medium Value
1277143,982,1,479.97,1,2,1,121,Lost,Low Value
1277243,169,6,14337.71,5,5,5,555,Champions,Top Value
1277723,288,7,8474.7,5,5,5,555,Champions,Top Value
1277798,415,1,590.5699999999999,4,2,1,421,Loyal,Low Value
1277888,908,2,640.32,1,3,1,131,Lost,Low Value
1277982,820,1,249.99,2,2,1,221,Lost,Low Value
1278242,527,2,2161.0,3,3,3,333,Loyal,Medium Value
1278417,470,3,5958.6,3,4,4,344,Loyal,Top Value
1278507,426,2,2284.15,4,3,3,433,Loyal,Medium Value
1278561,379,2,3883.85,4,3,3,433,Loyal,Medium Value
1278619,197,4,6407.85,5,5,4,554,Champions,Top Value
1278642,564,2,2372.87,3,3,3,333,Loyal,Medium Value
1278844,395,1,1105.0,4,2,2,422,Loyal,Low Value
1279175,184,6,8138.03,5,5,5,555,Champions,Top Value
1279307,74,2,13619.18,5,3,5,535,Loyal,Top Value
1279342,429,4,4055.41,4,5,3,453,Loyal,Medium Value
1279546,409,3,6530.45,4,4,4,444,Champions,Top Value
1279593,434,2,821.95,3,3,1,331,Loyal,Low Value
1279867,507,2,11014.380000000001,3,3,5,335,Loyal,Top Value
1280639,347,3,4502.0599999999995,4,4,4,444,Champions,Medium Value
1280672,640,2,3131.0,2,3,3,233,At Risk,Medium Value
1280813,373,1,5.5,4,2,1,421,Loyal,Low Value
1280832,507,1,3782.7,3,2,3,323,Loyal,Medium Value
1281023,446,2,3363.58,3,3,3,333,Loyal,Medium Value
1281027,288,1,2039.8000000000002,5,2,2,522,Loyal,Medium Value
1281061,790,1,610.66,2,2,1,221,Lost,Low Value
1281531,191,4,14381.1,5,5,5,555,Champions,Top Value
1281684,1392,2,607.88,1,3,1,131,Lost,Low Value
1281731,442,2,10208.45,3,3,5,335,Loyal,Top Value
1281867,372,2,1739.68,4,3,2,432,Loyal,Medium Value
1282455,584,4,3864.81,3,5,3,353,Loyal,Medium Value
1282783,369,1,4001.7,4,2,3,423,Loyal,Medium Value
1282801,1,5,32743.52,5,5,5,555,Champions,Top Value
1283320,778,2,5071.97,2,3,4,234,At Risk,Top Value
1283754,426,5,9241.93,4,5,5,455,Champions,Top Value
1283914,283,3,14163.25,5,4,5,545,Champions,Top Value
1283971,426,1,598.0,4,2,1,421,Loyal,Low Value
1284129,1633,1,112.0,1,2,1,121,Lost,Low Value
1284180,516,3,4312.18,3,4,4,344,Loyal,Medium Value
1284244,134,3,2170.23,5,4,3,543,Loyal,Medium Value
1284322,391,3,8669.949999999999,4,4,5,445,Champions,Top Value
1284353,417,3,4242.17,4,4,4,444,Champions,Medium Value
1284621,1389,1,3784.2,1,2,3,123,Lost,Medium Value
1284640,246,2,2467.6,5,3,3,533,Loyal,Medium Value
1284668,643,1,88.62,2,2,1,221,Lost,Low Value
1284776,269,4,6911.62,5,5,4,554,Champions,Top Value
1284778,269,1,2085.78,5,2,2,522,Loyal,Medium Value
1284918,654,3,2075.4,2,4,2,242,Lost,Medium Value
1284953,419,7,14463.619999999999,4,5,5,455,Champions,Top Value
1285539,1139,1,2214.0,1,2,3,123,Lost,Medium Value
1285541,81,2,1030.85,5,3,2,532,Loyal,Low Value
1285548,1485,1,169.99,1,2,1,121,Lost,Low Value
1285725,129,3,4202.3,5,4,4,544,Champions,Medium Value
1285972,13,4,14816.68,5,5,5,555,Champions,Top Value
1286466,524,2,8053.0,3,3,5,335,Loyal,Top Value
1286508,446,1,8702.89,3,2,5,325,Need Attention,Top Value
1286602,555,10,27443.91,3,5,5,355,Loyal,Top Value
1286816,361,2,4382.52,4,3,4,434,Loyal,Medium Value
1286959,439,3,1403.37,3,4,2,342,Loyal,Low Value
1287333,442,3,17042.989999999998,3,4,5,345,Loyal,Top Value
1287610,412,2,17238.25,4,3,5,435,Loyal,Top Value
1287767,563,1,1507.8,3,2,2,322,Loyal,Low Value
1287822,361,1,296.0,4,2,1,421,Loyal,Low Value
1287862,618,6,7711.41,2,5,5,255,At Risk,Top Value
1288183,593,1,2028.0,3,2,2,322,Loyal,Medium Value
1288206,156,2,4600.99,5,3,4,534,Loyal,Medium Value
1288319,496,2,1823.05,3,3,2,332,Loyal,Medium Value
1288469,425,2,8505.69,4,3,5,435,Loyal,Top Value
1288611,733,1,668.0,2,2,1,221,Lost,Low Value
1288708,110,4,6114.62,5,5,4,554,Champions,Top Value
1288830,300,2,5644.85,5,3,4,534,Loyal,Top Value
1288961,425,3,3627.0499999999997,4,4,3,443,Loyal,Medium Value
1288974,989,2,991.1,1,3,2,132,Lost,Low Value
1289001,54,5,11702.96,5,5,5,555,Champions,Top Value
1289129,456,1,32.0,3,2,1,321,Loyal,Low Value
1289422,422,2,1914.91,4,3,2,432,Loyal,Medium Value
1289480,596,1,55.56,3,2,1,321,Loyal,Low Value
1289490,122,4,3954.39,5,5,3,553,Loyal,Medium Value
1290119,419,4,4457.24,4,5,4,454,Champions,Medium Value
1290284,899,3,8350.49,1,4,5,145,At Risk,Top Value
1290423,241,1,10139.789999999999,5,2,5,525,Need Attention,Top Value
1290828,118,3,4160.93,5,4,4,544,Champions,Medium Value
1290859,1163,1,1582.0,1,2,2,122,Lost,Low Value
1291365,465,2,1435.07,3,3,2,332,Loyal,Low Value
1291393,212,1,3205.83,5,2,3,523,Loyal,Medium Value
1291411,431,1,289.99,4,2,1,421,Loyal,Low Value
1291414,488,4,10483.59,3,5,5,355,Loyal,Top Value
1291470,501,1,139.0,3,2,1,321,Loyal,Low Value
1291471,229,3,5053.9400000000005,5,4,4,544,Champions,Top Value
1291868,1181,3,870.49,1,4,2,142,Lost,Low Value
1291961,581,1,678.0,3,2,1,321,Loyal,Low Value
1291980,266,3,3922.34,5,4,3,543,Loyal,Medium Value
1292067,363,1,329.96999999999997,4,2,1,421,Loyal,Low Value
1292088,710,1,408.26,2,2,1,221,Lost,Low Value
1292130,1380,1,2349.8500000000004,1,2,3,123,Lost,Medium Value
1292219,743,1,6598.92,2,2,4,224,Lost,Top Value
1292236,970,1,4792.2,1,2,4,124,Lost,Medium Value
1292238,277,1,1416.95,5,2,2,522,Loyal,Low Value
1292262,610,1,75.96000000000001,2,2,1,221,Lost,Low Value
1292476,612,1,203.98,2,2,1,221,Lost,Low Value
1292482,1156,2,8225.95,1,3,5,135,At Risk,Top Value
1292543,1514,2,912.8,1,3,2,132,Lost,Low Value
1292710,367,3,2563.86,4,4,3,443,Loyal,Medium Value
1292915,558,1,3968.94,3,2,3,323,Loyal,Medium Value
1292949,41,2,1736.04,5,3,2,532,Loyal,Medium Value
1293114,603,1,55.0,3,2,1,321,Loyal,Low Value
1293219,467,2,615.72,3,3,1,331,Loyal,Low Value
1293305,1508,1,1944.95,1,2,2,122,Lost,Medium Value
1293441,376,2,1032.61,4,3,2,432,Loyal,Low Value
1293475,231,1,26.0,5,2,1,521,Loyal,Low Value
1293489,612,2,2703.18,2,3,3,233,At Risk,Medium Value
1294022,708,1,668.97,2,2,1,221,Lost,Low Value
1294164,347,3,15547.9,4,4,5,445,Champions,Top Value
1294285,640,1,900.49,2,2,2,222,Lost,Low Value
1294340,906,1,1035.0,1,2,2,122,Lost,Low Value
1294690,456,2,1423.9,3,3,2,332,Loyal,Low Value
1294829,281,1,738.0,5,2,1,521,Loyal,Low Value
1294899,236,5,4463.9400000000005,5,5,4,554,Champions,Medium Value
1294910,1479,1,5054.96,1,2,4,124,Lost,Top Value
1294930,528,2,1570.96,3,3,2,332,Loyal,Low Value
1294953,59,2,2662.67,5,3,3,533,Loyal,Medium Value
1295068,524,5,6779.64,3,5,4,354,Loyal,Top Value
1295403,1520,1,1992.87,1,2,2,122,Lost,Medium Value
1295467,120,1,798.97,5,2,1,521,Loyal,Low Value
1295537,442,8,10258.96,3,5,5,355,Loyal,Top Value
1295545,488,2,2844.93,3,3,3,333,Loyal,Medium Value
1295740,479,2,846.97,3,3,1,331,Loyal,Low Value
1295793,628,4,4442.7,2,5,4,254,At Risk,Medium Value
1295834,741,1,379.96,2,2,1,221,Lost,Low Value
1296282,407,3,4242.29,4,4,4,444,Champions,Medium Value
1296866,1849,1,4028.89,1,2,3,123,Lost,Medium Value
1297155,424,4,8271.76,4,5,5,455,Champions,Top Value
1297686,803,2,1230.79,2,3,2,232,Lost,Low Value
1297782,708,2,2089.1200000000003,2,3,2,232,Lost,Medium Value
1297804,582,1,192.23000000000002,3,2,1,321,Loyal,Low Value
1297890,874,3,3005.06,2,4,3,243,At Risk,Medium Value
1298027,1521,1,5418.38,1,2,4,124,Lost,Top Value
1298070,233,5,10568.95,5,5,5,555,Champions,Top Value
1298635,108,4,4597.9,5,5,4,554,Champions,Medium Value
1298688,345,2,7546.48,4,3,5,435,Loyal,Top Value
1299041,736,2,2887.49,2,3,3,233,At Risk,Medium Value
1299161,599,2,1729.87,3,3,2,332,Loyal,Medium Value
1299855,74,3,8945.75,5,4,5,545,Champions,Top Value
1299894,1555,2,1514.78,1,3,2,132,Lost,Low Value
1299971,373,1,779.97,4,2,1,421,Loyal,Low Value
1300132,284,3,11196.89,5,4,5,545,Champions,Top Value
1300250,986,1,6846.9,1,2,4,124,Lost,Top Value
1300575,419,2,512.0,4,3,1,431,Loyal,Low Value
1300622,593,3,2751.99,3,4,3,343,Loyal,Medium Value
1300668,430,1,9.99,4,2,1,421,Loyal,Low Value
1300742,172,3,2220.79,5,4,3,543,Loyal,Medium Value
1300892,348,4,4242.9,4,5,4,454,Champions,Medium Value
1301181,174,4,8292.54,5,5,5,555,Champions,Top Value
1301194,488,1,1219.38,3,2,2,322,Loyal,Low Value
1301542,586,5,5339.2699999999995,3,5,4,354,Loyal,Top Value
1301552,463,4,3137.89,3,5,3,353,Loyal,Medium Value
1301565,372,3,8082.2,4,4,5,445,Champions,Top Value
1302010,759,3,16809.09,2,4,5,245,At Risk,Top Value
1302333,633,2,3502.9300000000003,2,3,3,233,At Risk,Medium Value
1302636,1816,1,345.0,1,2,1,121,Lost,Low Value
1302679,165,4,9129.61,5,5,5,555,Champions,Top Value
1302817,3,4,22175.03,5,5,5,555,Champions,Top Value
1302853,628,2,550.99,2,3,1,231,Lost,Low Value
1302998,1452,2,1748.91,1,3,2,132,Lost,Medium Value
1303284,437,2,1508.8000000000002,3,3,2,332,Loyal,Low Value
1303346,760,1,1203.12,2,2,2,222,Lost,Low Value
1303360,57,5,9487.289999999999,5,5,5,555,Champions,Top Value
1303448,444,3,3091.9700000000003,3,4,3,343,Loyal,Medium Value
1303513,421,1,116.88,4,2,1,421,Loyal,Low Value
1303868,822,1,6440.35,2,2,4,224,Lost,Top Value
1303880,605,1,453.31,3,2,1,321,Loyal,Low Value
1303887,157,2,1223.88,5,3,2,532,Loyal,Low Value
1304026,898,2,3855.66,1,3,3,133,At Risk,Medium Value
1304093,558,6,9014.710000000001,3,5,5,355,Loyal,Top Value
1304549,436,5,17847.76,3,5,5,355,Loyal,Top Value
1304950,1146,1,6991.71,1,2,4,124,Lost,Top Value
1305082,354,5,33999.52,4,5,5,455,Champions,Top Value
1305098,1114,1,1950.96,1,2,2,122,Lost,Medium Value
1305152,1161,1,11414.97,1,2,5,125,Lost,Top Value
1305544,474,1,641.97,3,2,1,321,Loyal,Low Value
1305559,722,1,4127.89,2,2,4,224,Lost,Medium Value
1305648,880,1,4503.0,1,2,4,124,Lost,Medium Value
1306013,127,4,5066.45,5,5,4,554,Champions,Top Value
1306101,108,3,6453.7,5,4,4,544,Champions,Top Value
1306301,622,4,4330.98,2,5,4,254,At Risk,Medium Value
1306371,1102,1,765.9,1,2,1,121,Lost,Low Value
1306378,724,4,6511.6,2,5,4,254,At Risk,Top Value
1306536,404,4,14090.56,4,5,5,455,Champions,Top Value
1306550,1017,1,7699.24,1,2,5,125,Lost,Top Value
1306559,181,5,2986.45,5,5,3,553,Loyal,Medium Value
1306594,823,1,179.97,2,2,1,221,Lost,Low Value
1306739,64,4,3102.48,5,5,3,553,Loyal,Medium Value
1306768,1201,1,1021.69,1,2,2,122,Lost,Low Value
1306783,773,1,179.99,2,2,1,221,Lost,Low Value
1306792,463,2,1947.55,3,3,2,332,Loyal,Medium Value
1306881,349,3,7497.8,4,4,5,445,Champions,Top Value
1307023,277,7,16312.84,5,5,5,555,Champions,Top Value
1307135,556,2,13902.219999999998,3,3,5,335,Loyal,Top Value
1307296,995,2,12580.91,1,3,5,135,At Risk,Top Value
1307508,381,1,4263.0,4,2,4,424,Need Attention,Medium Value
1307638,226,4,4664.88,5,5,4,554,Champions,Medium Value
1307704,454,4,6950.2,3,5,4,354,Loyal,Top Value
1307834,274,1,1334.0,5,2,2,522,Loyal,Low Value
1307997,50,4,7977.94,5,5,5,555,Champions,Top Value
1308091,61,1,9879.98,5,2,5,525,Need Attention,Top Value
1308399,292,1,646.96,5,2,1,521,Loyal,Low Value
1308604,540,1,57.88,3,2,1,321,Loyal,Low Value
1308706,440,5,3939.9799999999996,3,5,3,353,Loyal,Medium Value
1308901,655,1,13.89,2,2,1,221,Lost,Low Value
1308993,1730,1,37.980000000000004,1,2,1,121,Lost,Low Value
1309027,271,2,29020.819999999996,5,3,5,535,Loyal,Top Value
1309256,589,3,5044.32,3,4,4,344,Loyal,Top Value
1309524,165,2,5296.299999999999,5,3,4,534,Loyal,Top Value
1310047,424,2,797.81,4,3,1,431,Loyal,Low Value
1310150,465,1,896.99,3,2,2,322,Loyal,Low Value
1310201,181,5,14590.560000000001,5,5,5,555,Champions,Top Value
1310403,418,6,20589.98,4,5,5,455,Champions,Top Value
1310468,144,2,1754.9099999999999,5,3,2,532,Loyal,Medium Value
1310493,808,1,2455.6,2,2,3,223,Lost,Medium Value
1310699,892,2,7269.5,1,3,4,134,At Risk,Top Value
1311008,351,2,17259.89,4,3,5,435,Loyal,Top Value
1311030,418,6,8621.16,4,5,5,455,Champions,Top Value
1311674,390,2,2498.25,4,3,3,433,Loyal,Medium Value
1311675,768,1,3611.3999999999996,2,2,3,223,Lost,Medium Value
1311681,370,1,5097.969999999999,4,2,4,424,Need Attention,Top Value
1311776,410,4,5714.98,4,5,4,454,Champions,Top Value
1312078,65,7,20078.74,5,5,5,555,Champions,Top Value
1312168,24,7,18188.12,5,5,5,555,Champions,Top Value
1312497,557,1,227.64000000000001,3,2,1,321,Loyal,Low Value
1312510,1004,1,1157.97,1,2,2,122,Lost,Low Value
1312610,859,1,2116.0,2,2,2,222,Lost,Medium Value
1312920,346,4,12251.97,4,5,5,455,Champions,Top Value
1313113,407,9,11720.3,4,5,5,455,Champions,Top Value
1313198,873,3,4595.57,2,4,4,244,At Risk,Medium Value
1313253,419,2,6925.23,4,3,4,434,Loyal,Top Value
1313316,583,1,244.82,3,2,1,321,Loyal,Low Value
1313504,395,3,4562.99,4,4,4,444,Champions,Medium Value
1313665,1159,2,7747.950000000001,1,3,5,135,At Risk,Top Value
1313754,185,2,3910.87,5,3,3,533,Loyal,Medium Value
1313973,709,1,144.95,2,2,1,221,Lost,Low Value
1314263,1145,1,1206.98,1,2,2,122,Lost,Low Value
1314363,817,1,2274.0,2,2,3,223,Lost,Medium Value
1314582,61,2,119.97999999999999,5,3,1,531,Loyal,Low Value
1314795,757,1,421.43,2,2,1,221,Lost,Low Value
1314859,605,2,12815.76,3,3,5,335,Loyal,Top Value
1314888,400,2,1777.65,4,3,2,432,Loyal,Medium Value
1314915,250,2,1326.9,5,3,2,532,Loyal,Low Value
1314990,456,1,283.87,3,2,1,321,Loyal,Low Value
1315137,754,1,1838.0,2,2,2,222,Lost,Medium Value
1315177,456,1,2150.0,3,2,2,322,Loyal,Medium Value
1315208,368,3,6877.11,4,4,4,444,Champions,Top Value
1315379,795,2,2772.44,2,3,3,233,At Risk,Medium Value
1315506,389,3,1262.08,4,4,2,442,Loyal,Low Value
1315611,487,2,926.79,3,3,2,332,Loyal,Low Value
1315621,57,4,5107.71,5,5,4,554,Champions,Top Value
1315898,227,4,6798.11,5,5,4,554,Champions,Top Value
1316237,449,5,17855.42,3,5,5,355,Loyal,Top Value
1316290,962,1,439.97,1,2,1,121,Lost,Low Value
1316297,225,3,4194.71,5,4,4,544,Champions,Medium Value
1316604,428,2,10519.23,4,3,5,435,Loyal,Top Value
1316622,31,3,2854.0899999999997,5,4,3,543,Loyal,Medium Value
1316702,782,2,1647.93,2,3,2,232,Lost,Low Value
1316816,414,4,14044.91,4,5,5,455,Champions,Top Value
1317031,878,2,3776.2,1,3,3,133,At Risk,Medium Value
1317157,9,1,519.98,5,2,1,521,Loyal,Low Value
1317281,365,3,3642.12,4,4,3,443,Loyal,Medium Value
1317634,1803,1,12200.93,1,2,5,125,Lost,Top Value
1317733,225,4,5202.0599999999995,5,5,4,554,Champions,Top Value
1318168,600,2,11493.96,3,3,5,335,Loyal,Top Value
1318218,352,1,1379.4,4,2,2,422,Loyal,Low Value
1318330,520,2,6301.5199999999995,3,3,4,334,Loyal,Top Value
1318393,179,5,8643.78,5,5,5,555,Champions,Top Value
1318608,781,3,16751.71,2,4,5,245,At Risk,Top Value
1318625,270,1,300.0,5,2,1,521,Loyal,Low Value
1318857,572,2,2718.27,3,3,3,333,Loyal,Medium Value
1319072,536,3,3815.45,3,4,3,343,Loyal,Medium Value
1319327,437,2,1314.38,3,3,2,332,Loyal,Low Value
1319610,527,2,4121.73,3,3,4,334,Loyal,Medium Value
1319657,650,2,4563.13,2,3,4,234,At Risk,Medium Value
1319752,647,2,1726.77,2,3,2,232,Lost,Medium Value
1320115,426,1,2383.6,4,2,3,423,Loyal,Medium Value
1320638,531,1,284.95,3,2,1,321,Loyal,Low Value
1320851,780,3,4625.45,2,4,4,244,At Risk,Medium Value
1321513,1590,2,2718.94,1,3,3,133,At Risk,Medium Value
1321532,362,3,4943.43,4,4,4,444,Champions,Medium Value
1321913,345,3,7466.76,4,4,4,444,Champions,Top Value
1322029,260,4,6697.72,5,5,4,554,Champions,Top Value
1322032,127,3,5027.27,5,4,4,544,Champions,Top Value
1322224,886,1,199.98,1,2,1,121,Lost,Low Value
1322428,762,1,119.98,2,2,1,221,Lost,Low Value
1322538,495,1,380.0,3,2,1,321,Loyal,Low Value
1322851,1577,1,12307.57,1,2,5,125,Lost,Top Value
1322927,53,3,1304.86,5,4,2,542,Loyal,Low Value
1322959,739,2,678.21,2,3,1,231,Lost,Low Value
1323098,478,2,374.73,3,3,1,331,Loyal,Low Value
1323338,48,2,4931.2,5,3,4,534,Loyal,Medium Value
1323445,283,1,569.78,5,2,1,521,Loyal,Low Value
1323545,505,1,1904.97,3,2,2,322,Loyal,Medium Value
1323882,557,5,7691.05,3,5,5,355,Loyal,Top Value
1323897,794,1,322.0,2,2,1,221,Lost,Low Value
1323956,165,3,6266.35,5,4,4,544,Champions,Top Value
1324146,271,2,1836.0,5,3,2,532,Loyal,Medium Value
1324262,68,3,8234.03,5,4,5,545,Champions,Top Value
1324451,425,3,2841.9,4,4,3,443,Loyal,Medium Value
1324581,366,6,15247.83,4,5,5,455,Champions,Top Value
1324602,1452,2,4478.87,1,3,4,134,At Risk,Medium Value
1324742,1133,2,1556.15,1,3,2,132,Lost,Low Value
1324842,365,5,2689.54,4,5,3,453,Loyal,Medium Value
1324963,1840,1,1491.97,1,2,2,122,Lost,Low Value
1325088,180,2,6345.91,5,3,4,534,Loyal,Top Value
1325310,1159,1,2598.0,1,2,3,123,Lost,Medium Value
1325567,415,2,6657.04,4,3,4,434,Loyal,Top Value
1325683,157,1,863.7,5,2,2,522,Loyal,Low Value
1325805,509,7,10898.92,3,5,5,355,Loyal,Top Value
1325989,445,3,5711.52,3,4,4,344,Loyal,Top Value
1326042,884,2,8178.94,1,3,5,135,At Risk,Top Value
1326094,71,5,7526.7,5,5,5,555,Champions,Top Value
1326141,1107,1,7801.88,1,2,5,125,Lost,Top Value
1326562,424,2,4249.56,4,3,4,434,Loyal,Medium Value
1326610,972,2,1505.18,1,3,2,132,Lost,Low Value
1326966,505,2,23728.54,3,3,5,335,Loyal,Top Value
1327071,291,1,362.0,5,2,1,521,Loyal,Low Value
1327195,80,1,3321.95,5,2,3,523,Loyal,Medium Value
1327386,814,1,2678.8,2,2,3,223,Lost,Medium Value
1327623,381,3,5114.610000000001,4,4,4,444,Champions,Top Value
1327766,409,1,2108.96,4,2,2,422,Loyal,Medium Value
1327821,656,2,6836.049999999999,2,3,4,234,At Risk,Top Value
1328055,152,10,24736.08,5,5,5,555,Champions,Top Value
1328229,779,1,1161.0,2,2,2,222,Lost,Low Value
1328273,372,4,6106.97,4,5,4,454,Champions,Top Value
1328345,1121,1,1183.99,1,2,2,122,Lost,Low Value
1328539,25,3,5143.9400000000005,5,4,4,544,Champions,Top Value
1328691,369,3,5173.6,4,4,4,444,Champions,Top Value
1328708,788,2,2782.06,2,3,3,233,At Risk,Medium Value
1328884,582,2,1825.0,3,3,2,332,Loyal,Medium Value
1329668,450,1,2449.86,3,2,3,323,Loyal,Medium Value
1329709,417,2,2246.37,4,3,3,433,Loyal,Medium Value
1329796,377,3,1657.82,4,4,2,442,Loyal,Low Value
1329996,360,3,5383.860000000001,4,4,4,444,Champions,Top Value
1330039,22,8,21728.71,5,5,5,555,Champions,Top Value
1330142,438,6,9281.5,3,5,5,355,Loyal,Top Value
1330188,654,3,2104.98,2,4,2,242,Lost,Medium Value
1330484,1452,1,3458.97,1,2,3,123,Lost,Medium Value
1330560,292,5,10397.69,5,5,5,555,Champions,Top Value
1330793,366,2,4753.96,4,3,4,434,Loyal,Medium Value
1331346,974,1,6869.6900000000005,1,2,4,124,Lost,Top Value
1331394,291,1,2272.0,5,2,3,523,Loyal,Medium Value
1331532,358,2,169.48000000000002,4,3,1,431,Loyal,Low Value
1332152,761,2,3060.8,2,3,3,233,At Risk,Medium Value
1332731,1214,1,4127.9400000000005,1,2,4,124,Lost,Medium Value
1332991,787,3,4671.64,2,4,4,244,At Risk,Medium Value
1333348,919,1,1069.9,1,2,2,122,Lost,Low Value
1333425,773,1,936.99,2,2,2,222,Lost,Low Value
1333477,204,1,1230.0,5,2,2,522,Loyal,Low Value
1333939,781,2,2098.12,2,3,2,232,Lost,Medium Value
1333943,55,4,7807.33,5,5,5,555,Champions,Top Value
1334271,480,2,2610.7,3,3,3,333,Loyal,Medium Value
1334369,413,3,12516.88,4,4,5,445,Champions,Top Value
1334387,362,5,34490.76,4,5,5,455,Champions,Top Value
1334562,52,5,8503.9,5,5,5,555,Champions,Top Value
1334931,114,2,1707.92,5,3,2,532,Loyal,Medium Value
1335146,470,5,12984.89,3,5,5,355,Loyal,Top Value
1335158,890,1,237.0,1,2,1,121,Lost,Low Value
1335162,274,3,5093.77,5,4,4,544,Champions,Top Value
1335336,841,1,1647.52,2,2,2,222,Lost,Low Value
1335399,845,1,505.77,2,2,1,221,Lost,Low Value
1335615,738,1,1299.95,2,2,2,222,Lost,Low Value
1335682,293,2,5542.6,5,3,4,534,Loyal,Top Value
1335875,534,4,5295.570000000001,3,5,4,354,Loyal,Top Value
1336461,823,2,1508.68,2,3,2,232,Lost,Low Value
1336484,627,2,657.0,2,3,1,231,Lost,Low Value
1336555,632,1,382.87,2,2,1,221,Lost,Low Value
1336561,596,1,88.62,3,2,1,321,Loyal,Low Value
1336583,414,2,979.97,4,3,2,432,Loyal,Low Value
1337241,393,5,9764.17,4,5,5,455,Champions,Top Value
1337464,555,3,8329.0,3,4,5,345,Loyal,Top Value
1337730,1850,1,499.95,1,2,1,121,Lost,Low Value
1337807,942,1,2006.72,1,2,2,122,Lost,Medium Value
1337826,355,1,921.95,4,2,2,422,Loyal,Low Value
1338079,372,2,1218.53,4,3,2,432,Loyal,Low Value
1338214,549,3,7421.2,3,4,4,344,Loyal,Top Value
1338243,389,3,10162.53,4,4,5,445,Champions,Top Value
1338272,159,2,1177.46,5,3,2,532,Loyal,Low Value
1338452,435,5,6332.53,3,5,4,354,Loyal,Top Value
1338473,1482,1,1907.5700000000002,1,2,2,122,Lost,Medium Value
1338761,272,2,909.98,5,3,2,532,Loyal,Low Value
1339173,262,1,160.23000000000002,5,2,1,521,Loyal,Low Value
1339269,731,2,8623.96,2,3,5,235,At Risk,Top Value
1339651,374,3,1419.44,4,4,2,442,Loyal,Low Value
1340071,453,1,777.0,3,2,1,321,Loyal,Low Value
1340104,62,3,3198.0,5,4,3,543,Loyal,Medium Value
1340193,356,3,4879.81,4,4,4,444,Champions,Medium Value
1340281,849,1,296.0,2,2,1,221,Lost,Low Value
1340465,747,1,811.41,2,2,1,221,Lost,Low Value
1340597,46,2,12138.75,5,3,5,535,Loyal,Top Value
1341076,33,3,6624.9,5,4,4,544,Champions,Top Value
1341101,358,3,7102.26,4,4,4,444,Champions,Top Value
1341195,450,2,33362.659999999996,3,3,5,335,Loyal,Top Value
1341338,409,2,2929.63,4,3,3,433,Loyal,Medium Value
1341787,790,2,2000.85,2,3,2,232,Lost,Medium Value
1342011,934,2,2254.0,1,3,3,133,At Risk,Medium Value
1342154,372,3,1560.25,4,4,2,442,Loyal,Low Value
1342209,424,2,1854.88,4,3,2,432,Loyal,Medium Value
1342226,433,2,1364.7200000000003,4,3,2,432,Loyal,Low Value
1342539,750,2,2366.83,2,3,3,233,At Risk,Medium Value
1342569,271,6,8527.19,5,5,5,555,Champions,Top Value
1342870,22,2,5271.96,5,3,4,534,Loyal,Top Value
1342915,589,4,9689.75,3,5,5,355,Loyal,Top Value
1342972,383,3,1047.16,4,4,2,442,Loyal,Low Value
1343149,411,2,3474.46,4,3,3,433,Loyal,Medium Value
1343255,1349,1,2237.8,1,2,3,123,Lost,Medium Value
1343695,633,1,1617.0,2,2,2,222,Lost,Low Value
1343700,281,5,7425.099999999999,5,5,4,554,Champions,Top Value
1344122,729,1,172.0,2,2,1,221,Lost,Low Value
1344166,86,2,799.89,5,3,1,531,Loyal,Low Value
1344432,10,7,14402.99,5,5,5,555,Champions,Top Value
1344457,1507,1,793.95,1,2,1,121,Lost,Low Value
1344488,963,2,169.19,1,3,1,131,Lost,Low Value
1344505,876,2,6780.95,2,3,4,234,At Risk,Top Value
1344733,509,4,13947.24,3,5,5,355,Loyal,Top Value
1344815,1453,1,1039.96,1,2,2,122,Lost,Low Value
1344897,506,2,2464.38,3,3,3,333,Loyal,Medium Value
1344962,1471,1,1908.54,1,2,2,122,Lost,Medium Value
1345382,570,7,9069.73,3,5,5,355,Loyal,Top Value
1345502,284,4,5614.16,5,5,4,554,Champions,Top Value
1345515,396,2,661.88,4,3,1,431,Loyal,Low Value
1345643,750,2,4080.9,2,3,4,234,At Risk,Medium Value
1346398,499,1,1432.0,3,2,2,322,Loyal,Low Value
1346408,449,1,576.0,3,2,1,321,Loyal,Low Value
1346496,1016,1,2719.8,1,2,3,123,Lost,Medium Value
1346532,414,2,565.5799999999999,4,3,1,431,Loyal,Low Value
1346534,200,2,4628.8,5,3,4,534,Loyal,Medium Value
1346611,442,3,574.0,3,4,1,341,Loyal,Low Value
1346651,45,4,6765.65,5,5,4,554,Champions,Top Value
1346790,87,3,7157.8,5,4,4,544,Champions,Top Value
1346929,594,2,3079.4900000000002,3,3,3,333,Loyal,Medium Value
1347067,634,1,9.48,2,2,1,221,Lost,Low Value
1347239,480,2,1253.3,3,3,2,332,Loyal,Low Value
1347405,400,3,6367.72,4,4,4,444,Champions,Top Value
1347641,584,1,5262.21,3,2,4,324,Need Attention,Top Value
1347742,808,1,56.0,2,2,1,221,Lost,Low Value
1347880,410,3,7409.27,4,4,4,444,Champions,Top Value
1347884,750,2,4328.4,2,3,4,234,At Risk,Medium Value
1348253,365,2,6685.76,4,3,4,434,Loyal,Top Value
1348328,1359,1,428.99,1,2,1,121,Lost,Low Value
1349069,449,3,1799.93,3,4,2,342,Loyal,Medium Value
1349131,94,11,16479.1,5,5,5,555,Champions,Top Value
1349155,291,2,76.86,5,3,1,531,Loyal,Low Value
1349711,1758,1,4687.49,1,2,4,124,Lost,Medium Value
1349918,45,2,7062.040000000001,5,3,4,534,Loyal,Top Value
1350476,600,1,621.9300000000001,3,2,1,321,Loyal,Low Value
1350579,907,1,899.98,1,2,2,122,Lost,Low Value
1350616,430,1,19.9,4,2,1,421,Loyal,Low Value
1350729,432,2,923.48,4,3,2,432,Loyal,Low Value
1350819,521,5,7134.23,3,5,4,354,Loyal,Top Value
1350916,492,2,2319.0,3,3,3,333,Loyal,Medium Value
1351006,101,2,3051.99,5,3,3,533,Loyal,Medium Value
1351245,267,3,1611.42,5,4,2,542,Loyal,Low Value
1351308,372,5,5913.62,4,5,4,454,Champions,Top Value
1351498,1450,1,4864.9400000000005,1,2,4,124,Lost,Medium Value
1351590,422,2,3728.54,4,3,3,433,Loyal,Medium Value
1351815,374,2,3003.25,4,3,3,433,Loyal,Medium Value
1352418,1109,1,2592.0,1,2,3,123,Lost,Medium Value
1352605,786,2,1000.88,2,3,2,232,Lost,Low Value
1352665,3,3,5942.5,5,4,4,544,Champions,Top Value
1352703,24,3,17454.9,5,4,5,545,Champions,Top Value
1352889,344,3,4346.44,5,4,4,544,Champions,Medium Value
1352935,445,4,4989.86,3,5,4,354,Loyal,Top Value
1353111,135,2,1203.6200000000001,5,3,2,532,Loyal,Low Value
1353218,1457,1,2852.66,1,2,3,123,Lost,Medium Value
1353398,255,5,6838.360000000001,5,5,4,554,Champions,Top Value
1353524,415,2,1502.6299999999999,4,3,2,432,Loyal,Low Value
1353538,717,4,3927.06,2,5,3,253,At Risk,Medium Value
1353582,173,2,2669.89,5,3,3,533,Loyal,Medium Value
1353710,184,3,2553.89,5,4,3,543,Loyal,Medium Value
1353804,87,2,1829.42,5,3,2,532,Loyal,Medium Value
1353831,2,2,2061.73,5,3,2,532,Loyal,Medium Value
1353843,589,5,13374.97,3,5,5,355,Loyal,Top Value
1353862,1752,1,686.0,1,2,1,121,Lost,Low Value
1353904,419,1,1001.0,4,2,2,422,Loyal,Low Value
1354052,291,2,812.9300000000001,5,3,1,531,Loyal,Low Value
1354140,404,6,20278.47,4,5,5,455,Champions,Top Value
1354143,1527,1,259.0,1,2,1,121,Lost,Low Value
1354290,527,2,3122.9300000000003,3,3,3,333,Loyal,Medium Value
1354464,459,3,5011.179999999999,3,4,4,344,Loyal,Top Value
1354487,787,1,7406.71,2,2,4,224,Lost,Top Value
1354873,381,3,4921.83,4,4,4,444,Champions,Medium Value
1355082,122,2,7154.0,5,3,4,534,Loyal,Top Value
1355134,370,3,4819.04,4,4,4,444,Champions,Medium Value
1355146,659,5,8740.039999999999,2,5,5,255,At Risk,Top Value
1355155,732,3,2080.84,2,4,2,242,Lost,Medium Value
1355355,367,3,3381.75,4,4,3,443,Loyal,Medium Value
1355953,370,3,5369.76,4,4,4,444,Champions,Top Value
1356668,396,1,2650.41,4,2,3,423,Loyal,Medium Value
1356695,254,1,4145.99,5,2,4,524,Need Attention,Medium Value
1356871,1740,1,3615.7,1,2,3,123,Lost,Medium Value
1356935,57,3,3222.95,5,4,3,543,Loyal,Medium Value
1357114,424,3,6327.85,4,4,4,444,Champions,Top Value
1357266,285,3,3137.83,5,4,3,543,Loyal,Medium Value
1357408,13,5,10655.76,5,5,5,555,Champions,Top Value
1357822,436,5,25529.31,3,5,5,355,Loyal,Top Value
1357991,1163,3,5959.36,1,4,4,144,At Risk,Top Value
1358239,901,1,1212.49,1,2,2,122,Lost,Low Value
1358670,199,2,4291.6,5,3,4,534,Loyal,Medium Value
1358676,526,1,1072.0,3,2,2,322,Loyal,Low Value
1358700,664,3,13509.16,2,4,5,245,At Risk,Top Value
1358736,727,2,4214.48,2,3,4,234,At Risk,Medium Value
1358765,412,5,20377.89,4,5,5,455,Champions,Top Value
1358803,418,3,7473.9,4,4,4,444,Champions,Top Value
1358810,956,1,17.76,1,2,1,121,Lost,Low Value
1359024,416,4,11588.7,4,5,5,455,Champions,Top Value
1359103,631,1,151.62,2,2,1,221,Lost,Low Value
1359325,435,2,5945.7,3,3,4,334,Loyal,Top Value
1359483,1357,4,7673.599999999999,1,5,5,155,At Risk,Top Value
1359629,794,1,3120.0,2,2,3,223,Lost,Medium Value
1359727,357,3,3929.36,4,4,3,443,Loyal,Medium Value
1360303,1507,1,5940.0,1,2,4,124,Lost,Top Value
1360450,365,2,2430.86,4,3,3,433,Loyal,Medium Value
1360467,198,4,13334.78,5,5,5,555,Champions,Top Value
1360550,9,7,30452.44,5,5,5,555,Champions,Top Value
1360697,499,2,1639.83,3,3,2,332,Loyal,Low Value
1360960,779,3,14079.0,2,4,5,245,At Risk,Top Value
1361042,530,7,14337.37,3,5,5,355,Loyal,Top Value
1361464,418,2,2825.38,4,3,3,433,Loyal,Medium Value
1361542,486,3,2528.84,3,4,3,343,Loyal,Medium Value
1361682,127,2,2480.0,5,3,3,533,Loyal,Medium Value
1361958,517,2,3116.87,3,3,3,333,Loyal,Medium Value
1361969,1180,1,119.8,1,2,1,121,Lost,Low Value
1362159,225,1,12893.55,5,2,5,525,Need Attention,Top Value
1362686,425,4,9614.36,4,5,5,455,Champions,Top Value
1362769,466,2,6846.67,3,3,4,334,Loyal,Top Value
1363027,15,2,4279.9400000000005,5,3,4,534,Loyal,Medium Value
1363203,646,4,7601.07,2,5,5,255,At Risk,Top Value
1363258,439,4,13440.52,3,5,5,355,Loyal,Top Value
1363404,242,6,5824.37,5,5,4,554,Champions,Top Value
1363472,1272,3,6150.67,1,4,4,144,At Risk,Top Value
1363486,94,2,3846.35,5,3,3,533,Loyal,Medium Value
1363803,299,1,25608.739999999998,5,2,5,525,Need Attention,Top Value
1364161,462,1,728.0,3,2,1,321,Loyal,Low Value
1364298,37,3,4052.9,5,4,3,543,Loyal,Medium Value
1364334,221,4,1779.87,5,5,2,552,Loyal,Medium Value
1364466,781,4,3763.4900000000002,2,5,3,253,At Risk,Medium Value
1364538,387,1,389.97,4,2,1,421,Loyal,Low Value
1364716,550,1,3597.14,3,2,3,323,Loyal,Medium Value
1365036,4,1,451.87,5,2,1,521,Loyal,Low Value
1365045,414,5,8100.88,4,5,5,455,Champions,Top Value
1365090,361,3,1427.7,4,4,2,442,Loyal,Low Value
1365154,365,3,12965.77,4,4,5,445,Champions,Top Value
1365286,740,2,731.13,2,3,1,231,Lost,Low Value
1365450,187,2,802.97,5,3,1,531,Loyal,Low Value
1365840,365,4,27223.75,4,5,5,455,Champions,Top Value
1366124,350,3,9077.18,4,4,5,445,Champions,Top Value
1366250,369,4,5645.14,4,5,4,454,Champions,Top Value
1366540,556,1,1131.99,3,2,2,322,Loyal,Low Value
1366578,645,1,298.94,2,2,1,221,Lost,Low Value
1367070,1163,3,14152.279999999999,1,4,5,145,At Risk,Top Value
1367180,257,2,13996.17,5,3,5,535,Loyal,Top Value
1367366,1083,1,51.38,1,2,1,121,Lost,Low Value
1367439,708,5,3368.0,2,5,3,253,At Risk,Medium Value
1367470,57,2,2578.5,5,3,3,533,Loyal,Medium Value
1367542,1149,2,14211.69,1,3,5,135,At Risk,Top Value
1367691,1153,2,4636.97,1,3,4,134,At Risk,Medium Value
1367711,386,4,11317.230000000001,4,5,5,455,Champions,Top Value
1367760,541,3,3325.86,3,4,3,343,Loyal,Medium Value
1367800,941,3,3362.8399999999997,1,4,3,143,At Risk,Medium Value
1367861,611,3,802.85,2,4,1,241,Lost,Low Value
1367878,411,2,2790.42,4,3,3,433,Loyal,Medium Value
1368025,1123,4,9320.380000000001,1,5,5,155,At Risk,Top Value
1368205,394,2,2533.9,4,3,3,433,Loyal,Medium Value
1368261,369,3,6151.0,4,4,4,444,Champions,Top Value
1368275,415,1,4186.99,4,2,4,424,Need Attention,Medium Value
1368341,400,3,2123.27,4,4,2,442,Loyal,Medium Value
1368371,767,1,3329.7000000000003,2,2,3,223,Lost,Medium Value
1368372,483,5,2593.7,3,5,3,353,Loyal,Medium Value
1368909,498,2,1012.62,3,3,2,332,Loyal,Low Value
1368924,848,2,5245.15,2,3,4,234,At Risk,Top Value
1369363,422,5,19671.15,4,5,5,455,Champions,Top Value
1369522,493,3,2459.97,3,4,3,343,Loyal,Medium Value
1369624,1860,1,1999.6,1,2,2,122,Lost,Medium Value
1369643,491,2,5702.8,3,3,4,334,Loyal,Top Value
1369647,53,2,659.89,5,3,1,531,Loyal,Low Value
1370349,350,3,4745.9400000000005,4,4,4,444,Champions,Medium Value
1370573,374,3,1740.14,4,4,2,442,Loyal,Medium Value
1370619,1086,2,1828.99,1,3,2,132,Lost,Medium Value
1371177,376,2,130.89,4,3,1,431,Loyal,Low Value
1371463,470,1,431.99,3,2,1,321,Loyal,Low Value
1371492,251,2,1205.39,5,3,2,532,Loyal,Low Value
1371642,373,5,13829.29,4,5,5,455,Champions,Top Value
1371777,558,6,6168.51,3,5,4,354,Loyal,Top Value
1372423,734,2,5075.39,2,3,4,234,At Risk,Top Value
1372502,367,1,256.0,4,2,1,421,Loyal,Low Value
1372748,781,1,569.9,2,2,1,221,Lost,Low Value
1372912,31,2,308.99,5,3,1,531,Loyal,Low Value
1373028,162,2,12290.68,5,3,5,535,Loyal,Top Value
1373079,443,1,211.61,3,2,1,321,Loyal,Low Value
1373140,57,4,14326.720000000001,5,5,5,555,Champions,Top Value
1373148,543,1,1600.0,3,2,2,322,Loyal,Low Value
1373363,549,6,23941.79,3,5,5,355,Loyal,Top Value
1373535,221,3,22338.170000000002,5,4,5,545,Champions,Top Value
1373561,456,5,36817.28,3,5,5,355,Loyal,Top Value
1373602,488,2,4522.82,3,3,4,334,Loyal,Medium Value
1373635,613,3,1503.87,2,4,2,242,Lost,Low Value
1373637,512,2,4838.11,3,3,4,334,Loyal,Medium Value
1373708,10,5,5234.43,5,5,4,554,Champions,Top Value
1373882,773,1,1066.0,2,2,2,222,Lost,Low Value
1374050,29,2,1406.0,5,3,2,532,Loyal,Low Value
1374276,1151,1,25.69,1,2,1,121,Lost,Low Value
1374285,498,3,7383.5,3,4,4,344,Loyal,Top Value
1374314,365,3,1743.98,4,4,2,442,Loyal,Medium Value
1374408,548,1,246.88,3,2,1,321,Loyal,Low Value
1374597,1179,1,167.56,1,2,1,121,Lost,Low Value
1374605,479,5,18705.31,3,5,5,355,Loyal,Top Value
1374776,43,1,4603.32,5,2,4,524,Need Attention,Medium Value
1375025,615,1,107.85,2,2,1,221,Lost,Low Value
1375201,1,2,4632.77,5,3,4,534,Loyal,Medium Value
1375230,394,3,21561.39,4,4,5,445,Champions,Top Value
1375827,248,7,10107.73,5,5,5,555,Champions,Top Value
1376346,817,1,1705.99,2,2,2,222,Lost,Medium Value
1376441,725,1,2777.51,2,2,3,223,Lost,Medium Value
1376585,479,3,1066.6399999999999,3,4,2,342,Loyal,Low Value
1376687,731,1,444.9,2,2,1,221,Lost,Low Value
1376798,954,1,134.8,1,2,1,121,Lost,Low Value
1376991,775,2,2740.93,2,3,3,233,At Risk,Medium Value
1377033,260,2,223.62,5,3,1,531,Loyal,Low Value
1377047,355,1,4564.95,4,2,4,424,Need Attention,Medium Value
1377152,71,1,1303.89,5,2,2,522,Loyal,Low Value
1377195,367,4,2572.63,4,5,3,453,Loyal,Medium Value
1377272,358,4,11126.34,4,5,5,455,Champions,Top Value
1377677,6,4,1315.91,5,5,2,552,Loyal,Low Value
1377680,1376,2,2774.92,1,3,3,133,At Risk,Medium Value
1377700,720,2,9258.53,2,3,5,235,At Risk,Top Value
1377713,121,2,1054.92,5,3,2,532,Loyal,Low Value
1378439,260,3,2146.09,5,4,2,542,Loyal,Medium Value
1378568,277,2,1115.83,5,3,2,532,Loyal,Low Value
1378598,740,2,4758.08,2,3,4,234,At Risk,Medium Value
1378700,1272,1,8216.97,1,2,5,125,Lost,Top Value
1378712,361,1,94.88,4,2,1,421,Loyal,Low Value
1378782,17,4,3320.06,5,5,3,553,Loyal,Medium Value
1378815,418,2,7130.969999999999,4,3,4,434,Loyal,Top Value
1378869,613,1,35.99,2,2,1,221,Lost,Low Value
1378935,236,3,5188.91,5,4,4,544,Champions,Top Value
1379027,1280,2,20076.379999999997,1,3,5,135,At Risk,Top Value
1379135,791,1,1343.83,2,2,2,222,Lost,Low Value
1379490,533,1,5112.39,3,2,4,324,Need Attention,Top Value
1380130,107,1,2776.0,5,2,3,523,Loyal,Medium Value
1380285,487,1,920.0,3,2,2,322,Loyal,Low Value
1380361,1753,1,664.55,1,2,1,121,Lost,Low Value
1380432,593,2,1215.9,3,3,2,332,Loyal,Low Value
1380510,251,3,14711.49,5,4,5,545,Champions,Top Value
1380600,563,5,3587.4,3,5,3,353,Loyal,Medium Value
1380607,1467,2,1309.73,1,3,2,132,Lost,Low Value
1380698,270,5,7497.11,5,5,5,555,Champions,Top Value
1380707,541,1,2710.85,3,2,3,323,Loyal,Medium Value
1380720,372,2,531.5,4,3,1,431,Loyal,Low Value
1380756,366,6,5733.69,4,5,4,454,Champions,Top Value
1381115,626,2,4209.99,2,3,4,234,At Risk,Medium Value
1381264,1466,1,438.0,1,2,1,121,Lost,Low Value
1381466,736,4,7924.89,2,5,5,255,At Risk,Top Value
1381554,423,2,2756.0,4,3,3,433,Loyal,Medium Value
1381579,25,2,8905.76,5,3,5,535,Loyal,Top Value
1381618,530,2,1750.51,3,3,2,332,Loyal,Medium Value
1381660,1457,1,657.0,1,2,1,121,Lost,Low Value
1381762,1467,1,1486.0,1,2,2,122,Lost,Low Value
1381883,18,8,13584.55,5,5,5,555,Champions,Top Value
1381899,596,2,5897.84,3,3,4,334,Loyal,Top Value
1382048,800,1,2671.71,2,2,3,223,Lost,Medium Value
1382192,1019,2,4541.8,1,3,4,134,At Risk,Medium Value
1382226,855,2,2790.65,2,3,3,233,At Risk,Medium Value
1382863,372,4,7068.89,4,5,4,454,Champions,Top Value
1383079,414,3,2878.16,4,4,3,443,Loyal,Medium Value
1383155,1438,1,564.0,1,2,1,121,Lost,Low Value
1383272,544,1,558.4,3,2,1,321,Loyal,Low Value
1383330,554,2,4548.97,3,3,4,334,Loyal,Medium Value
1383605,1100,4,7248.23,1,5,4,154,At Risk,Top Value
1383884,428,2,2753.8,4,3,3,433,Loyal,Medium Value
1384111,346,5,3238.2799999999997,4,5,3,453,Loyal,Medium Value
1384179,737,1,279.99,2,2,1,221,Lost,Low Value
1384221,646,1,881.4000000000001,2,2,2,222,Lost,Low Value
1384305,660,1,1614.0,2,2,2,222,Lost,Low Value
1384464,541,2,3253.81,3,3,3,333,Loyal,Medium Value
1384774,800,1,4399.96,2,2,4,224,Lost,Medium Value
1385312,365,2,4640.21,4,3,4,434,Loyal,Medium Value
1385392,915,2,271.98,1,3,1,131,Lost,Low Value
1385421,563,2,2313.0,3,3,3,333,Loyal,Medium Value
1385491,661,2,2948.84,2,3,3,233,At Risk,Medium Value
1385568,89,6,14352.14,5,5,5,555,Champions,Top Value
1385828,358,5,4540.65,4,5,4,454,Champions,Medium Value
1385904,31,3,3521.0,5,4,3,543,Loyal,Medium Value
1386224,61,4,5003.07,5,5,4,554,Champions,Top Value
1386380,362,1,1759.13,4,2,2,422,Loyal,Medium Value
1386439,549,2,28910.37,3,3,5,335,Loyal,Top Value
1386585,732,1,359.88,2,2,1,221,Lost,Low Value
1386766,413,2,62.0,4,3,1,431,Loyal,Low Value
1386809,60,1,2437.94,5,2,3,523,Loyal,Medium Value
1386844,365,2,506.98,4,3,1,431,Loyal,Low Value
1386926,289,2,2133.21,5,3,2,532,Loyal,Medium Value
1387026,815,1,312.45,2,2,1,221,Lost,Low Value
1387156,1539,1,2935.65,1,2,3,123,Lost,Medium Value
1387194,388,3,214.74,4,4,1,441,Loyal,Low Value
1387459,1298,1,779.97,1,2,1,121,Lost,Low Value
1387724,121,5,2594.69,5,5,3,553,Loyal,Medium Value
1387753,777,3,1672.1,2,4,2,242,Lost,Low Value
1387959,371,5,16195.25,4,5,5,455,Champions,Top Value
1388023,366,10,25236.97,4,5,5,455,Champions,Top Value
1388042,351,7,16882.19,4,5,5,455,Champions,Top Value
1388246,1521,1,1838.9,1,2,2,122,Lost,Medium Value
1388434,599,3,8784.9,3,4,5,345,Loyal,Top Value
1388765,290,5,6369.1900000000005,5,5,4,554,Champions,Top Value
1388801,267,6,6698.92,5,5,4,554,Champions,Top Value
1388923,1142,1,1638.0,1,2,2,122,Lost,Low Value
1389047,51,2,912.51,5,3,2,532,Loyal,Low Value
1389079,53,4,4408.06,5,5,4,554,Champions,Medium Value
1389309,916,2,5909.500000000001,1,3,4,134,At Risk,Top Value
1389310,817,1,643.88,2,2,1,221,Lost,Low Value
1389440,429,3,5072.450000000001,4,4,4,444,Champions,Top Value
1389462,1838,2,2129.92,1,3,2,132,Lost,Medium Value
1389494,412,3,2580.64,4,4,3,443,Loyal,Medium Value
1389502,355,2,2215.47,4,3,3,433,Loyal,Medium Value
1389511,467,2,16220.099999999999,3,3,5,335,Loyal,Top Value
1389527,247,2,163.45,5,3,1,531,Loyal,Low Value
1389737,379,2,5532.55,4,3,4,434,Loyal,Top Value
1389855,544,4,5763.5599999999995,3,5,4,354,Loyal,Top Value
1389867,58,6,12032.71,5,5,5,555,Champions,Top Value
1390208,750,2,5601.5,2,3,4,234,At Risk,Top Value
1390213,295,1,289.99,5,2,1,521,Loyal,Low Value
1390363,531,4,10726.51,3,5,5,355,Loyal,Top Value
1390639,365,2,3178.91,4,3,3,433,Loyal,Medium Value
1390823,379,7,7553.41,4,5,5,455,Champions,Top Value
1391057,489,4,4228.7300000000005,3,5,4,354,Loyal,Medium Value
1391155,288,2,3293.9700000000003,5,3,3,533,Loyal,Medium Value
1391230,621,1,287.0,2,2,1,221,Lost,Low Value
1391234,354,2,4062.08,4,3,3,433,Loyal,Medium Value
1391462,411,5,5661.88,4,5,4,454,Champions,Top Value
1391759,87,2,1579.8600000000001,5,3,2,532,Loyal,Low Value
1392092,155,4,10181.54,5,5,5,555,Champions,Top Value
1392223,876,2,1948.99,2,3,2,232,Lost,Medium Value
1392224,914,2,1875.52,1,3,2,132,Lost,Medium Value
1392332,430,4,8266.73,4,5,5,455,Champions,Top Value
1392371,620,5,15550.130000000001,2,5,5,255,At Risk,Top Value
1392468,783,1,438.0,2,2,1,221,Lost,Low Value
1392666,536,1,6283.42,3,2,4,324,Need Attention,Top Value
1392941,361,3,10741.93,4,4,5,445,Champions,Top Value
1393169,270,4,10483.52,5,5,5,555,Champions,Top Value
1393392,423,5,23381.99,4,5,5,455,Champions,Top Value
1393425,886,1,765.9,1,2,1,121,Lost,Low Value
1393738,1874,1,6306.39,1,2,4,124,Lost,Top Value
1394326,365,1,6195.99,4,2,4,424,Need Attention,Top Value
1394327,1123,1,230.0,1,2,1,121,Lost,Low Value
1394461,852,1,109.99,2,2,1,221,Lost,Low Value
1394921,402,2,2831.89,4,3,3,433,Loyal,Medium Value
1394970,234,4,11929.67,5,5,5,555,Champions,Top Value
1395293,62,1,568.0,5,2,1,521,Loyal,Low Value
1395383,916,1,49.99,1,2,1,121,Lost,Low Value
1395434,1585,1,984.0,1,2,2,122,Lost,Low Value
1395464,276,5,3578.3999999999996,5,5,3,553,Loyal,Medium Value
1395483,601,2,6532.77,3,3,4,334,Loyal,Top Value
1395823,798,1,1180.0,2,2,2,222,Lost,Low Value
1396425,562,3,5358.67,3,4,4,344,Loyal,Top Value
1396464,258,4,4723.46,5,5,4,554,Champions,Medium Value
1397180,158,2,2999.98,5,3,3,533,Loyal,Medium Value
1397271,286,8,10501.94,5,5,5,555,Champions,Top Value
1397593,225,4,5499.36,5,5,4,554,Champions,Top Value
1397652,741,2,2673.8100000000004,2,3,3,233,At Risk,Medium Value
1397681,645,1,1756.1100000000001,2,2,2,222,Lost,Medium Value
1398115,360,5,12492.81,4,5,5,455,Champions,Top Value
1398124,494,2,1410.28,3,3,2,332,Loyal,Low Value
1398193,1144,1,126.9,1,2,1,121,Lost,Low Value
1398592,183,3,8517.65,5,4,5,545,Champions,Top Value
1398769,353,2,2526.2,4,3,3,433,Loyal,Medium Value
1398804,1156,1,1146.39,1,2,2,122,Lost,Low Value
1398957,643,1,599.0,2,2,1,221,Lost,Low Value
1399159,607,4,2487.99,2,5,3,253,At Risk,Medium Value
1399298,921,1,149.99,1,2,1,121,Lost,Low Value
1399330,821,2,5532.17,2,3,4,234,At Risk,Top Value
1399512,619,3,7640.05,2,4,5,245,At Risk,Top Value
1399626,491,3,2463.33,3,4,3,343,Loyal,Medium Value
1400159,358,6,4586.82,4,5,4,454,Champions,Medium Value
1400201,270,2,7040.76,5,3,4,534,Loyal,Top Value
1400238,456,2,809.59,3,3,1,331,Loyal,Low Value
1400564,425,4,7838.2,4,5,5,455,Champions,Top Value
1400721,615,3,3729.91,2,4,3,243,At Risk,Medium Value
1401111,508,1,3075.0,3,2,3,323,Loyal,Medium Value
1401197,731,2,5438.4800000000005,2,3,4,234,At Risk,Top Value
1401276,475,4,9710.54,3,5,5,355,Loyal,Top Value
1401419,249,3,2228.33,5,4,3,543,Loyal,Medium Value
1401445,611,4,5140.03,2,5,4,254,At Risk,Top Value
1401578,484,5,13805.84,3,5,5,355,Loyal,Top Value
1401657,171,4,6477.59,5,5,4,554,Champions,Top Value
1401888,888,1,3876.0,1,2,3,123,Lost,Medium Value
1402036,428,4,2681.9,4,5,3,453,Loyal,Medium Value
1402096,915,3,4975.8099999999995,1,4,4,144,At Risk,Top Value
1402107,587,1,12202.0,3,2,5,325,Need Attention,Top Value
1402689,298,1,665.9,5,2,1,521,Loyal,Low Value
1402712,527,2,1389.7,3,3,2,332,Loyal,Low Value
1402836,398,6,20424.36,4,5,5,455,Champions,Top Value
1402912,473,1,32.0,3,2,1,321,Loyal,Low Value
1403355,291,4,5945.81,5,5,4,554,Champions,Top Value
1403485,1150,1,58.99,1,2,1,121,Lost,Low Value
1403777,575,1,184.5,3,2,1,321,Loyal,Low Value
1404266,981,1,32.0,1,2,1,121,Lost,Low Value
1404328,662,2,29988.88,2,3,5,235,At Risk,Top Value
1404342,295,5,11402.77,5,5,5,555,Champions,Top Value
1404633,484,1,1339.99,3,2,2,322,Loyal,Low Value
1404813,430,3,3918.68,4,4,3,443,Loyal,Medium Value
1404840,539,1,1939.73,3,2,2,322,Loyal,Medium Value
1404845,461,5,19913.96,3,5,5,355,Loyal,Top Value
1404905,463,3,4348.3,3,4,4,344,Loyal,Medium Value
1405059,38,3,3614.97,5,4,3,543,Loyal,Medium Value
1405105,552,3,6334.53,3,4,4,344,Loyal,Top Value
1405180,446,2,4492.47,3,3,4,334,Loyal,Medium Value
1405663,738,2,2355.91,2,3,3,233,At Risk,Medium Value
1405778,25,2,1542.5,5,3,2,532,Loyal,Low Value
1406079,247,2,1371.01,5,3,2,532,Loyal,Low Value
1406094,470,1,1637.3600000000001,3,2,2,322,Loyal,Low Value
1406178,65,5,6595.48,5,5,4,554,Champions,Top Value
1406216,72,3,4662.92,5,4,4,544,Champions,Medium Value
1406231,613,2,6024.25,2,3,4,234,At Risk,Top Value
1406321,641,1,400.0,2,2,1,221,Lost,Low Value
1406481,409,4,8041.639999999999,4,5,5,455,Champions,Top Value
1406906,923,1,365.79999999999995,1,2,1,121,Lost,Low Value
1407125,428,2,2212.4,4,3,3,433,Loyal,Medium Value
1407128,795,1,10617.0,2,2,5,225,Lost,Top Value
1407493,479,3,4894.360000000001,3,4,4,344,Loyal,Medium Value
1407506,544,4,6812.3,3,5,4,354,Loyal,Top Value
1407573,419,2,5505.9,4,3,4,434,Loyal,Top Value
1407578,417,3,2546.32,4,4,3,443,Loyal,Medium Value
1407626,379,2,9432.7,4,3,5,435,Loyal,Top Value
1408283,1603,1,974.96,1,2,2,122,Lost,Low Value
1408372,76,5,11638.57,5,5,5,555,Champions,Top Value
1408415,651,2,1933.57,2,3,2,232,Lost,Medium Value
1408432,895,1,788.8499999999999,1,2,1,121,Lost,Low Value
1408551,141,4,11571.28,5,5,5,555,Champions,Top Value
1409017,235,2,3031.0,5,3,3,533,Loyal,Medium Value
1409340,417,4,23868.72,4,5,5,455,Champions,Top Value
1409410,60,4,2353.82,5,5,3,553,Loyal,Medium Value
1409629,792,2,9683.75,2,3,5,235,At Risk,Top Value
1409729,627,1,2325.94,2,2,3,223,Lost,Medium Value
1409986,106,3,6075.02,5,4,4,544,Champions,Top Value
1409991,470,8,19777.52,3,5,5,355,Loyal,Top Value
1410080,122,2,419.38,5,3,1,531,Loyal,Low Value
1410180,479,3,6505.73,3,4,4,344,Loyal,Top Value
1410305,18,6,22950.98,5,5,5,555,Champions,Top Value
1410327,513,1,296.94,3,2,1,321,Loyal,Low Value
1410466,642,1,302.95,2,2,1,221,Lost,Low Value
1410514,559,4,20571.89,3,5,5,355,Loyal,Top Value
1410548,234,7,17845.84,5,5,5,555,Champions,Top Value
1410778,359,5,25017.39,4,5,5,455,Champions,Top Value
1410879,429,1,438.99,4,2,1,421,Loyal,Low Value
1410945,162,7,12255.34,5,5,5,555,Champions,Top Value
1411031,137,2,1016.99,5,3,2,532,Loyal,Low Value
1411283,487,2,8229.89,3,3,5,335,Loyal,Top Value
1411409,344,3,5507.76,5,4,4,544,Champions,Top Value
1411591,856,2,3856.89,2,3,3,233,At Risk,Medium Value
1411618,417,3,4056.0,4,4,3,443,Loyal,Medium Value
1411747,226,1,1539.6499999999999,5,2,2,522,Loyal,Low Value
1411860,786,2,3860.98,2,3,3,233,At Risk,Medium Value
1411952,1076,2,300.45,1,3,1,131,Lost,Low Value
1411983,285,1,676.1999999999999,5,2,1,521,Loyal,Low Value
1412534,346,3,2255.46,4,4,3,443,Loyal,Medium Value
1412576,536,3,4199.57,3,4,4,344,Loyal,Medium Value
1412593,416,2,220.85000000000002,4,3,1,431,Loyal,Low Value
1412621,276,2,500.35,5,3,1,531,Loyal,Low Value
1412767,388,2,1324.8,4,3,2,432,Loyal,Low Value
1412783,80,4,11765.91,5,5,5,555,Champions,Top Value
1412880,1257,1,89.98,1,2,1,121,Lost,Low Value
1412897,582,1,56.0,3,2,1,321,Loyal,Low Value
1412924,540,1,227.96,3,2,1,321,Loyal,Low Value
1412934,979,1,1402.5,1,2,2,122,Lost,Low Value
1412994,629,1,199.99,2,2,1,221,Lost,Low Value
1413042,155,3,3361.7200000000003,5,4,3,543,Loyal,Medium Value
1413086,591,4,8570.27,3,5,5,355,Loyal,Top Value
1413539,444,1,1881.0,3,2,2,322,Loyal,Medium Value
1413691,544,1,1894.0,3,2,2,322,Loyal,Medium Value
1413758,368,1,219.93,4,2,1,421,Loyal,Low Value
1413890,403,4,15791.009999999998,4,5,5,455,Champions,Top Value
1414050,736,5,14744.18,2,5,5,255,At Risk,Top Value
1414205,256,4,12468.3,5,5,5,555,Champions,Top Value
1414215,768,4,3360.56,2,5,3,253,At Risk,Medium Value
1414226,415,2,1972.8000000000002,4,3,2,432,Loyal,Medium Value
1414241,125,3,6185.82,5,4,4,544,Champions,Top Value
1414248,1018,2,4826.0,1,3,4,134,At Risk,Medium Value
1414295,110,3,7076.709999999999,5,4,4,544,Champions,Top Value
1414525,10,8,10196.84,5,5,5,555,Champions,Top Value
1414666,286,6,15045.439999999999,5,5,5,555,Champions,Top Value
1414773,1182,1,1797.0,1,2,2,122,Lost,Medium Value
1414914,559,2,2325.7,3,3,3,333,Loyal,Medium Value
1415255,275,3,4535.5,5,4,4,544,Champions,Medium Value
1415385,540,1,539.97,3,2,1,321,Loyal,Low Value
1415440,267,4,2199.77,5,5,3,553,Loyal,Medium Value
1415442,60,3,4724.92,5,4,4,544,Champions,Medium Value
1415483,412,4,3998.5,4,5,3,453,Loyal,Medium Value
1415490,639,3,1999.6699999999998,2,4,2,242,Lost,Medium Value
1415607,484,3,4891.77,3,4,4,344,Loyal,Medium Value
1416025,800,1,539.8,2,2,1,221,Lost,Low Value
1416154,866,1,345.0,2,2,1,221,Lost,Low Value
1416469,264,4,6738.61,5,5,4,554,Champions,Top Value
1416511,508,2,596.05,3,3,1,331,Loyal,Low Value
1416930,202,1,1734.0,5,2,2,522,Loyal,Medium Value
1416995,22,5,13159.82,5,5,5,555,Champions,Top Value
1417165,165,5,12244.26,5,5,5,555,Champions,Top Value
1417542,543,1,280.52,3,2,1,321,Loyal,Low Value
1417576,634,3,17530.93,2,4,5,245,At Risk,Top Value
1417693,52,6,11710.61,5,5,5,555,Champions,Top Value
1417781,1139,1,1219.0,1,2,2,122,Lost,Low Value
1418096,1481,1,4437.0,1,2,4,124,Lost,Medium Value
1418109,423,3,6359.16,4,4,4,444,Champions,Top Value
1418119,228,2,10821.949999999999,5,3,5,535,Loyal,Top Value
1418121,80,4,3692.42,5,5,3,553,Loyal,Medium Value
1418131,402,4,9535.5,4,5,5,455,Champions,Top Value
1418168,401,2,1444.38,4,3,2,432,Loyal,Low Value
1418448,368,4,4285.67,4,5,4,454,Champions,Medium Value
1418528,426,2,898.5,4,3,2,432,Loyal,Low Value
1418618,576,5,4016.57,3,5,3,353,Loyal,Medium Value
1418842,1608,1,744.32,1,2,1,121,Lost,Low Value
1418976,737,1,2038.9,2,2,2,222,Lost,Medium Value
1418988,369,3,11275.39,4,4,5,445,Champions,Top Value
1419155,815,1,2373.0,2,2,3,223,Lost,Medium Value
1419500,124,1,1118.92,5,2,2,522,Loyal,Low Value
1419573,582,3,6865.33,3,4,4,344,Loyal,Top Value
1419594,484,1,5681.45,3,2,4,324,Need Attention,Top Value
1419863,369,4,4028.75,4,5,3,453,Loyal,Medium Value
1420081,386,3,9745.95,4,4,5,445,Champions,Top Value
1420133,1521,1,772.89,1,2,1,121,Lost,Low Value
1420237,88,8,28270.19,5,5,5,555,Champions,Top Value
1420473,493,2,2153.61,3,3,2,332,Loyal,Medium Value
1420774,433,2,12511.19,4,3,5,435,Loyal,Top Value
1420996,97,3,7585.8099999999995,5,4,5,545,Champions,Top Value
1421393,183,2,3821.0,5,3,3,533,Loyal,Medium Value
1421506,620,2,5215.2,2,3,4,234,At Risk,Top Value
1421626,26,5,10934.880000000001,5,5,5,555,Champions,Top Value
1421877,473,2,10696.2,3,3,5,335,Loyal,Top Value
1421881,353,1,469.0,4,2,1,421,Loyal,Low Value
1421890,30,3,8844.65,5,4,5,545,Champions,Top Value
1421952,1342,1,200.95,1,2,1,121,Lost,Low Value
1422140,811,1,1673.0,2,2,2,222,Lost,Low Value
1422175,5,3,4912.88,5,4,4,544,Champions,Medium Value
1422363,351,1,6457.12,4,2,4,424,Need Attention,Top Value
1422377,468,1,599.06,3,2,1,321,Loyal,Low Value
1422501,1,3,4388.1900000000005,5,4,4,544,Champions,Medium Value
1422569,601,3,3298.73,3,4,3,343,Loyal,Medium Value
1422773,1137,1,3070.2299999999996,1,2,3,123,Lost,Medium Value
1422903,359,3,1743.97,4,4,2,442,Loyal,Medium Value
1423539,729,4,5717.1900000000005,2,5,4,254,At Risk,Top Value
1423675,368,2,376.95,4,3,1,431,Loyal,Low Value
1423826,260,2,7445.56,5,3,4,534,Loyal,Top Value
1423836,421,3,5280.07,4,4,4,444,Champions,Top Value
1424211,753,1,6433.2699999999995,2,2,4,224,Lost,Top Value
1424341,562,3,7471.37,3,4,4,344,Loyal,Top Value
1424488,948,1,1199.94,1,2,2,122,Lost,Low Value
1424915,984,3,13348.34,1,4,5,145,At Risk,Top Value
1425175,965,1,2186.82,1,2,3,123,Lost,Medium Value
1425307,60,4,16069.64,5,5,5,555,Champions,Top Value
1425323,1117,2,252.89,1,3,1,131,Lost,Low Value
1425386,416,2,5767.91,4,3,4,434,Loyal,Top Value
1425437,1565,1,6310.99,1,2,4,124,Lost,Top Value
1425449,363,2,3368.37,4,3,3,433,Loyal,Medium Value
1425577,654,3,2447.42,2,4,3,243,At Risk,Medium Value
1425887,421,1,627.8,4,2,1,421,Loyal,Low Value
1426096,483,5,11020.57,3,5,5,355,Loyal,Top Value
1426124,627,3,13197.32,2,4,5,245,At Risk,Top Value
1426220,374,3,2060.58,4,4,2,442,Loyal,Medium Value
1426290,421,1,40.55,4,2,1,421,Loyal,Low Value
1426777,401,5,11243.73,4,5,5,455,Champions,Top Value
1427026,391,3,6719.6,4,4,4,444,Champions,Top Value
1427132,285,6,8853.14,5,5,5,555,Champions,Top Value
1427309,61,5,8633.1,5,5,5,555,Champions,Top Value
1427357,1551,1,2774.3399999999997,1,2,3,123,Lost,Medium Value
1427596,178,3,20386.12,5,4,5,545,Champions,Top Value
1427869,379,3,2599.8599999999997,4,4,3,443,Loyal,Medium Value
1428088,655,1,747.8,2,2,1,221,Lost,Low Value
1428180,444,4,13993.380000000001,3,5,5,355,Loyal,Top Value
1428214,232,4,3771.48,5,5,3,553,Loyal,Medium Value
1428309,365,2,2140.63,4,3,2,432,Loyal,Medium Value
1428776,527,1,1104.96,3,2,2,322,Loyal,Low Value
1428812,395,2,4077.7400000000002,4,3,4,434,Loyal,Medium Value
1428814,1094,1,75.96000000000001,1,2,1,121,Lost,Low Value
1429222,712,2,667.88,2,3,1,231,Lost,Low Value
1429300,416,3,21384.61,4,4,5,445,Champions,Top Value
1429357,512,2,8760.96,3,3,5,335,Loyal,Top Value
1429587,762,2,4300.54,2,3,4,234,At Risk,Medium Value
1429691,78,2,1217.98,5,3,2,532,Loyal,Low Value
1429765,622,2,5228.5,2,3,4,234,At Risk,Top Value
1429878,30,2,2378.03,5,3,3,533,Loyal,Medium Value
1430214,654,4,2162.8900000000003,2,5,3,253,At Risk,Medium Value
1430321,298,4,2161.81,5,5,3,553,Loyal,Medium Value
1430625,778,3,7875.57,2,4,5,245,At Risk,Top Value
1430661,802,2,2611.92,2,3,3,233,At Risk,Medium Value
1430718,361,3,5831.95,4,4,4,444,Champions,Top Value
1430890,372,2,1852.3700000000001,4,3,2,432,Loyal,Medium Value
1430917,729,1,1476.0,2,2,2,222,Lost,Low Value
1430923,414,1,3783.5499999999997,4,2,3,423,Loyal,Medium Value
1431002,5,4,3427.1000000000004,5,5,3,553,Loyal,Medium Value
1431209,344,3,5326.92,5,4,4,544,Champions,Top Value
1431630,360,1,919.0,4,2,2,422,Loyal,Low Value
1431715,411,4,16196.1,4,5,5,455,Champions,Top Value
1431767,1823,1,3314.85,1,2,3,123,Lost,Medium Value
1431908,869,2,3003.65,2,3,3,233,At Risk,Medium Value
1431986,1694,1,746.67,1,2,1,121,Lost,Low Value
1432139,813,2,7488.8099999999995,2,3,4,234,At Risk,Top Value
1432379,1375,2,512.64,1,3,1,131,Lost,Low Value
1432419,106,8,28100.96,5,5,5,555,Champions,Top Value
1432652,783,3,8172.2,2,4,5,245,At Risk,Top Value
1432706,374,2,1996.85,4,3,2,432,Loyal,Medium Value
1432834,528,1,255.0,3,2,1,321,Loyal,Low Value
1432907,585,3,3414.7799999999997,3,4,3,343,Loyal,Medium Value
1433136,357,4,6700.78,4,5,4,454,Champions,Top Value
1433216,607,2,5129.6,2,3,4,234,At Risk,Top Value
1433269,571,4,3959.99,3,5,3,353,Loyal,Medium Value
1433344,787,2,5751.73,2,3,4,234,At Risk,Top Value
1433389,1095,1,1053.77,1,2,2,122,Lost,Low Value
1433539,417,2,5656.0,4,3,4,434,Loyal,Top Value
1433584,59,3,6632.599999999999,5,4,4,544,Champions,Top Value
1433628,1464,2,4025.89,1,3,3,133,At Risk,Medium Value
1433844,353,2,1124.8,4,3,2,432,Loyal,Low Value
1433991,104,4,6117.33,5,5,4,554,Champions,Top Value
1434399,1129,2,2849.63,1,3,3,133,At Risk,Medium Value
1434562,1245,1,1190.0,1,2,2,122,Lost,Low Value
1435081,714,1,1599.6799999999998,2,2,2,222,Lost,Low Value
1435185,295,1,251.0,5,2,1,521,Loyal,Low Value
1435339,211,5,6135.52,5,5,4,554,Champions,Top Value
1435532,1170,2,8449.69,1,3,5,135,At Risk,Top Value
1435829,477,1,3984.04,3,2,3,323,Loyal,Medium Value
1436054,529,3,5469.83,3,4,4,344,Loyal,Top Value
1436124,540,3,4231.7,3,4,4,344,Loyal,Medium Value
1436157,617,2,319.99,2,3,1,231,Lost,Low Value
1436857,397,4,10743.939999999999,4,5,5,455,Champions,Top Value
1436891,344,4,3601.52,5,5,3,553,Loyal,Medium Value
1437052,299,3,10335.91,5,4,5,545,Champions,Top Value
1437117,64,3,8959.97,5,4,5,545,Champions,Top Value
1437127,793,1,579.98,2,2,1,221,Lost,Low Value
1437243,550,3,1739.73,3,4,2,342,Loyal,Medium Value
1437275,589,3,11728.0,3,4,5,345,Loyal,Top Value
1437592,1839,1,5650.69,1,2,4,124,Lost,Top Value
1437644,347,2,6410.9,4,3,4,434,Loyal,Top Value
1437943,10,1,1079.9099999999999,5,2,2,522,Loyal,Low Value
1437958,780,1,4845.0,2,2,4,224,Lost,Medium Value
1437978,369,3,1539.93,4,4,2,442,Loyal,Low Value
1438050,1877,1,1000.0,1,2,2,122,Lost,Low Value
1438329,387,2,5577.0,4,3,4,434,Loyal,Top Value
1438425,911,1,2367.0,1,2,3,123,Lost,Medium Value
1438477,1816,1,1926.7,1,2,2,122,Lost,Medium Value
1438489,766,1,1157.95,2,2,2,222,Lost,Low Value
1438900,220,2,24463.949999999997,5,3,5,535,Loyal,Top Value
1438951,1215,2,10575.66,1,3,5,135,At Risk,Top Value
1439027,411,5,25847.28,4,5,5,455,Champions,Top Value
1439472,804,1,3004.39,2,2,3,223,Lost,Medium Value
1439502,410,6,19632.29,4,5,5,455,Champions,Top Value
1439788,444,2,2842.5499999999997,3,3,3,333,Loyal,Medium Value
1440032,423,2,2759.18,4,3,3,433,Loyal,Medium Value
1440047,556,4,2555.93,3,5,3,353,Loyal,Medium Value
1440061,780,1,4959.83,2,2,4,224,Lost,Top Value
1440062,538,2,1804.99,3,3,2,332,Loyal,Medium Value
1440084,529,2,1028.0,3,3,2,332,Loyal,Low Value
1440349,755,3,6509.219999999999,2,4,4,244,At Risk,Top Value
1440476,746,2,2230.95,2,3,3,233,At Risk,Medium Value
1440748,872,2,9625.28,2,3,5,235,At Risk,Top Value
1440753,953,2,750.81,1,3,1,131,Lost,Low Value
1440889,435,2,1706.73,3,3,2,332,Loyal,Medium Value
1441210,404,1,315.34000000000003,4,2,1,421,Loyal,Low Value
1441326,860,5,5140.98,2,5,4,254,At Risk,Top Value
1441384,244,5,5344.51,5,5,4,554,Champions,Top Value
1441657,358,1,129.99,4,2,1,421,Loyal,Low Value
1441731,43,2,1133.35,5,3,2,532,Loyal,Low Value
1442048,346,5,7368.85,4,5,4,454,Champions,Top Value
1442274,814,1,631.52,2,2,1,221,Lost,Low Value
1442358,283,2,930.0,5,3,2,532,Loyal,Low Value
1442626,1011,1,5140.8,1,2,4,124,Lost,Top Value
1442640,138,4,11883.75,5,5,5,555,Champions,Top Value
1442830,356,2,2974.0,4,3,3,433,Loyal,Medium Value
1442886,514,1,737.53,3,2,1,321,Loyal,Low Value
1442911,64,2,5084.29,5,3,4,534,Loyal,Top Value
1443446,349,3,4801.79,4,4,4,444,Champions,Medium Value
1443641,193,3,12748.35,5,4,5,545,Champions,Top Value
1443682,365,2,2846.56,4,3,3,433,Loyal,Medium Value
1444352,1597,1,398.93,1,2,1,121,Lost,Low Value
1444672,423,2,2571.49,4,3,3,433,Loyal,Medium Value
1444831,242,2,1270.0,5,3,2,532,Loyal,Low Value
1444901,185,6,9982.92,5,5,5,555,Champions,Top Value
1444903,424,3,10128.05,4,4,5,445,Champions,Top Value
1445061,734,2,7978.95,2,3,5,235,At Risk,Top Value
1445115,453,1,2891.6,3,2,3,323,Loyal,Medium Value
1445195,661,2,8228.83,2,3,5,235,At Risk,Top Value
1445497,892,2,4706.0,1,3,4,134,At Risk,Medium Value
1445597,925,1,115.0,1,2,1,121,Lost,Low Value
1445735,417,4,12015.62,4,5,5,455,Champions,Top Value
1446473,604,1,1476.46,3,2,2,322,Loyal,Low Value
1446919,785,1,6521.22,2,2,4,224,Lost,Top Value
1447016,365,3,4537.97,4,4,4,444,Champions,Medium Value
1447394,823,2,168.39,2,3,1,231,Lost,Low Value
1447556,1622,1,1499.94,1,2,2,122,Lost,Low Value
1448062,404,1,779.97,4,2,1,421,Loyal,Low Value
1448213,354,2,874.92,4,3,2,432,Loyal,Low Value
1448404,944,3,2198.93,1,4,3,143,At Risk,Medium Value
1448408,9,3,3106.11,5,4,3,543,Loyal,Medium Value
1448602,1189,1,6256.9,1,2,4,124,Lost,Top Value
1448616,523,2,148.61,3,3,1,331,Loyal,Low Value
1448778,1004,1,5871.17,1,2,4,124,Lost,Top Value
1449155,403,6,17658.12,4,5,5,455,Champions,Top Value
1449187,352,5,11312.58,4,5,5,455,Champions,Top Value
1449784,488,1,6.95,3,2,1,321,Loyal,Low Value
1449949,235,2,2637.35,5,3,3,533,Loyal,Medium Value
1450086,660,6,6936.5,2,5,4,254,At Risk,Top Value
1450137,1502,1,1865.52,1,2,2,122,Lost,Medium Value
1450225,23,3,3201.87,5,4,3,543,Loyal,Medium Value
1450245,425,1,1600.0,4,2,2,422,Loyal,Low Value
1450286,298,3,2957.59,5,4,3,543,Loyal,Medium Value
1450826,430,2,1827.95,4,3,2,432,Loyal,Medium Value
1451193,183,4,7874.29,5,5,5,555,Champions,Top Value
1451236,487,2,2083.0,3,3,2,332,Loyal,Medium Value
1451323,22,7,20708.89,5,5,5,555,Champions,Top Value
1451427,1446,1,1477.0,1,2,2,122,Lost,Low Value
1451431,286,3,2131.66,5,4,2,542,Loyal,Medium Value
1451466,480,4,15616.33,3,5,5,355,Loyal,Top Value
1451748,361,2,1452.8400000000001,4,3,2,432,Loyal,Low Value
1451764,360,4,4810.96,4,5,4,454,Champions,Medium Value
1451784,871,1,2878.92,2,2,3,223,Lost,Medium Value
1451919,369,5,17930.63,4,5,5,455,Champions,Top Value
1451966,457,2,10545.929999999998,3,3,5,335,Loyal,Top Value
1452039,36,4,5615.36,5,5,4,554,Champions,Top Value
1452458,489,1,2727.69,3,2,3,323,Loyal,Medium Value
1453090,880,1,438.0,1,2,1,121,Lost,Low Value
1453297,429,1,809.8499999999999,4,2,1,421,Loyal,Low Value
1453389,403,4,5787.85,4,5,4,454,Champions,Top Value
1453427,1,5,6895.6,5,5,4,554,Champions,Top Value
1453451,736,3,822.97,2,4,1,241,Lost,Low Value
1453679,274,1,717.0,5,2,1,521,Loyal,Low Value
1453776,535,2,1606.1399999999999,3,3,2,332,Loyal,Low Value
1453868,778,1,1740.72,2,2,2,222,Lost,Medium Value
1454131,416,1,1927.72,4,2,2,422,Loyal,Medium Value
1454138,132,2,1880.98,5,3,2,532,Loyal,Medium Value
1454163,647,1,3703.0,2,2,3,223,Lost,Medium Value
1454248,557,5,7161.65,3,5,4,354,Loyal,Top Value
1454859,738,1,891.0,2,2,2,222,Lost,Low Value
1454940,500,5,8964.960000000001,3,5,5,355,Loyal,Top Value
1454988,561,3,5627.92,3,4,4,344,Loyal,Top Value
1455360,729,2,4020.1400000000003,2,3,3,233,At Risk,Medium Value
1455437,743,2,2870.99,2,3,3,233,At Risk,Medium Value
1456036,368,4,10850.51,4,5,5,455,Champions,Top Value
1456078,417,3,11072.82,4,4,5,445,Champions,Top Value
1456120,212,3,2946.9300000000003,5,4,3,543,Loyal,Medium Value
1456247,383,6,10157.66,4,5,5,455,Champions,Top Value
1456404,178,3,1731.86,5,4,2,542,Loyal,Medium Value
1456891,823,1,999.8,2,2,2,222,Lost,Low Value
1457037,504,2,1524.82,3,3,2,332,Loyal,Low Value
1457192,101,3,6098.44,5,4,4,544,Champions,Top Value
1457226,732,1,1237.2,2,2,2,222,Lost,Low Value
1457268,519,2,8005.34,3,3,5,335,Loyal,Top Value
1457295,373,3,13840.289999999999,4,4,5,445,Champions,Top Value
1457391,15,6,10933.89,5,5,5,555,Champions,Top Value
1457465,262,1,12951.99,5,2,5,525,Need Attention,Top Value
1457500,351,3,3232.57,4,4,3,443,Loyal,Medium Value
1457759,1656,1,270.16,1,2,1,121,Lost,Low Value
1458164,484,3,3193.46,3,4,3,343,Loyal,Medium Value
1458301,239,7,24714.27,5,5,5,555,Champions,Top Value
1458350,358,4,1292.87,4,5,2,452,Loyal,Low Value
1458544,442,2,2502.41,3,3,3,333,Loyal,Medium Value
1458590,162,4,8812.91,5,5,5,555,Champions,Top Value
1458743,390,4,14080.2,4,5,5,455,Champions,Top Value
1458780,766,2,3372.1,2,3,3,233,At Risk,Medium Value
1458811,1313,2,3131.04,1,3,3,133,At Risk,Medium Value
1459006,268,3,11446.23,5,4,5,545,Champions,Top Value
1459686,363,3,8357.5,4,4,5,445,Champions,Top Value
1459858,375,2,1031.98,4,3,2,432,Loyal,Low Value
1459894,429,1,57.88,4,2,1,421,Loyal,Low Value
1460061,290,1,2208.2,5,2,3,523,Loyal,Medium Value
1460077,788,3,12005.5,2,4,5,245,At Risk,Top Value
1460194,354,3,2839.98,4,4,3,443,Loyal,Medium Value
1460501,563,3,23636.45,3,4,5,345,Loyal,Top Value
1460614,757,1,718.0,2,2,1,221,Lost,Low Value
1460919,433,2,1763.78,4,3,2,432,Loyal,Medium Value
1460974,366,3,6531.98,4,4,4,444,Champions,Top Value
1461001,376,2,4021.3799999999997,4,3,3,433,Loyal,Medium Value
1461020,645,1,1350.98,2,2,2,222,Lost,Low Value
1461041,591,2,3209.51,3,3,3,333,Loyal,Medium Value
1461077,736,1,666.6800000000001,2,2,1,221,Lost,Low Value
1461248,613,3,2612.38,2,4,3,243,At Risk,Medium Value
1461316,849,2,7637.0,2,3,5,235,At Risk,Top Value
1461681,158,4,6107.29,5,5,4,554,Champions,Top Value
1461845,402,3,3018.38,4,4,3,443,Loyal,Medium Value
1462148,613,2,4661.52,2,3,4,234,At Risk,Medium Value
1462224,432,3,5957.0,4,4,4,444,Champions,Top Value
1462274,808,1,1773.99,2,2,2,222,Lost,Medium Value
1462312,1541,2,9188.68,1,3,5,135,At Risk,Top Value
1462974,598,1,460.0,3,2,1,321,Loyal,Low Value
1463092,460,1,539.8,3,2,1,321,Loyal,Low Value
1463149,48,1,1816.88,5,2,2,522,Loyal,Medium Value
1463375,1018,1,4374.0,1,2,4,124,Lost,Medium Value
1463606,1,3,6383.35,5,4,4,544,Champions,Top Value
1463715,1709,1,2848.0,1,2,3,123,Lost,Medium Value
1464274,151,4,6846.87,5,5,4,554,Champions,Top Value
1464440,654,2,3277.41,2,3,3,233,At Risk,Medium Value
1464857,356,3,1997.8899999999999,4,4,2,442,Loyal,Medium Value
1464960,1469,1,3345.6,1,2,3,123,Lost,Medium Value
1465108,436,1,666.6700000000001,3,2,1,321,Loyal,Low Value
1465279,451,1,2770.99,3,2,3,323,Loyal,Medium Value
1465283,59,3,6240.58,5,4,4,544,Champions,Top Value
1465462,262,7,12948.6,5,5,5,555,Champions,Top Value
1465552,421,4,7128.72,4,5,4,454,Champions,Top Value
1465813,400,1,4087.0,4,2,4,424,Need Attention,Medium Value
1465827,393,2,1181.28,4,3,2,432,Loyal,Low Value
1465839,400,5,12242.0,4,5,5,455,Champions,Top Value
1466089,430,4,2427.73,4,5,3,453,Loyal,Medium Value
1466160,1117,1,120.0,1,2,1,121,Lost,Low Value
1466166,220,3,6262.3,5,4,4,544,Champions,Top Value
1466422,299,3,11441.81,5,4,5,545,Champions,Top Value
1466506,113,1,8.88,5,2,1,521,Loyal,Low Value
1466528,429,2,6799.71,4,3,4,434,Loyal,Top Value
1466537,397,3,1667.69,4,4,2,442,Loyal,Low Value
1466682,528,1,202.75,3,2,1,321,Loyal,Low Value
1466728,354,2,907.98,4,3,2,432,Loyal,Low Value
1467036,177,3,3623.42,5,4,3,543,Loyal,Medium Value
1467046,566,4,6088.76,3,5,4,354,Loyal,Top Value
1467054,589,2,127.91999999999999,3,3,1,331,Loyal,Low Value
1467088,631,1,299.0,2,2,1,221,Lost,Low Value
1467137,435,2,2094.9700000000003,3,3,2,332,Loyal,Medium Value
1467183,459,1,841.99,3,2,1,321,Loyal,Low Value
1467292,226,2,97.37,5,3,1,531,Loyal,Low Value
1467706,191,4,11186.07,5,5,5,555,Champions,Top Value
1468248,115,4,10188.89,5,5,5,555,Champions,Top Value
1468252,243,3,8141.7,5,4,5,545,Champions,Top Value
1469208,431,1,430.0,4,2,1,421,Loyal,Low Value
1469355,485,3,7128.46,3,4,4,344,Loyal,Top Value
1469379,610,1,957.9,2,2,2,222,Lost,Low Value
1469753,508,3,12737.41,3,4,5,345,Loyal,Top Value
1470025,198,5,5630.92,5,5,4,554,Champions,Top Value
1470076,479,2,3739.79,3,3,3,333,Loyal,Medium Value
1470332,347,3,3439.91,4,4,3,443,Loyal,Medium Value
1470398,929,1,559.0,1,2,1,121,Lost,Low Value
1470640,362,3,3142.13,4,4,3,443,Loyal,Medium Value
1470648,956,2,687.5999999999999,1,3,1,131,Lost,Low Value
1470803,1866,1,10636.41,1,2,5,125,Lost,Top Value
1470908,416,3,18243.370000000003,4,4,5,445,Champions,Top Value
1471107,288,4,18397.95,5,5,5,555,Champions,Top Value
1471304,50,3,3192.5499999999997,5,4,3,543,Loyal,Medium Value
1471397,256,6,17002.64,5,5,5,555,Champions,Top Value
1471544,486,2,5953.42,3,3,4,334,Loyal,Top Value
1472106,638,2,584.99,2,3,1,231,Lost,Low Value
1472188,1157,1,564.54,1,2,1,121,Lost,Low Value
1472278,271,2,5929.97,5,3,4,534,Loyal,Top Value
1472319,274,5,28674.32,5,5,5,555,Champions,Top Value
1472334,726,1,699.0,2,2,1,221,Lost,Low Value
1472355,801,2,4792.26,2,3,4,234,At Risk,Medium Value
1472632,514,3,4175.9400000000005,3,4,4,344,Loyal,Medium Value
1472706,766,3,6910.32,2,4,4,244,At Risk,Top Value
1472731,643,3,10208.92,2,4,5,245,At Risk,Top Value
1472942,94,2,1092.0,5,3,2,532,Loyal,Low Value
1472967,269,3,3561.98,5,4,3,543,Loyal,Medium Value
1473090,893,4,7178.47,1,5,4,154,At Risk,Top Value
1473522,394,4,21250.28,4,5,5,455,Champions,Top Value
1473690,1331,2,3526.96,1,3,3,133,At Risk,Medium Value
1474188,634,2,6251.45,2,3,4,234,At Risk,Top Value
1474189,254,2,648.9499999999999,5,3,1,531,Loyal,Low Value
1474251,375,2,7915.46,4,3,5,435,Loyal,Top Value
1474264,408,3,11316.86,4,4,5,445,Champions,Top Value
1474363,392,3,3102.26,4,4,3,443,Loyal,Medium Value
1474420,363,5,5460.64,4,5,4,454,Champions,Top Value
1474834,415,3,3305.7200000000003,4,4,3,443,Loyal,Medium Value
1475255,844,2,287.94,2,3,1,231,Lost,Low Value
1475591,614,1,1004.0,2,2,2,222,Lost,Low Value
1475761,534,3,10081.17,3,4,5,345,Loyal,Top Value
1475886,1874,1,1930.76,1,2,2,122,Lost,Medium Value
1475900,802,1,7484.19,2,2,4,224,Lost,Top Value
1476356,472,3,831.44,3,4,1,341,Loyal,Low Value
1476450,1845,1,189.98,1,2,1,121,Lost,Low Value
1476600,89,2,3120.06,5,3,3,533,Loyal,Medium Value
1476648,440,2,5018.64,3,3,4,334,Loyal,Top Value
1476747,452,2,1531.3400000000001,3,3,2,332,Loyal,Low Value
1476834,184,3,4564.969999999999,5,4,4,544,Champions,Medium Value
1476967,497,2,1604.25,3,3,2,332,Loyal,Low Value
1477324,281,5,6035.969999999999,5,5,4,554,Champions,Top Value
1477343,44,4,16071.48,5,5,5,555,Champions,Top Value
1477627,597,4,6101.64,3,5,4,354,Loyal,Top Value
1477712,233,3,1859.0300000000002,5,4,2,542,Loyal,Medium Value
1477953,219,4,5482.7,5,5,4,554,Champions,Top Value
1478150,1578,1,55.92,1,2,1,121,Lost,Low Value
1478441,1305,1,257.5,1,2,1,121,Lost,Low Value
1478481,400,2,31543.429999999997,4,3,5,435,Loyal,Top Value
1478631,1814,1,904.95,1,2,2,122,Lost,Low Value
1478691,365,1,824.9300000000001,4,2,1,421,Loyal,Low Value
1479015,1443,1,3140.9700000000003,1,2,3,123,Lost,Medium Value
1479035,1573,1,132.99,1,2,1,121,Lost,Low Value
1479117,243,4,8166.81,5,5,5,555,Champions,Top Value
1479170,471,3,138.07999999999998,3,4,1,341,Loyal,Low Value
1479334,408,3,15503.81,4,4,5,445,Champions,Top Value
1480115,536,2,3203.67,3,3,3,333,Loyal,Medium Value
1480191,1332,2,1994.91,1,3,2,132,Lost,Medium Value
1480257,347,2,4882.55,4,3,4,434,Loyal,Medium Value
1480276,445,2,4961.49,3,3,4,334,Loyal,Top Value
1480378,417,4,7263.46,4,5,4,454,Champions,Top Value
1480712,857,3,11235.369999999999,2,4,5,245,At Risk,Top Value
1480876,150,2,1514.8400000000001,5,3,2,532,Loyal,Low Value
1480890,1259,1,608.98,1,2,1,121,Lost,Low Value
1480971,18,7,15604.289999999999,5,5,5,555,Champions,Top Value
1481042,290,5,7850.98,5,5,5,555,Champions,Top Value
1481067,472,3,3094.97,3,4,3,343,Loyal,Medium Value
1481150,645,2,868.96,2,3,2,232,Lost,Low Value
1481250,579,3,4076.95,3,4,4,344,Loyal,Medium Value
1481578,485,3,619.3299999999999,3,4,1,341,Loyal,Low Value
1482039,96,7,9293.31,5,5,5,555,Champions,Top Value
1482078,792,2,1207.35,2,3,2,232,Lost,Low Value
1482176,431,2,1873.0,4,3,2,432,Loyal,Medium Value
1482325,367,4,2215.27,4,5,3,453,Loyal,Medium Value
1482467,372,3,3371.02,4,4,3,443,Loyal,Medium Value
1482513,452,5,12525.32,3,5,5,355,Loyal,Top Value
1482535,204,3,1534.6299999999999,5,4,2,542,Loyal,Low Value
1482570,500,1,3123.98,3,2,3,323,Loyal,Medium Value
1482586,1877,1,307.45,1,2,1,121,Lost,Low Value
1482831,652,2,1420.98,2,3,2,232,Lost,Low Value
1483091,662,1,3051.99,2,2,3,223,Lost,Medium Value
1483256,431,7,22975.09,4,5,5,455,Champions,Top Value
1483469,471,2,2558.61,3,3,3,333,Loyal,Medium Value
1483567,1711,1,1150.8999999999999,1,2,2,122,Lost,Low Value
1483593,503,2,2386.9,3,3,3,333,Loyal,Medium Value
1483653,405,2,2891.94,4,3,3,433,Loyal,Medium Value
1483885,1366,1,1405.95,1,2,2,122,Lost,Low Value
1484053,599,3,8742.95,3,4,5,345,Loyal,Top Value
1484131,411,3,2373.4300000000003,4,4,3,443,Loyal,Medium Value
1484183,452,6,25791.42,3,5,5,355,Loyal,Top Value
1484343,368,4,13575.13,4,5,5,455,Champions,Top Value
1484427,1151,1,1069.46,1,2,2,122,Lost,Low Value
1484484,386,4,6458.72,4,5,4,454,Champions,Top Value
1484561,90,4,12196.29,5,5,5,555,Champions,Top Value
1484738,365,2,6841.65,4,3,4,434,Loyal,Top Value
1484743,976,1,2630.32,1,2,3,123,Lost,Medium Value
1484805,722,4,9691.99,2,5,5,255,At Risk,Top Value
1484963,243,6,13136.58,5,5,5,555,Champions,Top Value
1484964,8,1,2691.95,5,2,3,523,Loyal,Medium Value
1485014,485,1,6.88,3,2,1,321,Loyal,Low Value
1485404,911,1,1811.56,1,2,2,122,Lost,Medium Value
1485415,485,4,2410.79,3,5,3,353,Loyal,Medium Value
1485548,372,3,4182.85,4,4,4,444,Champions,Medium Value
1486024,362,2,234.6,4,3,1,431,Loyal,Low Value
1486029,68,6,3355.88,5,5,3,553,Loyal,Medium Value
1486156,474,3,1968.81,3,4,2,342,Loyal,Medium Value
1486370,1086,1,1855.0,1,2,2,122,Lost,Medium Value
1486608,886,1,1878.5,1,2,2,122,Lost,Medium Value
1486720,1270,1,9195.19,1,2,5,125,Lost,Top Value
1486762,737,1,15387.76,2,2,5,225,Lost,Top Value
1486787,351,2,2536.95,4,3,3,433,Loyal,Medium Value
1486871,51,2,1340.99,5,3,2,532,Loyal,Low Value
1486879,9,1,1247.99,5,2,2,522,Loyal,Low Value
1486980,159,4,12018.77,5,5,5,555,Champions,Top Value
1487034,1604,1,7052.95,1,2,4,124,Lost,Top Value
1487198,1655,1,68.67,1,2,1,121,Lost,Low Value
1487390,439,3,3967.67,3,4,3,343,Loyal,Medium Value
1487544,397,1,4416.98,4,2,4,424,Need Attention,Medium Value
1487580,1537,1,6493.99,1,2,4,124,Lost,Top Value
1487693,528,2,1110.94,3,3,2,332,Loyal,Low Value
1487794,984,2,1202.18,1,3,2,132,Lost,Low Value
1488083,1132,2,5597.78,1,3,4,134,At Risk,Top Value
1488175,346,2,554.51,4,3,1,431,Loyal,Low Value
1488346,428,1,3649.0,4,2,3,423,Loyal,Medium Value
1488538,647,2,1499.17,2,3,2,232,Lost,Low Value
1488708,421,1,2475.95,4,2,3,423,Loyal,Medium Value
1488734,803,1,850.48,2,2,2,222,Lost,Low Value
1489054,22,8,11783.25,5,5,5,555,Champions,Top Value
1489075,80,3,3296.5,5,4,3,543,Loyal,Medium Value
1489101,1492,1,257.5,1,2,1,121,Lost,Low Value
1489110,1144,3,4150.62,1,4,4,144,At Risk,Medium Value
1489156,414,3,468.94,4,4,1,441,Loyal,Low Value
1489269,417,4,12822.77,4,5,5,455,Champions,Top Value
1489610,746,2,15778.96,2,3,5,235,At Risk,Top Value
1489650,178,1,5231.17,5,2,4,524,Need Attention,Top Value
1490044,968,1,561.9300000000001,1,2,1,121,Lost,Low Value
1490226,360,5,9770.69,4,5,5,455,Champions,Top Value
1490323,360,3,7092.389999999999,4,4,4,444,Champions,Top Value
1490471,421,5,8003.4,4,5,5,455,Champions,Top Value
1490800,879,1,462.0,1,2,1,121,Lost,Low Value
1490808,46,4,4814.05,5,5,4,554,Champions,Medium Value
1491175,421,2,7432.96,4,3,4,434,Loyal,Top Value
1491533,253,2,138.45000000000002,5,3,1,531,Loyal,Low Value
1491550,968,2,1591.98,1,3,2,132,Lost,Low Value
1491708,367,2,1046.99,4,3,2,432,Loyal,Low Value
1491746,424,2,3879.49,4,3,3,433,Loyal,Medium Value
1491814,918,3,7529.0,1,4,5,145,At Risk,Top Value
1491817,433,3,4952.78,4,4,4,444,Champions,Medium Value
1492176,58,10,29985.5,5,5,5,555,Champions,Top Value
1492661,95,4,13894.0,5,5,5,555,Champions,Top Value
1493184,897,1,2040.0,1,2,2,122,Lost,Medium Value
1493457,481,7,26102.13,3,5,5,355,Loyal,Top Value
1493539,184,5,4508.61,5,5,4,554,Champions,Medium Value
1493694,550,1,1499.0,3,2,2,322,Loyal,Low Value
1493760,1732,1,29002.99,1,2,5,125,Lost,Top Value
1493826,960,1,2066.0,1,2,2,122,Lost,Medium Value
1493947,410,3,1090.88,4,4,2,442,Loyal,Low Value
1494306,422,5,8706.57,4,5,5,455,Champions,Top Value
1494972,379,1,2500.79,4,2,3,423,Loyal,Medium Value
1495200,274,4,7482.06,5,5,4,554,Champions,Top Value
1495557,3,3,7444.61,5,4,4,544,Champions,Top Value
1495668,1593,1,1198.0,1,2,2,122,Lost,Low Value
1495710,521,2,5831.0,3,3,4,334,Loyal,Top Value
1495716,387,3,3452.72,4,4,3,443,Loyal,Medium Value
1495792,16,2,1759.28,5,3,2,532,Loyal,Medium Value
1496038,430,1,120.57,4,2,1,421,Loyal,Low Value
1496211,617,3,8390.91,2,4,5,245,At Risk,Top Value
1496288,398,1,50.0,4,2,1,421,Loyal,Low Value
1496323,919,1,6783.0,1,2,4,124,Lost,Top Value
1496360,497,1,32.0,3,2,1,321,Loyal,Low Value
1496507,834,1,53.97,2,2,1,221,Lost,Low Value
1496883,779,1,156.0,2,2,1,221,Lost,Low Value
1497151,746,2,4527.84,2,3,4,234,At Risk,Medium Value
1497629,787,1,629.88,2,2,1,221,Lost,Low Value
1497719,715,4,4077.02,2,5,4,254,At Risk,Medium Value
1497730,424,1,327.99,4,2,1,421,Loyal,Low Value
1497768,800,2,1189.99,2,3,2,232,Lost,Low Value
1498031,718,3,498.25,2,4,1,241,Lost,Low Value
1498135,712,1,199.99,2,2,1,221,Lost,Low Value
1498218,551,4,2618.36,3,5,3,353,Loyal,Medium Value
1498538,487,5,13239.08,3,5,5,355,Loyal,Top Value
1498800,291,3,12164.779999999999,5,4,5,545,Champions,Top Value
1499317,816,2,8295.92,2,3,5,235,At Risk,Top Value
1499462,715,3,4202.62,2,4,4,244,At Risk,Medium Value
1499604,782,1,25447.0,2,2,5,225,Lost,Top Value
1499630,820,1,1617.68,2,2,2,222,Lost,Low Value
1499679,506,4,6157.150000000001,3,5,4,354,Loyal,Top Value
1499911,641,1,2650.13,2,2,3,223,Lost,Medium Value
1500150,634,1,960.99,2,2,2,222,Lost,Low Value
1500269,1173,1,2158.99,1,2,2,122,Lost,Medium Value
1500391,622,3,3848.9,2,4,3,243,At Risk,Medium Value
1501073,531,1,2779.8500000000004,3,2,3,323,Loyal,Medium Value
1501127,159,3,1304.81,5,4,2,542,Loyal,Low Value
1501383,269,2,9374.99,5,3,5,535,Loyal,Top Value
1501439,55,4,13559.38,5,5,5,555,Champions,Top Value
1501443,555,2,4813.95,3,3,4,334,Loyal,Medium Value
1501608,375,2,4239.4400000000005,4,3,4,434,Loyal,Medium Value
1501626,1014,2,8083.57,1,3,5,135,At Risk,Top Value
1501704,1147,1,3879.95,1,2,3,123,Lost,Medium Value
1501746,653,4,10994.34,2,5,5,255,At Risk,Top Value
1501857,474,1,118.23,3,2,1,321,Loyal,Low Value
1502034,396,2,5360.889999999999,4,3,4,434,Loyal,Top Value
1502234,487,5,3724.32,3,5,3,353,Loyal,Medium Value
1502480,239,2,11392.81,5,3,5,535,Loyal,Top Value
1502555,592,2,495.88,3,3,1,331,Loyal,Low Value
1502567,15,3,15954.630000000001,5,4,5,545,Champions,Top Value
1502818,446,4,14426.44,3,5,5,355,Loyal,Top Value
1502837,172,3,4047.17,5,4,3,543,Loyal,Medium Value
1503301,256,5,13644.53,5,5,5,555,Champions,Top Value
1503418,187,3,8154.4400000000005,5,4,5,545,Champions,Top Value
1503489,939,1,3032.0,1,2,3,123,Lost,Medium Value
1503640,856,3,3444.06,2,4,3,243,At Risk,Medium Value
1503831,788,3,37319.88,2,4,5,245,At Risk,Top Value
1503933,55,4,7116.7,5,5,4,554,Champions,Top Value
1504078,282,3,2674.75,5,4,3,543,Loyal,Medium Value
1504102,785,1,684.0,2,2,1,221,Lost,Low Value
1504353,668,2,2512.73,2,3,3,233,At Risk,Medium Value
1504430,786,1,219.95,2,2,1,221,Lost,Low Value
1504616,757,3,9587.51,2,4,5,245,At Risk,Top Value
1504968,390,3,6259.02,4,4,4,444,Champions,Top Value
1505426,540,2,236.98,3,3,1,331,Loyal,Low Value
1505443,501,3,7037.98,3,4,4,344,Loyal,Top Value
1505785,361,1,3.35,4,2,1,421,Loyal,Low Value
1506082,726,1,188.64,2,2,1,221,Lost,Low Value
1506352,1600,1,1349.5,1,2,2,122,Lost,Low Value
1506430,1362,1,2377.45,1,2,3,123,Lost,Medium Value
1506493,353,1,758.0,4,2,1,421,Loyal,Low Value
1506511,949,2,2733.82,1,3,3,133,At Risk,Medium Value
1506603,593,2,8349.85,3,3,5,335,Loyal,Top Value
1506640,467,2,1839.35,3,3,2,332,Loyal,Medium Value
1507007,1221,2,2270.07,1,3,3,133,At Risk,Medium Value
1507090,505,2,2223.5,3,3,3,333,Loyal,Medium Value
1507348,773,1,1971.0,2,2,2,222,Lost,Medium Value
1507400,1093,2,4484.92,1,3,4,134,At Risk,Medium Value
1507519,1321,1,9161.95,1,2,5,125,Lost,Top Value
1507750,1257,2,4332.65,1,3,4,134,At Risk,Medium Value
1507791,1513,1,737.99,1,2,1,121,Lost,Low Value
1507926,298,3,4937.46,5,4,4,544,Champions,Medium Value
1508230,1550,1,759.92,1,2,1,121,Lost,Low Value
1508295,1212,1,2494.95,1,2,3,123,Lost,Medium Value
1508721,386,1,828.56,4,2,1,421,Loyal,Low Value
1509196,593,1,2238.89,3,2,3,323,Loyal,Medium Value
1509250,1668,1,202.29,1,2,1,121,Lost,Low Value
1509335,456,4,6430.02,3,5,4,354,Loyal,Top Value
1509730,544,4,8728.94,3,5,5,355,Loyal,Top Value
1509931,445,2,399.88,3,3,1,331,Loyal,Low Value
1509978,408,5,24007.11,4,5,5,455,Champions,Top Value
1510026,496,2,15792.82,3,3,5,335,Loyal,Top Value
1510144,1334,2,1355.39,1,3,2,132,Lost,Low Value
1510251,22,5,14455.400000000001,5,5,5,555,Champions,Top Value
1510449,964,1,4425.0,1,2,4,124,Lost,Medium Value
1510628,873,3,2966.86,2,4,3,243,At Risk,Medium Value
1510796,260,1,64.9,5,2,1,521,Loyal,Low Value
1511165,763,2,2924.9700000000003,2,3,3,233,At Risk,Medium Value
1511333,407,2,1881.92,4,3,2,432,Loyal,Medium Value
1511494,561,5,10443.95,3,5,5,355,Loyal,Top Value
1512083,230,2,554.51,5,3,1,531,Loyal,Low Value
1512274,2,3,10154.57,5,4,5,545,Champions,Top Value
1512289,149,4,7791.78,5,5,5,555,Champions,Top Value
1512558,395,3,4223.77,4,4,4,444,Champions,Medium Value
1512747,790,2,2044.2,2,3,2,232,Lost,Medium Value
1513100,10,2,2710.88,5,3,3,533,Loyal,Medium Value
1513119,984,2,1703.93,1,3,2,132,Lost,Medium Value
1513290,442,1,897.97,3,2,2,322,Loyal,Low Value
1513428,432,5,6057.02,4,5,4,454,Champions,Top Value
1513448,541,3,5375.25,3,4,4,344,Loyal,Top Value
1513582,537,1,1659.8,3,2,2,322,Loyal,Low Value
1513646,363,2,676.76,4,3,1,431,Loyal,Low Value
1513670,241,1,1275.96,5,2,2,522,Loyal,Low Value
1513795,426,3,2787.92,4,4,3,443,Loyal,Medium Value
1513894,932,1,2780.34,1,2,3,123,Lost,Medium Value
1513963,1518,2,1326.49,1,3,2,132,Lost,Low Value
1514006,1324,1,4335.91,1,2,4,124,Lost,Medium Value
1514093,190,4,4891.91,5,5,4,554,Champions,Medium Value
1514233,787,2,7001.18,2,3,4,234,At Risk,Top Value
1514479,730,2,3956.61,2,3,3,233,At Risk,Medium Value
1514787,275,3,9601.849999999999,5,4,5,545,Champions,Top Value
1514884,400,1,599.96,4,2,1,421,Loyal,Low Value
1514909,1586,1,529.0,1,2,1,121,Lost,Low Value
1515177,148,3,5096.42,5,4,4,544,Champions,Top Value
1515615,347,2,7853.55,4,3,5,435,Loyal,Top Value
1515621,246,3,4032.17,5,4,3,543,Loyal,Medium Value
1515698,1135,1,537.0,1,2,1,121,Lost,Low Value
1516060,388,2,405.09999999999997,4,3,1,431,Loyal,Low Value
1516123,372,2,1575.96,4,3,2,432,Loyal,Low Value
1516541,381,3,6046.59,4,4,4,444,Champions,Top Value
1516646,470,2,8381.74,3,3,5,335,Loyal,Top Value
1516885,393,2,5211.69,4,3,4,434,Loyal,Top Value
1517046,142,3,2888.99,5,4,3,543,Loyal,Medium Value
1517088,528,2,4930.16,3,3,4,334,Loyal,Medium Value
1517199,640,2,10909.58,2,3,5,235,At Risk,Top Value
1517394,855,2,640.05,2,3,1,231,Lost,Low Value
1517504,871,2,14831.28,2,3,5,235,At Risk,Top Value
1517554,43,2,2543.34,5,3,3,533,Loyal,Medium Value
1517642,31,2,899.0,5,3,2,532,Loyal,Low Value
1517700,585,1,6301.42,3,2,4,324,Need Attention,Top Value
1517783,346,2,1319.65,4,3,2,432,Loyal,Low Value
1517872,842,1,2748.64,2,2,3,223,Lost,Medium Value
1518136,372,2,3498.23,4,3,3,433,Loyal,Medium Value
1518244,275,2,780.7,5,3,1,531,Loyal,Low Value
1518437,1005,1,1490.97,1,2,2,122,Lost,Low Value
1518651,167,3,9504.64,5,4,5,545,Champions,Top Value
1519041,733,1,550.0,2,2,1,221,Lost,Low Value
1519236,302,2,9293.13,5,3,5,535,Loyal,Top Value
1519309,234,2,414.96,5,3,1,531,Loyal,Low Value
1519413,417,5,2387.91,4,5,3,453,Loyal,Medium Value
1519854,366,4,4141.57,4,5,4,454,Champions,Medium Value
1520094,484,4,6864.92,3,5,4,354,Loyal,Top Value
1520217,558,1,27.78,3,2,1,321,Loyal,Low Value
1520295,551,2,2509.99,3,3,3,333,Loyal,Medium Value
1520875,755,5,5458.65,2,5,4,254,At Risk,Top Value
1520979,463,3,2523.91,3,4,3,343,Loyal,Medium Value
1521107,367,4,8485.33,4,5,5,455,Champions,Top Value
1521358,341,1,1558.94,5,2,2,522,Loyal,Low Value
1521733,297,9,17474.39,5,5,5,555,Champions,Top Value
1521744,1153,1,897.0,1,2,2,122,Lost,Low Value
1522232,662,1,259.8,2,2,1,221,Lost,Low Value
1522440,411,4,7969.59,4,5,5,455,Champions,Top Value
1522447,466,2,4142.39,3,3,4,334,Loyal,Medium Value
1522483,1222,1,2022.94,1,2,2,122,Lost,Medium Value
1522590,458,4,6466.6900000000005,3,5,4,354,Loyal,Top Value
1522682,600,1,1472.0,3,2,2,322,Loyal,Low Value
1522843,407,3,5345.860000000001,4,4,4,444,Champions,Top Value
1522988,1261,1,215.0,1,2,1,121,Lost,Low Value
1523267,1202,1,3895.95,1,2,3,123,Lost,Medium Value
1523366,278,3,5809.95,5,4,4,544,Champions,Top Value
1523497,444,2,55.66,3,3,1,331,Loyal,Low Value
1523902,410,1,2177.0,4,2,3,423,Loyal,Medium Value
1523947,529,2,829.89,3,3,1,331,Loyal,Low Value
1523982,374,9,29008.84,4,5,5,455,Champions,Top Value
1524144,360,4,7071.84,4,5,4,454,Champions,Top Value
1524428,211,3,7228.42,5,4,4,544,Champions,Top Value
1524438,365,1,415.74,4,2,1,421,Loyal,Low Value
1524450,419,1,12.66,4,2,1,421,Loyal,Low Value
1524551,825,5,10176.24,2,5,5,255,At Risk,Top Value
1524676,998,2,684.91,1,3,1,131,Lost,Low Value
1524756,1,4,2159.83,5,5,2,552,Loyal,Medium Value
1524810,510,1,1939.0,3,2,2,322,Loyal,Medium Value
1524904,358,4,10434.84,4,5,5,455,Champions,Top Value
1525000,871,3,7571.9400000000005,2,4,5,245,At Risk,Top Value
1525002,624,3,3024.26,2,4,3,243,At Risk,Medium Value
1525015,1617,1,5276.0,1,2,4,124,Lost,Top Value
1525125,410,2,1959.49,4,3,2,432,Loyal,Medium Value
1525193,115,6,32925.03,5,5,5,555,Champions,Top Value
1525634,358,2,3756.0299999999997,4,3,3,433,Loyal,Medium Value
1525920,710,1,2266.0,2,2,3,223,Lost,Medium Value
1525943,1445,1,1991.49,1,2,2,122,Lost,Medium Value
1525958,465,3,6865.4,3,4,4,344,Loyal,Top Value
1526098,390,4,5137.7,4,5,4,454,Champions,Top Value
1526191,220,4,1815.19,5,5,2,552,Loyal,Medium Value
1526388,388,5,10774.77,4,5,5,455,Champions,Top Value
1526612,68,5,3255.07,5,5,3,553,Loyal,Medium Value
1526675,284,2,5060.639999999999,5,3,4,534,Loyal,Top Value
1526835,647,2,771.16,2,3,1,231,Lost,Low Value
1526993,416,2,1066.65,4,3,2,432,Loyal,Low Value
1527115,790,1,11.9,2,2,1,221,Lost,Low Value
1527126,393,4,7263.56,4,5,4,454,Champions,Top Value
1527475,773,1,33.0,2,2,1,221,Lost,Low Value
1527714,737,2,4228.5,2,3,4,234,At Risk,Medium Value
1527949,831,1,1359.6999999999998,2,2,2,222,Lost,Low Value
1527995,554,1,7646.84,3,2,5,325,Need Attention,Top Value
1528045,370,1,724.0,4,2,1,421,Loyal,Low Value
1528114,476,1,658.9,3,2,1,321,Loyal,Low Value
1528345,664,1,1504.99,2,2,2,222,Lost,Low Value
1528423,766,1,3792.7,2,2,3,223,Lost,Medium Value
1528439,415,4,2784.87,4,5,3,453,Loyal,Medium Value
1528611,240,3,13351.59,5,4,5,545,Champions,Top Value
1529022,660,1,8850.0,2,2,5,225,Lost,Top Value
1529235,758,2,5421.5,2,3,4,234,At Risk,Top Value
1529263,417,1,6688.9,4,2,4,424,Need Attention,Top Value
1529720,295,1,5296.299999999999,5,2,4,524,Need Attention,Top Value
1529852,463,5,5618.3099999999995,3,5,4,354,Loyal,Top Value
1529853,806,2,3241.4700000000003,2,3,3,233,At Risk,Medium Value
1529909,471,1,3432.98,3,2,3,323,Loyal,Medium Value
1529931,815,2,5543.57,2,3,4,234,At Risk,Top Value
1530535,421,4,4919.38,4,5,4,454,Champions,Medium Value
1530554,431,2,915.34,4,3,2,432,Loyal,Low Value
1530756,299,2,5748.799999999999,5,3,4,534,Loyal,Top Value
1530958,479,2,14648.33,3,3,5,335,Loyal,Top Value
1530975,296,3,7490.5,5,4,4,544,Champions,Top Value
1531024,463,5,13218.79,3,5,5,355,Loyal,Top Value
1531046,782,1,1101.6000000000001,2,2,2,222,Lost,Low Value
1531146,951,2,958.0,1,3,2,132,Lost,Low Value
1531376,925,2,1218.96,1,3,2,132,Lost,Low Value
1531435,369,2,23083.91,4,3,5,435,Loyal,Top Value
1531565,732,4,13688.4,2,5,5,255,At Risk,Top Value
1531685,18,2,5331.64,5,3,4,534,Loyal,Top Value
1531794,255,2,1246.24,5,3,2,532,Loyal,Low Value
1531796,533,4,5891.21,3,5,4,354,Loyal,Top Value
1531809,60,1,2062.35,5,2,2,522,Loyal,Medium Value
1532128,352,3,4056.38,4,4,3,443,Loyal,Medium Value
1532248,185,3,1283.8700000000001,5,4,2,542,Loyal,Low Value
1532276,445,3,10425.01,3,4,5,345,Loyal,Top Value
1532333,856,1,1886.97,2,2,2,222,Lost,Medium Value
1532522,345,6,11063.01,4,5,5,455,Champions,Top Value
1532790,1227,1,2117.46,1,2,2,122,Lost,Medium Value
1533025,843,2,2142.0,2,3,2,232,Lost,Medium Value
1533095,1240,1,12.66,1,2,1,121,Lost,Low Value
1533246,1445,1,119.99,1,2,1,121,Lost,Low Value
1533381,721,2,6997.9,2,3,4,234,At Risk,Top Value
1533401,636,2,6026.58,2,3,4,234,At Risk,Top Value
1533574,1548,1,1228.69,1,2,2,122,Lost,Low Value
1533894,50,7,8132.2,5,5,5,555,Champions,Top Value
1533906,590,3,6286.530000000001,3,4,4,344,Loyal,Top Value
1534133,460,3,1310.51,3,4,2,342,Loyal,Low Value
1534242,144,4,2475.81,5,5,3,553,Loyal,Medium Value
1534539,625,2,234.82,2,3,1,231,Lost,Low Value
1534621,781,1,2382.77,2,2,3,223,Lost,Medium Value
1534676,562,1,5359.95,3,2,4,324,Need Attention,Top Value
1534703,162,4,7253.57,5,5,4,554,Champions,Top Value
1534799,873,2,1812.97,2,3,2,232,Lost,Medium Value
1534954,799,2,2308.0,2,3,3,233,At Risk,Medium Value
1534968,726,1,8372.93,2,2,5,225,Lost,Top Value
1535089,489,4,5236.18,3,5,4,354,Loyal,Top Value
1535104,640,1,3557.8100000000004,2,2,3,223,Lost,Medium Value
1535347,69,3,9172.1,5,4,5,545,Champions,Top Value
1535357,27,5,16489.85,5,5,5,555,Champions,Top Value
1535406,892,2,4603.0,1,3,4,134,At Risk,Medium Value
1535424,474,3,2874.29,3,4,3,343,Loyal,Medium Value
1535433,423,2,1622.98,4,3,2,432,Loyal,Low Value
1535508,710,3,6991.59,2,4,4,244,At Risk,Top Value
1535646,1332,1,1187.0,1,2,2,122,Lost,Low Value
1535726,869,3,4220.0599999999995,2,4,4,244,At Risk,Medium Value
1535814,821,2,1484.28,2,3,2,232,Lost,Low Value
1536206,381,3,7469.9,4,4,4,444,Champions,Top Value
1536254,380,1,680.96,4,2,1,421,Loyal,Low Value
1536373,243,3,2325.84,5,4,3,543,Loyal,Medium Value
1536505,561,3,20272.51,3,4,5,345,Loyal,Top Value
1536966,376,4,7206.5599999999995,4,5,4,454,Champions,Top Value
1537074,736,3,6210.41,2,4,4,244,At Risk,Top Value
1537138,1509,1,3505.07,1,2,3,123,Lost,Medium Value
1537178,128,2,1027.66,5,3,2,532,Loyal,Low Value
1537343,403,3,2968.29,4,4,3,443,Loyal,Medium Value
1537435,614,5,3569.84,2,5,3,253,At Risk,Medium Value
1537459,607,1,389.97,2,2,1,221,Lost,Low Value
1537507,635,4,9779.93,2,5,5,255,At Risk,Top Value
1537589,2,3,1480.3899999999999,5,4,2,542,Loyal,Low Value
1537923,422,1,291.9,4,2,1,421,Loyal,Low Value
1538150,366,3,15711.89,4,4,5,445,Champions,Top Value
1538224,300,2,8979.51,5,3,5,535,Loyal,Top Value
1538337,269,2,182.15,5,3,1,531,Loyal,Low Value
1538436,380,2,1274.97,4,3,2,432,Loyal,Low Value
1538632,828,1,749.97,2,2,1,221,Lost,Low Value
1538662,891,2,4353.73,1,3,4,134,At Risk,Medium Value
1538667,192,2,4692.93,5,3,4,534,Loyal,Medium Value
1538685,1611,1,488.98,1,2,1,121,Lost,Low Value
1538701,1081,2,1793.78,1,3,2,132,Lost,Medium Value
1538797,778,2,1173.99,2,3,2,232,Lost,Low Value
1538902,109,2,2311.78,5,3,3,533,Loyal,Medium Value
1538967,106,4,4640.38,5,5,4,554,Champions,Medium Value
1538998,205,3,12257.03,5,4,5,545,Champions,Top Value
1539041,373,4,5738.84,4,5,4,454,Champions,Top Value
1539245,435,2,2216.6,3,3,3,333,Loyal,Medium Value
1539247,463,2,2035.7,3,3,2,332,Loyal,Medium Value
1539384,1149,1,310.42999999999995,1,2,1,121,Lost,Low Value
1539414,580,3,2389.94,3,4,3,343,Loyal,Medium Value
1539544,99,2,5885.39,5,3,4,534,Loyal,Top Value
1539575,23,5,28281.489999999998,5,5,5,555,Champions,Top Value
1539806,222,4,18757.0,5,5,5,555,Champions,Top Value
1539986,727,1,394.0,2,2,1,221,Lost,Low Value
1540067,274,4,8602.5,5,5,5,555,Champions,Top Value
1540227,584,4,7768.38,3,5,5,355,Loyal,Top Value
1540284,46,1,2885.98,5,2,3,523,Loyal,Medium Value
1540376,771,1,129.0,2,2,1,221,Lost,Low Value
1540569,739,1,930.94,2,2,2,222,Lost,Low Value
1540634,598,2,3911.8,3,3,3,333,Loyal,Medium Value
1540821,419,2,4476.77,4,3,4,434,Loyal,Medium Value
1540849,592,2,1792.5700000000002,3,3,2,332,Loyal,Medium Value
1541000,271,6,10221.18,5,5,5,555,Champions,Top Value
1541239,378,2,1002.97,4,3,2,432,Loyal,Low Value
1541249,780,2,326.55,2,3,1,231,Lost,Low Value
1541279,550,3,1431.98,3,4,2,342,Loyal,Low Value
1541470,167,1,5242.93,5,2,4,524,Need Attention,Top Value
1541474,1618,1,116.1,1,2,1,121,Lost,Low Value
1541524,4,3,32984.91,5,4,5,545,Champions,Top Value
1541789,629,5,13678.619999999999,2,5,5,255,At Risk,Top Value
1542311,1720,1,1834.0,1,2,2,122,Lost,Medium Value
1542332,381,3,6580.08,4,4,4,444,Champions,Top Value
1542481,292,2,5437.01,5,3,4,534,Loyal,Top Value
1542495,1114,3,12830.68,1,4,5,145,At Risk,Top Value
1542638,801,2,1814.57,2,3,2,232,Lost,Medium Value
1542784,150,4,9020.74,5,5,5,555,Champions,Top Value
1543271,536,1,3280.49,3,2,3,323,Loyal,Medium Value
1543325,422,8,26283.34,4,5,5,455,Champions,Top Value
1543466,397,4,20541.15,4,5,5,455,Champions,Top Value
1543863,459,2,164.9,3,3,1,331,Loyal,Low Value
1544231,808,1,335.38000000000005,2,2,1,221,Lost,Low Value
1544244,1094,1,2519.77,1,2,3,123,Lost,Medium Value
1544289,362,2,3886.9,4,3,3,433,Loyal,Medium Value
1544330,811,1,9216.79,2,2,5,225,Lost,Top Value
1544497,1810,1,2477.56,1,2,3,123,Lost,Medium Value
1544568,592,3,8134.48,3,4,5,345,Loyal,Top Value
1544577,423,4,4736.75,4,5,4,454,Champions,Medium Value
1544679,346,1,128.0,4,2,1,421,Loyal,Low Value
1544722,472,2,1375.0,3,3,2,332,Loyal,Low Value
1544819,257,4,4310.45,5,5,4,554,Champions,Medium Value
1545230,761,2,2034.9499999999998,2,3,2,232,Lost,Medium Value
1545880,449,1,1239.94,3,2,2,322,Loyal,Low Value
1545927,759,2,5126.85,2,3,4,234,At Risk,Top Value
1546247,573,1,2305.0,3,2,3,323,Loyal,Medium Value
1546540,396,3,14342.0,4,4,5,445,Champions,Top Value
1546647,278,4,3048.87,5,5,3,553,Loyal,Medium Value
1546746,660,2,1950.96,2,3,2,232,Lost,Medium Value
1546902,419,1,1050.0,4,2,2,422,Loyal,Low Value
1546927,1002,1,72.85000000000001,1,2,1,121,Lost,Low Value
1547483,731,1,1825.38,2,2,2,222,Lost,Medium Value
1547527,265,2,13451.109999999999,5,3,5,535,Loyal,Top Value
1547560,484,1,667.6,3,2,1,321,Loyal,Low Value
1547777,500,2,7554.54,3,3,5,335,Loyal,Top Value
1547810,513,1,536.0,3,2,1,321,Loyal,Low Value
1547892,822,2,1427.9,2,3,2,232,Lost,Low Value
1548057,16,2,3692.4700000000003,5,3,3,533,Loyal,Medium Value
1548257,1699,1,6136.67,1,2,4,124,Lost,Top Value
1548406,39,2,867.95,5,3,2,532,Loyal,Low Value
1548410,1146,2,11134.87,1,3,5,135,At Risk,Top Value
1548524,433,4,10542.57,4,5,5,455,Champions,Top Value
1548647,533,1,341.97,3,2,1,321,Loyal,Low Value
1548927,108,4,4541.58,5,5,4,554,Champions,Medium Value
1548942,458,3,3698.54,3,4,3,343,Loyal,Medium Value
1549048,781,3,4897.26,2,4,4,244,At Risk,Medium Value
1549412,615,2,2910.91,2,3,3,233,At Risk,Medium Value
1549476,491,1,2093.9300000000003,3,2,2,322,Loyal,Medium Value
1549671,412,3,11944.8,4,4,5,445,Champions,Top Value
1549707,351,2,3864.5,4,3,3,433,Loyal,Medium Value
1549951,792,1,2481.95,2,2,3,223,Lost,Medium Value
1549964,454,5,9277.38,3,5,5,355,Loyal,Top Value
1550192,381,2,12681.0,4,3,5,435,Loyal,Top Value
1550479,728,2,2058.86,2,3,2,232,Lost,Medium Value
1550543,463,3,16810.77,3,4,5,345,Loyal,Top Value
1550559,589,2,1973.3,3,3,2,332,Loyal,Medium Value
1551051,491,3,4421.99,3,4,4,344,Loyal,Medium Value
1551066,517,4,1447.83,3,5,2,352,Loyal,Low Value
1551319,87,3,7493.55,5,4,4,544,Champions,Top Value
1551427,1654,1,6599.9400000000005,1,2,4,124,Lost,Top Value
1551531,420,1,791.0,4,2,1,421,Loyal,Low Value
1551713,736,1,3254.22,2,2,3,223,Lost,Medium Value
1551714,793,2,763.93,2,3,1,231,Lost,Low Value
1552401,2,1,1085.86,5,2,2,522,Loyal,Low Value
1552478,468,2,2408.33,3,3,3,333,Loyal,Medium Value
1552696,390,6,4242.36,4,5,4,454,Champions,Medium Value
1552741,594,2,2714.9,3,3,3,333,Loyal,Medium Value
1553271,148,4,14128.03,5,5,5,555,Champions,Top Value
1553334,561,5,4524.8099999999995,3,5,4,354,Loyal,Medium Value
1553366,1684,1,149.0,1,2,1,121,Lost,Low Value
1553446,297,1,25.32,5,2,1,521,Loyal,Low Value
1553574,3,6,15093.38,5,5,5,555,Champions,Top Value
1553965,50,4,2810.49,5,5,3,553,Loyal,Medium Value
1554137,1863,1,1273.96,1,2,2,122,Lost,Low Value
1554303,486,2,3994.94,3,3,3,333,Loyal,Medium Value
1554591,367,1,1012.61,4,2,2,422,Loyal,Low Value
1554806,395,2,2230.96,4,3,3,433,Loyal,Medium Value
1554835,424,2,6109.92,4,3,4,434,Loyal,Top Value
1555078,603,2,1155.49,3,3,2,332,Loyal,Low Value
1555615,928,1,416.57,1,2,1,121,Lost,Low Value
1556134,739,3,3123.95,2,4,3,243,At Risk,Medium Value
1556431,527,2,3020.6,3,3,3,333,Loyal,Medium Value
1556602,25,6,26123.27,5,5,5,555,Champions,Top Value
1556707,220,2,3476.88,5,3,3,533,Loyal,Medium Value
1556976,428,2,141.93,4,3,1,431,Loyal,Low Value
1557174,1144,2,1212.38,1,3,2,132,Lost,Low Value
1557251,4,2,7452.93,5,3,4,534,Loyal,Top Value
1557502,295,1,2010.33,5,2,2,522,Loyal,Medium Value
1557593,718,2,12601.22,2,3,5,235,At Risk,Top Value
1557688,786,3,8965.960000000001,2,4,5,245,At Risk,Top Value
1557761,731,2,4875.99,2,3,4,234,At Risk,Medium Value
1557811,294,5,21219.41,5,5,5,555,Champions,Top Value
1558454,293,4,6412.530000000001,5,5,4,554,Champions,Top Value
1558511,53,1,1022.9200000000001,5,2,2,522,Loyal,Low Value
1558551,507,2,1155.5,3,3,2,332,Loyal,Low Value
1558588,260,5,3438.53,5,5,3,553,Loyal,Medium Value
1558640,561,2,3780.91,3,3,3,333,Loyal,Medium Value
1558652,654,2,4556.0,2,3,4,234,At Risk,Medium Value
1558964,370,3,3729.45,4,4,3,443,Loyal,Medium Value
1559125,738,2,729.97,2,3,1,231,Lost,Low Value
1559226,1255,1,934.5,1,2,2,122,Lost,Low Value
1559342,791,3,3704.95,2,4,3,243,At Risk,Medium Value
1559404,860,2,2006.3200000000002,2,3,2,232,Lost,Medium Value
1559552,764,4,3802.31,2,5,3,253,At Risk,Medium Value
1559597,52,3,1891.2399999999998,5,4,2,542,Loyal,Medium Value
1559711,372,5,3169.23,4,5,3,453,Loyal,Medium Value
1559760,373,4,2479.29,4,5,3,453,Loyal,Medium Value
1559820,88,4,11206.23,5,5,5,555,Champions,Top Value
1560123,903,3,7818.8,1,4,5,145,At Risk,Top Value
1560282,437,2,4275.96,3,3,4,334,Loyal,Medium Value
1560490,420,6,7001.549999999999,4,5,4,454,Champions,Top Value
1560587,470,2,10178.92,3,3,5,335,Loyal,Top Value
1560641,1504,1,476.0,1,2,1,121,Lost,Low Value
1560793,241,4,8951.34,5,5,5,555,Champions,Top Value
1561059,1586,1,345.0,1,2,1,121,Lost,Low Value
1561454,412,6,15947.26,4,5,5,455,Champions,Top Value
1561561,403,4,10508.36,4,5,5,455,Champions,Top Value
1561764,417,5,7851.26,4,5,5,455,Champions,Top Value
1561945,801,2,1689.29,2,3,2,232,Lost,Medium Value
1561955,296,4,3889.76,5,5,3,553,Loyal,Medium Value
1562024,232,3,4787.91,5,4,4,544,Champions,Medium Value
1562099,409,2,3381.71,4,3,3,433,Loyal,Medium Value
1562638,580,2,1486.7,3,3,2,332,Loyal,Low Value
1562703,778,2,6830.47,2,3,4,234,At Risk,Top Value
1562806,262,4,9950.91,5,5,5,555,Champions,Top Value
1562994,61,2,667.52,5,3,1,531,Loyal,Low Value
1563045,407,4,6805.76,4,5,4,454,Champions,Top Value
1563218,446,2,18778.02,3,3,5,335,Loyal,Top Value
1563279,355,3,5777.4,4,4,4,444,Champions,Top Value
1563724,166,7,11078.05,5,5,5,555,Champions,Top Value
1563746,296,1,13.89,5,2,1,521,Loyal,Low Value
1564311,20,4,1858.29,5,5,2,552,Loyal,Medium Value
1564394,841,1,645.88,2,2,1,221,Lost,Low Value
1564526,748,2,2397.85,2,3,3,233,At Risk,Medium Value
1564649,431,2,2704.93,4,3,3,433,Loyal,Medium Value
1564727,1110,1,218.0,1,2,1,121,Lost,Low Value
1564733,367,4,2817.2,4,5,3,453,Loyal,Medium Value
1564826,415,2,5331.460000000001,4,3,4,434,Loyal,Top Value
1564987,1132,3,482.38,1,4,1,141,Lost,Low Value
1565782,57,2,1332.0,5,3,2,532,Loyal,Low Value
1565847,387,5,9432.880000000001,4,5,5,455,Champions,Top Value
1566037,529,3,4297.9,3,4,4,344,Loyal,Medium Value
1566368,362,4,14713.560000000001,4,5,5,455,Champions,Top Value
1566584,1163,2,1467.0,1,3,2,132,Lost,Low Value
1566670,1006,1,115.0,1,2,1,121,Lost,Low Value
1566740,50,1,1536.0,5,2,2,522,Loyal,Low Value
1566742,761,3,6245.5599999999995,2,4,4,244,At Risk,Top Value
1567069,396,1,534.0,4,2,1,421,Loyal,Low Value
1567343,142,3,20667.27,5,4,5,545,Champions,Top Value
1567347,245,4,25855.159999999996,5,5,5,555,Champions,Top Value
1567503,374,2,7763.6900000000005,4,3,5,435,Loyal,Top Value
1567570,1475,1,1336.96,1,2,2,122,Lost,Low Value
1567719,773,2,2213.7799999999997,2,3,3,233,At Risk,Medium Value
1568116,428,8,18003.65,4,5,5,455,Champions,Top Value
1568316,614,2,9821.87,2,3,5,235,At Risk,Top Value
1568944,250,5,15834.33,5,5,5,555,Champions,Top Value
1569144,390,5,4001.79,4,5,3,453,Loyal,Medium Value
1569496,376,6,12192.3,4,5,5,455,Champions,Top Value
1569601,790,1,828.9399999999999,2,2,1,221,Lost,Low Value
1569702,93,2,4970.64,5,3,4,534,Loyal,Top Value
1569944,206,3,2283.32,5,4,3,543,Loyal,Medium Value
1570075,986,1,567.98,1,2,1,121,Lost,Low Value
1570164,716,4,2978.55,2,5,3,253,At Risk,Medium Value
1570185,408,2,1590.0,4,3,2,432,Loyal,Low Value
1570220,263,1,2399.6,5,2,3,523,Loyal,Medium Value
1570381,566,1,115.98,3,2,1,321,Loyal,Low Value
1570733,297,3,5498.63,5,4,4,544,Champions,Top Value
1570781,32,2,8881.359999999999,5,3,5,535,Loyal,Top Value
1570784,725,2,962.0,2,3,2,232,Lost,Low Value
1570925,78,4,7387.07,5,5,4,554,Champions,Top Value
1571048,568,2,5196.45,3,3,4,334,Loyal,Top Value
1571124,2,3,8576.57,5,4,5,545,Champions,Top Value
1571169,234,2,2411.7200000000003,5,3,3,533,Loyal,Medium Value
1571311,834,6,27283.02,2,5,5,255,At Risk,Top Value
1571374,463,2,1526.78,3,3,2,332,Loyal,Low Value
1571665,500,2,3517.91,3,3,3,333,Loyal,Medium Value
1571781,435,4,8340.64,3,5,5,355,Loyal,Top Value
1571856,569,1,43.0,3,2,1,321,Loyal,Low Value
1571957,186,5,10776.59,5,5,5,555,Champions,Top Value
1572109,379,1,121.97999999999999,4,2,1,421,Loyal,Low Value
1572157,1352,1,219.95,1,2,1,121,Lost,Low Value
1572239,420,1,269.98,4,2,1,421,Loyal,Low Value
1572283,592,2,8229.21,3,3,5,335,Loyal,Top Value
1572390,362,2,2385.9,4,3,3,433,Loyal,Medium Value
1572525,719,3,11610.9,2,4,5,245,At Risk,Top Value
1572607,737,1,1267.99,2,2,2,222,Lost,Low Value
1572714,604,1,899.75,3,2,2,322,Loyal,Low Value
1572728,1220,1,2108.9300000000003,1,2,2,122,Lost,Medium Value
1572877,365,4,10569.9,4,5,5,455,Champions,Top Value
1573050,627,2,3503.96,2,3,3,233,At Risk,Medium Value
1573316,554,1,3998.4,3,2,3,323,Loyal,Medium Value
1573427,923,3,6155.16,1,4,4,144,At Risk,Top Value
1573485,908,2,3936.0,1,3,3,133,At Risk,Medium Value
1574202,633,2,1036.5900000000001,2,3,2,232,Lost,Low Value
1574270,1244,1,299.9,1,2,1,121,Lost,Low Value
1574290,1549,1,2671.4900000000002,1,2,3,123,Lost,Medium Value
1574307,475,4,8326.66,3,5,5,355,Loyal,Top Value
1574553,415,2,3544.76,4,3,3,433,Loyal,Medium Value
1574605,921,2,2503.07,1,3,3,133,At Risk,Medium Value
1575066,60,2,396.52,5,3,1,531,Loyal,Low Value
1575457,408,5,5028.33,4,5,4,454,Champions,Top Value
1575584,78,3,4051.79,5,4,3,543,Loyal,Medium Value
1575642,373,3,5227.06,4,4,4,444,Champions,Top Value
1575801,387,3,12323.23,4,4,5,445,Champions,Top Value
1575920,416,1,16.169999999999998,4,2,1,421,Loyal,Low Value
1576331,421,7,13990.92,4,5,5,455,Champions,Top Value
1576374,485,2,338.06,3,3,1,331,Loyal,Low Value
1576532,166,3,2558.61,5,4,3,543,Loyal,Medium Value
1576610,509,1,735.2,3,2,1,321,Loyal,Low Value
1576676,208,3,13665.320000000002,5,4,5,545,Champions,Top Value
1577191,428,4,4695.38,4,5,4,454,Champions,Medium Value
1577297,424,5,10358.9,4,5,5,455,Champions,Top Value
1577472,178,2,4951.08,5,3,4,534,Loyal,Medium Value
1577535,652,3,6341.22,2,4,4,244,At Risk,Top Value
1577659,267,8,10536.15,5,5,5,555,Champions,Top Value
1577700,428,3,7323.76,4,4,4,444,Champions,Top Value
1577921,528,1,828.07,3,2,1,321,Loyal,Low Value
1578249,788,2,3341.24,2,3,3,233,At Risk,Medium Value
1578933,416,3,473.96,4,4,1,441,Loyal,Low Value
1579183,375,10,35780.33,4,5,5,455,Champions,Top Value
1579553,46,2,4366.26,5,3,4,534,Loyal,Medium Value
1579735,555,3,3688.45,3,4,3,343,Loyal,Medium Value
1579793,970,3,4218.89,1,4,4,144,At Risk,Medium Value
1579839,258,3,7145.99,5,4,4,544,Champions,Top Value
1579971,1685,1,3071.9,1,2,3,123,Lost,Medium Value
1579996,710,3,8521.48,2,4,5,245,At Risk,Top Value
1579999,515,1,25.69,3,2,1,321,Loyal,Low Value
1580391,734,1,694.99,2,2,1,221,Lost,Low Value
1580459,344,4,4929.52,5,5,4,554,Champions,Medium Value
1581139,129,1,1006.8100000000001,5,2,2,522,Loyal,Low Value
1581375,779,1,260.96,2,2,1,221,Lost,Low Value
1581545,397,2,7895.99,4,3,5,435,Loyal,Top Value
1581565,887,1,188.5,1,2,1,121,Lost,Low Value
1581788,456,2,1590.69,3,3,2,332,Loyal,Low Value
1581888,370,7,10493.83,4,5,5,455,Champions,Top Value
1581992,828,3,2939.8,2,4,3,243,At Risk,Medium Value
1582077,942,2,298.89,1,3,1,131,Lost,Low Value
1582099,540,2,7021.95,3,3,4,334,Loyal,Top Value
1582192,484,2,2788.91,3,3,3,333,Loyal,Medium Value
1582197,981,1,3675.88,1,2,3,123,Lost,Medium Value
1582515,521,1,4066.8199999999997,3,2,3,323,Loyal,Medium Value
1582605,430,2,1403.25,4,3,2,432,Loyal,Low Value
1582684,409,3,4363.64,4,4,4,444,Champions,Medium Value
1582685,640,3,682.29,2,4,1,241,Lost,Low Value
1582741,400,5,4288.7,4,5,4,454,Champions,Medium Value
1582814,568,1,155.36,3,2,1,321,Loyal,Low Value
1583170,274,4,4405.07,5,5,4,554,Champions,Medium Value
1583342,400,4,4802.28,4,5,4,454,Champions,Medium Value
1583359,758,3,1402.01,2,4,2,242,Lost,Low Value
1583546,564,1,2826.6800000000003,3,2,3,323,Loyal,Medium Value
1583625,50,4,4542.55,5,5,4,554,Champions,Medium Value
1583892,662,4,9955.619999999999,2,5,5,255,At Risk,Top Value
1583943,893,1,1999.6,1,2,2,122,Lost,Medium Value
1584109,1861,1,184.5,1,2,1,121,Lost,Low Value
1584520,864,2,2264.8,2,3,3,233,At Risk,Medium Value
1584962,365,4,5360.71,4,5,4,454,Champions,Top Value
1585026,418,2,1242.8400000000001,4,3,2,432,Loyal,Low Value
1585030,374,1,3329.8,4,2,3,423,Loyal,Medium Value
1585075,530,2,249.09,3,3,1,331,Loyal,Low Value
1585149,367,4,23348.98,4,5,5,455,Champions,Top Value
1585185,420,4,12610.51,4,5,5,455,Champions,Top Value
1585352,421,1,2576.0,4,2,3,423,Loyal,Medium Value
1585631,382,2,9902.329999999998,4,3,5,435,Loyal,Top Value
1585758,400,2,4853.13,4,3,4,434,Loyal,Medium Value
1585780,235,3,2274.32,5,4,3,543,Loyal,Medium Value
1585839,365,2,1864.31,4,3,2,432,Loyal,Medium Value
1585904,491,2,2646.96,3,3,3,333,Loyal,Medium Value
1585932,365,5,14727.25,4,5,5,455,Champions,Top Value
1586325,361,3,6718.33,4,4,4,444,Champions,Top Value
1586481,354,2,2251.51,4,3,3,433,Loyal,Medium Value
1586491,611,4,5931.08,2,5,4,254,At Risk,Top Value
1586575,449,2,4175.69,3,3,4,334,Loyal,Medium Value
1586587,388,3,4305.27,4,4,4,444,Champions,Medium Value
1586604,795,1,613.0,2,2,1,221,Lost,Low Value
1586620,407,2,884.6,4,3,2,432,Loyal,Low Value
1587170,345,2,2842.99,4,3,3,433,Loyal,Medium Value
1587252,629,1,534.97,2,2,1,221,Lost,Low Value
1587288,1457,1,759.95,1,2,1,121,Lost,Low Value
1587485,1706,1,499.95,1,2,1,121,Lost,Low Value
1587609,589,2,2435.9399999999996,3,3,3,333,Loyal,Medium Value
1587863,260,2,7326.67,5,3,4,534,Loyal,Top Value
1588014,773,3,6988.08,2,4,4,244,At Risk,Top Value
1588361,400,8,29915.8,4,5,5,455,Champions,Top Value
1588395,529,2,20762.0,3,3,5,335,Loyal,Top Value
1588449,926,3,6989.32,1,4,4,144,At Risk,Top Value
1588479,52,3,1426.71,5,4,2,542,Loyal,Low Value
1588825,389,4,2478.29,4,5,3,453,Loyal,Medium Value
1589180,72,1,200.0,5,2,1,521,Loyal,Low Value
1589348,106,5,15048.01,5,5,5,555,Champions,Top Value
1589387,425,3,10991.17,4,4,5,445,Champions,Top Value
1589445,414,1,3313.2,4,2,3,423,Loyal,Medium Value
1589664,572,2,3373.81,3,3,3,333,Loyal,Medium Value
1589671,464,1,140.26,3,2,1,321,Loyal,Low Value
1589810,550,4,7885.209999999999,3,5,5,355,Loyal,Top Value
1589934,967,1,1132.97,1,2,2,122,Lost,Low Value
1589958,361,3,5696.05,4,4,4,444,Champions,Top Value
1590155,645,2,1164.63,2,3,2,232,Lost,Low Value
1590257,477,6,10669.21,3,5,5,355,Loyal,Top Value
1590518,60,4,4772.21,5,5,4,554,Champions,Medium Value
1590619,1156,2,6589.12,1,3,4,134,At Risk,Top Value
1590912,722,3,4116.92,2,4,4,244,At Risk,Medium Value
1590949,824,2,4438.51,2,3,4,234,At Risk,Medium Value
1591113,563,4,8911.01,3,5,5,355,Loyal,Top Value
1591484,66,2,13463.49,5,3,5,535,Loyal,Top Value
1591550,555,1,7996.39,3,2,5,325,Need Attention,Top Value
1591588,379,1,462.0,4,2,1,421,Loyal,Low Value
1591623,300,1,1599.6,5,2,2,522,Loyal,Low Value
1591779,813,1,3082.0,2,2,3,223,Lost,Medium Value
1591782,514,1,2473.5,3,2,3,323,Loyal,Medium Value
1591884,435,2,10562.650000000001,3,3,5,335,Loyal,Top Value
1591998,1074,2,520.9,1,3,1,131,Lost,Low Value
1592095,382,2,2372.91,4,3,3,433,Loyal,Medium Value
1592128,1157,1,72.93,1,2,1,121,Lost,Low Value
1592197,398,2,3932.0,4,3,3,433,Loyal,Medium Value
1592335,8,2,5136.12,5,3,4,534,Loyal,Top Value
1592367,737,4,1264.69,2,5,2,252,Lost,Low Value
1592400,58,4,22217.99,5,5,5,555,Champions,Top Value
1592559,44,1,41.94,5,2,1,521,Loyal,Low Value
1592592,831,2,404.13,2,3,1,231,Lost,Low Value
1592641,455,2,14829.11,3,3,5,335,Loyal,Top Value
1592800,1746,2,1731.8200000000002,1,3,2,132,Lost,Medium Value
1592930,756,3,4819.5599999999995,2,4,4,244,At Risk,Medium Value
1593111,519,3,8296.640000000001,3,4,5,345,Loyal,Top Value
1593191,1529,1,800.0,1,2,1,121,Lost,Low Value
1593756,801,1,2123.68,2,2,2,222,Lost,Medium Value
1593888,500,4,5482.6900000000005,3,5,4,354,Loyal,Top Value
1594010,6,3,6047.62,5,4,4,544,Champions,Top Value
1594074,729,1,2313.36,2,2,3,223,Lost,Medium Value
1594267,351,6,4846.54,4,5,4,454,Champions,Medium Value
1594272,429,3,32867.0,4,4,5,445,Champions,Top Value
1594290,927,2,2418.4,1,3,3,133,At Risk,Medium Value
1594429,1119,1,10564.95,1,2,5,125,Lost,Top Value
1594465,852,2,2328.35,2,3,3,233,At Risk,Medium Value
1594579,887,2,5740.25,1,3,4,134,At Risk,Top Value
1594791,235,4,9308.74,5,5,5,555,Champions,Top Value
1594853,37,1,4396.57,5,2,4,524,Need Attention,Medium Value
1594919,190,3,7243.96,5,4,4,544,Champions,Top Value
1595354,578,1,50.54,3,2,1,321,Loyal,Low Value
1595386,785,2,2788.8100000000004,2,3,3,233,At Risk,Medium Value
1595510,403,2,2919.52,4,3,3,433,Loyal,Medium Value
1595518,460,1,4619.0,3,2,4,324,Need Attention,Medium Value
1595569,134,1,70.13,5,2,1,521,Loyal,Low Value
1595616,878,1,15380.09,1,2,5,125,Lost,Top Value
1595646,521,2,430.89,3,3,1,331,Loyal,Low Value
1596027,449,6,6049.88,3,5,4,354,Loyal,Top Value
1596238,632,3,6181.67,2,4,4,244,At Risk,Top Value
1596264,466,6,11996.4,3,5,5,355,Loyal,Top Value
1596639,491,1,2526.0,3,2,3,323,Loyal,Medium Value
1596830,289,2,455.39,5,3,1,531,Loyal,Low Value
1596943,978,1,1900.6100000000001,1,2,2,122,Lost,Medium Value
1597238,626,1,149.99,2,2,1,221,Lost,Low Value
1597329,354,3,2739.5,4,4,3,443,Loyal,Medium Value
1597913,586,1,396.0,3,2,1,321,Loyal,Low Value
1598422,531,3,7440.09,3,4,4,344,Loyal,Top Value
1598675,607,3,18334.21,2,4,5,245,At Risk,Top Value
1598894,295,3,2097.1699999999996,5,4,2,542,Loyal,Medium Value
1599193,650,2,3884.9,2,3,3,233,At Risk,Medium Value
1599307,878,3,2675.0,1,4,3,143,At Risk,Medium Value
1599316,543,1,650.99,3,2,1,321,Loyal,Low Value
1599489,646,1,6448.969999999999,2,2,4,224,Lost,Top Value
1599683,746,6,14695.119999999999,2,5,5,255,At Risk,Top Value
1599697,234,3,2907.1499999999996,5,4,3,543,Loyal,Medium Value
1599716,396,3,797.48,4,4,1,441,Loyal,Low Value
1599863,416,2,4140.0199999999995,4,3,4,434,Loyal,Medium Value
1599869,421,2,3603.66,4,3,3,433,Loyal,Medium Value
1599966,813,2,2626.91,2,3,3,233,At Risk,Medium Value
1599978,101,3,4084.4300000000003,5,4,4,544,Champions,Medium Value
1600031,477,2,265.98,3,3,1,331,Loyal,Low Value
1600297,560,1,997.12,3,2,2,322,Loyal,Low Value
1600419,99,6,21952.57,5,5,5,555,Champions,Top Value
1600674,733,1,3194.1,2,2,3,223,Lost,Medium Value
1600939,929,2,5111.11,1,3,4,134,At Risk,Top Value
1600965,380,4,7636.9,4,5,5,455,Champions,Top Value
1601116,561,2,768.35,3,3,1,331,Loyal,Low Value
1601287,732,3,3027.83,2,4,3,243,At Risk,Medium Value
1601341,172,2,2529.69,5,3,3,533,Loyal,Medium Value
1601387,416,5,12128.16,4,5,5,455,Champions,Top Value
1601425,569,1,127.54,3,2,1,321,Loyal,Low Value
1601798,479,2,686.8,3,3,1,331,Loyal,Low Value
1602280,432,1,7291.6,4,2,4,424,Need Attention,Top Value
1602426,89,8,14128.86,5,5,5,555,Champions,Top Value
1602459,414,6,8014.26,4,5,5,455,Champions,Top Value
1602496,407,2,7202.69,4,3,4,434,Loyal,Top Value
1602848,603,2,2319.84,3,3,3,333,Loyal,Medium Value
1603055,478,2,1967.93,3,3,2,332,Loyal,Medium Value
1603158,558,3,23650.11,3,4,5,345,Loyal,Top Value
1603395,1111,2,6054.6,1,3,4,134,At Risk,Top Value
1603545,1557,1,717.35,1,2,1,121,Lost,Low Value
1604035,543,2,5482.34,3,3,4,334,Loyal,Top Value
1604064,976,2,1989.33,1,4,2,142,Lost,Medium Value
1604181,756,1,2693.99,2,2,3,223,Lost,Medium Value
1604320,978,1,3447.8,1,2,3,123,Lost,Medium Value
1604366,523,2,1838.97,3,4,2,342,Loyal,Medium Value
1604371,418,4,2797.2599999999998,4,5,3,453,Loyal,Medium Value
1604428,746,4,2975.84,2,5,3,253,At Risk,Medium Value
1605025,817,2,778.16,2,4,1,241,Lost,Low Value
1605063,248,1,5394.0,5,2,4,524,Need Attention,Top Value
1605189,877,2,1901.97,2,4,2,242,Lost,Medium Value
1605337,407,6,6525.71,4,5,4,454,Champions,Top Value
1605350,360,7,7557.04,4,5,5,455,Champions,Top Value
1605500,382,3,2209.38,4,4,3,443,Loyal,Medium Value
1605807,871,4,864.63,2,5,2,252,Lost,Low Value
1606396,228,2,6356.66,5,4,4,544,Champions,Top Value
1606420,1739,1,4250.0,1,2,4,124,Lost,Medium Value
1606628,46,3,4704.2699999999995,5,4,4,544,Champions,Medium Value
1606629,374,2,3087.08,4,4,3,443,Loyal,Medium Value
1606675,1193,2,3546.99,1,4,3,143,At Risk,Medium Value
1606767,1391,1,79.8,1,2,1,121,Lost,Low Value
1606792,270,3,2518.94,5,4,3,543,Loyal,Medium Value
1606868,1097,1,115.76,1,2,1,121,Lost,Low Value
1607033,519,2,3600.3599999999997,3,4,3,343,Loyal,Medium Value
1607034,285,2,7939.4,5,4,5,545,Champions,Top Value
1607152,992,1,598.0,1,2,1,121,Lost,Low Value
1607269,445,3,1829.49,3,4,2,342,Loyal,Medium Value
1607584,158,3,13025.1,5,4,5,545,Champions,Top Value
1608129,799,2,2401.91,2,4,3,243,At Risk,Medium Value
1608153,429,1,31.55,4,2,1,421,Loyal,Low Value
1608259,295,4,9912.84,5,5,5,555,Champions,Top Value
1608505,736,2,1117.98,2,4,2,242,Lost,Low Value
1608553,290,3,2784.02,5,4,3,543,Loyal,Medium Value
1608642,444,1,210.39,3,2,1,321,Loyal,Low Value
1608686,785,1,2534.0,2,2,3,223,Lost,Medium Value
1608818,164,1,53.28,5,2,1,521,Loyal,Low Value
1609030,801,1,710.75,2,2,1,221,Lost,Low Value
1609149,342,4,11164.81,5,5,5,555,Champions,Top Value
1609162,451,2,2428.7599999999998,3,4,3,343,Loyal,Medium Value
1609340,584,1,219.98,3,2,1,321,Loyal,Low Value
1609370,521,1,159.9,3,2,1,321,Loyal,Low Value
1609568,549,1,503.61,3,2,1,321,Loyal,Low Value
1609589,375,5,10945.04,4,5,5,455,Champions,Top Value
1609703,3,3,1985.58,5,4,2,542,Loyal,Medium Value
1609870,445,3,1121.17,3,4,2,342,Loyal,Low Value
1610011,444,3,16483.69,3,4,5,345,Loyal,Top Value
1610092,277,4,2544.0,5,5,3,553,Loyal,Medium Value
1610098,450,9,20458.22,3,5,5,355,Loyal,Top Value
1610147,412,4,7076.09,4,5,4,454,Champions,Top Value
1610211,467,2,343.89,3,4,1,341,Loyal,Low Value
1610770,264,4,26692.76,5,5,5,555,Champions,Top Value
1611379,428,1,101.99,4,2,1,421,Loyal,Low Value
1611553,415,2,2188.86,4,4,3,443,Loyal,Medium Value
1611777,389,3,3596.8,4,4,3,443,Loyal,Medium Value
1611795,795,1,160.23000000000002,2,2,1,221,Lost,Low Value
1611906,458,1,41.67,3,2,1,321,Loyal,Low Value
1611938,893,2,4902.9400000000005,1,4,4,144,At Risk,Medium Value
1612400,52,3,5968.0,5,4,4,544,Champions,Top Value
1612490,16,3,4264.49,5,4,4,544,Champions,Medium Value
1612496,290,2,703.31,5,4,1,541,Loyal,Low Value
1612511,585,3,2121.83,3,4,2,342,Loyal,Medium Value
1612752,546,2,7262.48,3,4,4,344,Loyal,Top Value
1613129,381,4,2266.5699999999997,4,5,3,453,Loyal,Medium Value
1613178,370,2,3438.19,4,4,3,443,Loyal,Medium Value
1613285,115,3,9428.98,5,4,5,545,Champions,Top Value
1613362,205,6,4585.33,5,5,4,554,Champions,Medium Value
1613518,926,1,3597.4199999999996,1,2,3,123,Lost,Medium Value
1613605,733,1,832.0,2,2,1,221,Lost,Low Value
1613767,354,4,5207.860000000001,4,5,4,454,Champions,Top Value
1613977,242,3,10071.27,5,4,5,545,Champions,Top Value
1614019,3,4,14328.240000000002,5,5,5,555,Champions,Top Value
1614150,442,1,1002.9100000000001,3,2,2,322,Loyal,Low Value
1614172,470,3,1819.14,3,4,2,342,Loyal,Medium Value
1614592,195,3,2103.27,5,4,2,542,Loyal,Medium Value
1615113,225,3,6591.45,5,4,4,544,Champions,Top Value
1615254,926,1,888.0,1,2,2,122,Lost,Low Value
1615340,65,1,161.72,5,2,1,521,Loyal,Low Value
1615716,726,2,481.99,2,4,1,241,Lost,Low Value
1615839,261,3,1725.31,5,4,2,542,Loyal,Medium Value
1616131,236,5,5705.9400000000005,5,5,4,554,Champions,Top Value
1616162,983,4,2144.67,1,5,2,152,Lost,Medium Value
1616350,425,7,5403.07,4,5,4,454,Champions,Top Value
1616392,368,1,203.61,4,2,1,421,Loyal,Low Value
1616456,598,2,6386.7,3,4,4,344,Loyal,Top Value
1616678,551,2,2140.36,3,4,2,342,Loyal,Medium Value
1616770,470,2,5214.88,3,4,4,344,Loyal,Top Value
1616811,745,1,2300.0,2,2,3,223,Lost,Medium Value
1617106,571,3,2228.5,3,4,3,343,Loyal,Medium Value
1617142,191,3,3163.94,5,4,3,543,Loyal,Medium Value
1617935,641,1,109.99,2,2,1,221,Lost,Low Value
1618133,795,1,854.0,2,2,2,222,Lost,Low Value
1618221,299,4,15692.41,5,5,5,555,Champions,Top Value
1618248,276,3,5456.45,5,4,4,544,Champions,Top Value
1618288,206,2,197.96,5,4,1,541,Loyal,Low Value
1618347,535,2,2924.94,3,4,3,343,Loyal,Medium Value
1618469,712,1,627.0,2,2,1,221,Lost,Low Value
1618514,64,4,6494.55,5,5,4,554,Champions,Top Value
1618579,116,5,4591.29,5,5,4,554,Champions,Medium Value
1618654,894,1,43.0,1,2,1,121,Lost,Low Value
1618759,615,1,6142.5,2,2,4,224,Lost,Top Value
1618878,716,2,567.0,2,4,1,241,Lost,Low Value
1618921,211,6,8108.94,5,5,5,555,Champions,Top Value
1618950,1081,2,21143.460000000003,1,4,5,145,At Risk,Top Value
1619118,1368,1,800.0,1,2,1,121,Lost,Low Value
1620094,1284,1,1629.99,1,2,2,122,Lost,Low Value
1620151,362,2,6492.24,4,4,4,444,Champions,Top Value
1620519,598,2,8311.98,3,4,5,345,Loyal,Top Value
1620615,428,2,502.76,4,4,1,441,Loyal,Low Value
1620629,422,3,6886.75,4,4,4,444,Champions,Top Value
1621290,545,2,2015.0,3,4,2,342,Loyal,Medium Value
1621370,345,4,3115.5699999999997,4,5,3,453,Loyal,Medium Value
1621372,1097,1,1988.07,1,2,2,122,Lost,Medium Value
1621469,764,2,2016.79,2,4,2,242,Lost,Medium Value
1621752,831,2,941.79,2,4,2,242,Lost,Low Value
1621778,1478,2,3498.9700000000003,1,4,3,143,At Risk,Medium Value
1621832,190,5,7528.82,5,5,5,555,Champions,Top Value
1622140,36,2,629.97,5,4,1,541,Loyal,Low Value
1622508,1075,2,3143.75,1,4,3,143,At Risk,Medium Value
1622857,499,3,2074.95,3,4,2,342,Loyal,Medium Value
1623146,218,1,4387.67,5,2,4,524,Need Attention,Medium Value
1623262,620,1,1299.0,2,2,2,222,Lost,Low Value
1623290,598,1,411.0,3,2,1,321,Loyal,Low Value
1623592,788,1,4403.9400000000005,2,2,4,224,Lost,Medium Value
1624025,512,2,835.2,3,4,1,341,Loyal,Low Value
1624159,348,1,2559.88,4,2,3,423,Loyal,Medium Value
1624311,393,6,8408.79,4,5,5,455,Champions,Top Value
1624323,768,2,2555.7,2,4,3,243,At Risk,Medium Value
1624456,540,2,638.0799999999999,3,4,1,341,Loyal,Low Value
1624573,363,4,7184.15,4,5,4,454,Champions,Top Value
1625065,1072,3,9619.029999999999,1,4,5,145,At Risk,Top Value
1625232,451,4,3796.9,3,5,3,353,Loyal,Medium Value
1625255,769,1,6212.6,2,2,4,224,Lost,Top Value
1625297,6,6,11191.79,5,5,5,555,Champions,Top Value
1625704,372,5,15712.54,4,5,5,455,Champions,Top Value
1625870,778,2,12291.83,2,4,5,245,At Risk,Top Value
1625909,638,2,15193.0,2,4,5,245,At Risk,Top Value
1626189,615,4,5458.84,2,5,4,254,At Risk,Top Value
1626576,1214,1,1754.99,1,2,2,122,Lost,Medium Value
1626614,556,2,832.6,3,4,1,341,Loyal,Low Value
1626758,923,2,1119.58,1,4,2,142,Lost,Low Value
1626780,411,1,1377.0,4,2,2,422,Loyal,Low Value
1626920,477,2,4346.68,3,4,4,344,Loyal,Medium Value
1626970,417,2,1208.86,4,4,2,442,Loyal,Low Value
1626990,75,6,6221.07,5,5,4,554,Champions,Top Value
1627365,806,3,4005.2200000000003,2,4,3,243,At Risk,Medium Value
1627394,361,4,4393.860000000001,4,5,4,454,Champions,Medium Value
1627421,213,2,2429.94,5,4,3,543,Loyal,Medium Value
1627570,620,4,10377.18,2,5,5,255,At Risk,Top Value
1627599,599,2,607.0,3,4,1,341,Loyal,Low Value
1627711,78,3,2492.97,5,4,3,543,Loyal,Medium Value
1627931,421,1,8914.939999999999,4,2,5,425,Need Attention,Top Value
1628073,828,3,3270.66,2,4,3,243,At Risk,Medium Value
1628237,358,3,8461.42,4,4,5,445,Champions,Top Value
1628618,274,1,1885.0,5,2,2,522,Loyal,Medium Value
1628631,610,2,2036.95,2,4,2,242,Lost,Medium Value
1628727,412,4,8283.04,4,5,5,455,Champions,Top Value
1628856,991,2,8291.36,1,4,5,145,At Risk,Top Value
1629058,598,2,638.64,3,4,1,341,Loyal,Low Value
1629123,430,4,7124.1,4,5,4,454,Champions,Top Value
1629311,362,3,8406.5,4,4,5,445,Champions,Top Value
1629416,417,4,11914.77,4,5,5,455,Champions,Top Value
1629447,948,4,3366.32,1,5,3,153,At Risk,Medium Value
1629610,454,5,8793.88,3,5,5,355,Loyal,Top Value
1629676,22,2,2192.0,5,4,3,543,Loyal,Medium Value
1629879,776,1,1977.57,2,2,2,222,Lost,Medium Value
1629941,796,2,1255.9,2,4,2,242,Lost,Low Value
1630103,663,3,13732.17,2,4,5,245,At Risk,Top Value
1631070,66,3,3173.44,5,4,3,543,Loyal,Medium Value
1631101,521,1,69.93,3,2,1,321,Loyal,Low Value
1631350,415,2,508.33000000000004,4,4,1,441,Loyal,Low Value
1631443,526,3,4509.84,3,4,4,344,Loyal,Medium Value
1631876,773,2,1345.8600000000001,2,4,2,242,Lost,Low Value
1632062,356,4,4081.45,4,5,4,454,Champions,Medium Value
1632235,4,2,6707.0599999999995,5,4,4,544,Champions,Top Value
1632278,529,1,2508.52,3,2,3,323,Loyal,Medium Value
1632302,431,3,18795.800000000003,4,4,5,445,Champions,Top Value
1632461,50,4,8853.35,5,5,5,555,Champions,Top Value
1632492,527,2,1542.03,3,4,2,342,Loyal,Low Value
1632547,1173,1,1578.0,1,2,2,122,Lost,Low Value
1632630,286,3,3071.69,5,4,3,543,Loyal,Medium Value
1633217,495,2,2497.74,3,4,3,343,Loyal,Medium Value
1633409,481,3,5168.08,3,4,4,344,Loyal,Top Value
1633425,593,2,2237.19,3,4,3,343,Loyal,Medium Value
1633498,785,2,7408.82,2,4,4,244,At Risk,Top Value
1633676,657,1,44.400000000000006,2,2,1,221,Lost,Low Value
1633913,782,2,4170.93,2,4,4,244,At Risk,Medium Value
1633967,513,6,34484.28,3,5,5,355,Loyal,Top Value
1633997,411,2,4862.85,4,4,4,444,Champions,Medium Value
1634029,1005,1,4669.58,1,2,4,124,Lost,Medium Value
1634354,459,4,1477.73,3,5,2,352,Loyal,Low Value
1634380,358,2,667.5699999999999,4,4,1,441,Loyal,Low Value
1634778,414,5,21428.09,4,5,5,455,Champions,Top Value
1635130,1159,2,6931.650000000001,1,4,4,144,At Risk,Top Value
1635142,381,2,4209.570000000001,4,4,4,444,Champions,Medium Value
1635172,57,1,2567.89,5,2,3,523,Loyal,Medium Value
1635245,372,2,3495.0,4,4,3,443,Loyal,Medium Value
1635374,471,5,9609.460000000001,3,5,5,355,Loyal,Top Value
1635396,345,2,1686.0,4,4,2,442,Loyal,Low Value
1635484,1097,2,2630.88,1,4,3,143,At Risk,Medium Value
1635565,60,3,2522.7200000000003,5,4,3,543,Loyal,Medium Value
1635587,902,3,9361.81,1,4,5,145,At Risk,Top Value
1635725,48,4,8199.89,5,5,5,555,Champions,Top Value
1635754,544,1,4595.0,3,2,4,324,Need Attention,Medium Value
1636482,197,2,9840.0,5,4,5,545,Champions,Top Value
1636548,473,4,8696.0,3,5,5,355,Loyal,Top Value
1636578,55,1,484.15999999999997,5,2,1,521,Loyal,Low Value
1636845,12,3,5494.58,5,4,4,544,Champions,Top Value
1637055,639,3,5760.47,2,4,4,244,At Risk,Top Value
1637269,414,5,6557.910000000001,4,5,4,454,Champions,Top Value
1637330,1597,1,5607.82,1,2,4,124,Lost,Top Value
1637399,348,4,5483.82,4,5,4,454,Champions,Top Value
1637773,627,2,2076.54,2,4,2,242,Lost,Medium Value
1637776,591,2,9275.42,3,4,5,345,Loyal,Top Value
1638102,19,6,13194.28,5,5,5,555,Champions,Top Value
1638118,222,8,32605.91,5,5,5,555,Champions,Top Value
1638303,905,1,2991.6499999999996,1,2,3,123,Lost,Medium Value
1638766,932,1,334.99,1,2,1,121,Lost,Low Value
1639435,227,4,7145.12,5,5,4,554,Champions,Top Value
1639477,379,2,3345.04,4,4,3,443,Loyal,Medium Value
1639535,844,1,5693.4,2,2,4,224,Lost,Top Value
1639605,505,4,19664.79,3,5,5,355,Loyal,Top Value
1639790,984,1,1254.93,1,2,2,122,Lost,Low Value
1639920,183,1,2284.92,5,2,3,523,Loyal,Medium Value
1640237,289,2,2179.53,5,4,3,543,Loyal,Medium Value
1640519,746,2,4734.969999999999,2,4,4,244,At Risk,Medium Value
1640635,906,2,6658.049999999999,1,4,4,144,At Risk,Top Value
1640955,171,3,5522.78,5,4,4,544,Champions,Top Value
1641246,1703,1,277.33000000000004,1,2,1,121,Lost,Low Value
1641431,211,1,307.56,5,2,1,521,Loyal,Low Value
1641744,561,2,4365.5,3,4,4,344,Loyal,Medium Value
1641759,1082,1,1480.99,1,2,2,122,Lost,Low Value
1641811,358,1,4.98,4,2,1,421,Loyal,Low Value
1642691,281,1,679.0,5,2,1,521,Loyal,Low Value
1642882,361,2,349.97,4,4,1,441,Loyal,Low Value
1642890,586,3,1258.99,3,4,2,342,Loyal,Low Value
1643134,375,3,6288.97,4,4,4,444,Champions,Top Value
1643550,239,8,8487.57,5,5,5,555,Champions,Top Value
1643619,508,3,2939.87,3,4,3,343,Loyal,Medium Value
1644234,726,2,2061.0,2,4,2,242,Lost,Medium Value
1644301,785,2,1343.9,2,4,2,242,Lost,Low Value
1644327,498,4,2868.21,3,5,3,353,Loyal,Medium Value
1644544,82,2,6439.7,5,4,4,544,Champions,Top Value
1644716,464,2,3351.77,3,4,3,343,Loyal,Medium Value
1645326,739,1,289.99,2,2,1,221,Lost,Low Value
1645441,286,5,4525.16,5,5,4,554,Champions,Medium Value
1645445,1292,1,947.9300000000001,1,2,2,122,Lost,Low Value
1645532,43,3,8493.93,5,4,5,545,Champions,Top Value
1646029,815,1,5579.19,2,2,4,224,Lost,Top Value
1646102,444,4,12834.7,3,5,5,355,Loyal,Top Value
1646264,509,1,1825.74,3,2,2,322,Loyal,Medium Value
1646403,491,4,8704.08,3,5,5,355,Loyal,Top Value
1646517,362,5,12176.939999999999,4,5,5,455,Champions,Top Value
1646561,1147,1,1118.0,1,2,2,122,Lost,Low Value
1646713,135,5,2814.9,5,5,3,553,Loyal,Medium Value
1647241,821,3,7177.45,2,4,4,244,At Risk,Top Value
1647289,521,1,559.98,3,2,1,321,Loyal,Low Value
1647358,429,3,5630.98,4,4,4,444,Champions,Top Value
1647588,460,2,9761.68,3,4,5,345,Loyal,Top Value
1647594,563,2,18234.88,3,4,5,345,Loyal,Top Value
1647752,930,2,2982.6099999999997,1,4,3,143,At Risk,Medium Value
1647827,785,1,3156.95,2,2,3,223,Lost,Medium Value
1647919,26,2,4200.67,5,4,4,544,Champions,Medium Value
1647940,783,2,6302.59,2,4,4,244,At Risk,Top Value
1648240,541,2,4054.05,3,4,3,343,Loyal,Medium Value
1648616,416,3,1154.52,4,4,2,442,Loyal,Low Value
1648699,641,2,7851.99,2,4,5,245,At Risk,Top Value
1649468,534,3,4850.5,3,4,4,344,Loyal,Medium Value
1649694,442,2,1724.35,3,4,2,342,Loyal,Medium Value
1649724,277,4,12754.78,5,5,5,555,Champions,Top Value
1649797,88,2,2797.93,5,4,3,543,Loyal,Medium Value
1649927,193,2,2969.81,5,4,3,543,Loyal,Medium Value
1649990,442,1,1863.0,3,2,2,322,Loyal,Medium Value
1650349,545,3,3507.13,3,4,3,343,Loyal,Medium Value
1650383,486,2,2472.8599999999997,3,4,3,343,Loyal,Medium Value
1650488,522,4,7885.14,3,5,5,355,Loyal,Top Value
1650783,68,4,28829.13,5,5,5,555,Champions,Top Value
1650975,417,2,8441.7,4,4,5,445,Champions,Top Value
1651118,652,1,229.34000000000003,2,2,1,221,Lost,Low Value
1651231,355,2,1411.84,4,4,2,442,Loyal,Low Value
1651423,727,2,8994.99,2,4,5,245,At Risk,Top Value
1651668,479,1,1881.0,3,2,2,322,Loyal,Medium Value
1651796,748,1,657.0,2,2,1,221,Lost,Low Value
1651921,503,1,104.89,3,2,1,321,Loyal,Low Value
1651927,1143,2,5272.8,1,4,4,144,At Risk,Top Value
1652611,785,2,2514.96,2,4,3,243,At Risk,Medium Value
1652631,520,2,148.6,3,4,1,341,Loyal,Low Value
1652808,360,5,15284.84,4,5,5,455,Champions,Top Value
1652819,302,2,3194.24,5,4,3,543,Loyal,Medium Value
1653040,606,3,2423.01,3,4,3,343,Loyal,Medium Value
1653099,430,3,9452.34,4,4,5,445,Champions,Top Value
1653179,1509,1,6399.83,1,2,4,124,Lost,Top Value
1653389,486,2,4872.95,3,4,4,344,Loyal,Medium Value
1653529,295,2,2805.62,5,4,3,543,Loyal,Medium Value
1653624,414,7,9682.29,4,5,5,455,Champions,Top Value
1653751,648,1,517.3199999999999,2,2,1,221,Lost,Low Value
1653979,162,2,6941.0,5,4,4,544,Champions,Top Value
1654095,428,2,8724.3,4,4,5,445,Champions,Top Value
1654125,1019,2,1469.38,1,4,2,142,Lost,Low Value
1654128,786,1,3008.76,2,2,3,223,Lost,Medium Value
1654206,393,2,1241.27,4,4,2,442,Loyal,Low Value
1654309,715,1,4397.62,2,2,4,224,Lost,Medium Value
1654502,712,2,6139.95,2,4,4,244,At Risk,Top Value
1654717,1317,1,1197.7,1,2,2,122,Lost,Low Value
1654802,591,2,6859.99,3,4,4,344,Loyal,Top Value
1654855,485,1,2616.93,3,2,3,323,Loyal,Medium Value
1655053,368,3,2171.75,4,4,3,443,Loyal,Medium Value
1655136,506,3,9653.44,3,4,5,345,Loyal,Top Value
1655148,494,1,3397.0,3,2,3,323,Loyal,Medium Value
1655705,626,2,3195.94,2,4,3,243,At Risk,Medium Value
1655733,796,3,1814.97,2,4,2,242,Lost,Medium Value
1655745,561,1,645.0,3,2,1,321,Loyal,Low Value
1656224,1494,1,726.99,1,2,1,121,Lost,Low Value
1656233,586,1,2287.76,3,2,3,323,Loyal,Medium Value
1656349,557,1,1588.19,3,2,2,322,Loyal,Low Value
1656614,425,4,4852.74,4,5,4,454,Champions,Medium Value
1656683,441,3,15028.230000000001,3,4,5,345,Loyal,Top Value
1656716,526,1,2066.94,3,2,2,322,Loyal,Medium Value
1656756,1208,1,850.34,1,2,2,122,Lost,Low Value
1656861,368,3,9634.0,4,4,5,445,Champions,Top Value
1656873,368,3,158.59,4,4,1,441,Loyal,Low Value
1657133,634,2,1817.6100000000001,2,4,2,242,Lost,Medium Value
1657334,863,1,347.28000000000003,2,2,1,221,Lost,Low Value
1657494,458,1,103.99000000000001,3,2,1,321,Loyal,Low Value
1657885,414,3,3773.2599999999998,4,4,3,443,Loyal,Medium Value
1657930,1688,1,1908.93,1,2,2,122,Lost,Medium Value
1657976,535,2,1449.19,3,4,2,342,Loyal,Low Value
1658273,260,6,14458.26,5,5,5,555,Champions,Top Value
1658428,640,1,8085.2300000000005,2,2,5,225,Lost,Top Value
1658532,608,2,4152.89,2,4,4,244,At Risk,Medium Value
1658995,468,2,2578.4399999999996,3,4,3,343,Loyal,Medium Value
1659040,239,5,22223.66,5,5,5,555,Champions,Top Value
1659112,1741,1,198.0,1,2,1,121,Lost,Low Value
1659162,79,2,1036.15,5,4,2,542,Loyal,Low Value
1659181,368,6,6345.08,4,5,4,454,Champions,Top Value
1659595,459,2,8566.85,3,4,5,345,Loyal,Top Value
1660175,1093,1,2236.0,1,2,3,123,Lost,Medium Value
1660406,545,2,1456.67,3,4,2,342,Loyal,Low Value
1660494,603,2,1353.87,3,4,2,342,Loyal,Low Value
1660620,1623,1,1321.98,1,2,2,122,Lost,Low Value
1661010,563,1,684.0,3,2,1,321,Loyal,Low Value
1661150,592,1,5610.610000000001,3,2,4,324,Need Attention,Top Value
1661166,1811,1,32056.89,1,2,5,125,Lost,Top Value
1661177,404,2,265.19,4,4,1,441,Loyal,Low Value
1661180,468,2,2365.0,3,4,3,343,Loyal,Medium Value
1661465,1503,1,1556.99,1,2,2,122,Lost,Low Value
1661476,393,3,21534.800000000003,4,4,5,445,Champions,Top Value
1661516,729,1,689.7,2,2,1,221,Lost,Low Value
1661596,855,2,2202.64,2,4,3,243,At Risk,Medium Value
1661735,922,4,5622.54,1,5,4,154,At Risk,Top Value
1662334,379,4,6996.2,4,5,4,454,Champions,Top Value
1662706,82,1,159.99,5,2,1,521,Loyal,Low Value
1662787,831,1,10343.22,2,2,5,225,Lost,Top Value
1662788,232,2,4517.45,5,4,4,544,Champions,Medium Value
1662988,841,1,3179.3,2,2,3,223,Lost,Medium Value
1663056,53,4,11800.41,5,5,5,555,Champions,Top Value
1663250,281,1,696.0,5,2,1,521,Loyal,Low Value
1663270,414,1,307.47,4,2,1,421,Loyal,Low Value
1663333,278,3,2686.3599999999997,5,4,3,543,Loyal,Medium Value
1663459,584,1,1155.95,3,2,2,322,Loyal,Low Value
1663669,481,1,1882.97,3,2,2,322,Loyal,Medium Value
1663745,284,2,538.0,5,4,1,541,Loyal,Low Value
1664155,106,3,8115.26,5,4,5,545,Champions,Top Value
1664195,653,1,506.83,2,2,1,221,Lost,Low Value
1664688,438,5,7993.719999999999,3,5,5,355,Loyal,Top Value
1664742,421,4,1222.11,4,5,2,452,Loyal,Low Value
1664824,506,8,8487.460000000001,3,5,5,355,Loyal,Top Value
1664972,1196,1,539.8,1,2,1,121,Lost,Low Value
1665138,69,1,445.0,5,2,1,521,Loyal,Low Value
1665621,350,2,3178.67,4,4,3,443,Loyal,Medium Value
1665839,941,1,478.95,1,2,1,121,Lost,Low Value
1666075,358,5,7985.46,4,5,5,455,Champions,Top Value
1666094,710,2,1095.97,2,4,2,242,Lost,Low Value
1666310,733,3,5153.98,2,4,4,244,At Risk,Top Value
1666423,573,1,9.99,3,2,1,321,Loyal,Low Value
1666650,482,3,5857.75,3,4,4,344,Loyal,Top Value
1666766,841,1,2824.0,2,2,3,223,Lost,Medium Value
1666909,176,2,1151.51,5,4,2,542,Loyal,Low Value
1667179,457,1,6.99,3,2,1,321,Loyal,Low Value
1667206,67,5,5597.43,5,5,4,554,Champions,Top Value
1667349,430,2,3674.65,4,4,3,443,Loyal,Medium Value
1667754,23,1,13056.65,5,2,5,525,Need Attention,Top Value
1667950,366,2,3724.0,4,4,3,443,Loyal,Medium Value
1667987,278,1,860.4000000000001,5,2,2,522,Loyal,Low Value
1668069,896,2,4613.22,1,4,4,144,At Risk,Medium Value
1668237,16,7,10638.03,5,5,5,555,Champions,Top Value
1668372,930,2,3646.0,1,4,3,143,At Risk,Medium Value
1668458,218,6,14539.57,5,5,5,555,Champions,Top Value
1668474,169,2,4539.2,5,4,4,544,Champions,Medium Value
1668513,1690,1,4692.92,1,2,4,124,Lost,Medium Value
1668545,799,2,1369.47,2,4,2,242,Lost,Low Value
1668822,508,2,18602.48,3,4,5,345,Loyal,Top Value
1668828,1825,1,2013.0,1,2,2,122,Lost,Medium Value
1668853,360,2,9803.47,4,4,5,445,Champions,Top Value
1669021,162,5,7919.57,5,5,5,555,Champions,Top Value
1669134,538,1,835.97,3,2,1,321,Loyal,Low Value
1669230,721,1,2277.0,2,2,3,223,Lost,Medium Value
1669551,778,1,4817.51,2,2,4,224,Lost,Medium Value
1669695,297,3,5072.95,5,4,4,544,Champions,Top Value
1669725,543,1,648.99,3,2,1,321,Loyal,Low Value
1669745,641,3,3215.45,2,4,3,243,At Risk,Medium Value
1669971,421,3,14592.61,4,4,5,445,Champions,Top Value
1669997,517,2,2062.59,3,4,2,342,Loyal,Medium Value
1670107,52,6,7593.2699999999995,5,5,5,555,Champions,Top Value
1670150,740,1,3714.84,2,2,3,223,Lost,Medium Value
1670409,1198,1,2421.0,1,2,3,123,Lost,Medium Value
1670689,531,3,6816.96,3,4,4,344,Loyal,Top Value
1670789,479,4,9533.3,3,5,5,355,Loyal,Top Value
1670940,562,6,7487.37,3,5,4,354,Loyal,Top Value
1670942,43,2,9846.0,5,4,5,545,Champions,Top Value
1670966,829,1,3650.98,2,2,3,223,Lost,Medium Value
1670993,820,3,9966.46,2,4,5,245,At Risk,Top Value
1671068,85,1,6.95,5,2,1,521,Loyal,Low Value
1671353,498,1,300.5,3,2,1,321,Loyal,Low Value
1671513,255,2,6515.58,5,4,4,544,Champions,Top Value
1671541,1150,4,9411.51,1,5,5,155,At Risk,Top Value
1671672,720,3,5270.0599999999995,2,4,4,244,At Risk,Top Value
1671692,429,2,1843.99,4,4,2,442,Loyal,Medium Value
1672305,498,3,4747.96,3,4,4,344,Loyal,Medium Value
1673040,556,2,3244.7,3,4,3,343,Loyal,Medium Value
1673191,621,2,2435.62,2,4,3,243,At Risk,Medium Value
1673408,787,2,26787.0,2,4,5,245,At Risk,Top Value
1673423,1154,1,10355.99,1,2,5,125,Lost,Top Value
1673438,242,2,2450.1800000000003,5,4,3,543,Loyal,Medium Value
1673539,1640,1,2027.0,1,2,2,122,Lost,Medium Value
1673797,1207,1,503.94,1,2,1,121,Lost,Low Value
1673825,1208,2,1757.2299999999998,1,4,2,142,Lost,Medium Value
1674200,353,3,776.65,4,4,1,441,Loyal,Low Value
1674304,607,3,6943.72,2,4,4,244,At Risk,Top Value
1675004,648,3,5626.58,2,4,4,244,At Risk,Top Value
1675064,848,2,4903.97,2,4,4,244,At Risk,Medium Value
1675160,498,4,14526.46,3,5,5,355,Loyal,Top Value
1675546,3,4,6215.11,5,5,4,554,Champions,Top Value
1675644,215,7,9795.9,5,5,5,555,Champions,Top Value
1675809,785,2,7758.91,2,4,5,245,At Risk,Top Value
1676402,52,4,6625.049999999999,5,5,4,554,Champions,Top Value
1676434,716,2,1047.26,2,4,2,242,Lost,Low Value
1676445,853,2,606.23,2,4,1,241,Lost,Low Value
1676582,1028,1,1354.0,1,2,2,122,Lost,Low Value
1676628,592,3,5582.32,3,4,4,344,Loyal,Top Value
1676662,820,2,2173.99,2,4,3,243,At Risk,Medium Value
1677103,433,2,3113.24,4,4,3,443,Loyal,Medium Value
1677457,752,2,4211.92,2,4,4,244,At Risk,Medium Value
1677703,879,2,2790.7,1,4,3,143,At Risk,Medium Value
1677730,818,1,13.76,2,2,1,221,Lost,Low Value
1677739,373,3,3001.43,4,4,3,443,Loyal,Medium Value
1677794,53,5,2608.9700000000003,5,5,3,553,Loyal,Medium Value
1678135,364,3,2553.18,4,4,3,443,Loyal,Medium Value
1678208,451,3,786.63,3,4,1,341,Loyal,Low Value
1678458,390,1,2395.2,4,2,3,423,Loyal,Medium Value
1678562,10,4,20648.63,5,5,5,555,Champions,Top Value
1678602,788,2,5235.99,2,4,4,244,At Risk,Top Value
1678735,431,3,4101.98,4,4,4,444,Champions,Medium Value
1678823,403,5,7931.27,4,5,5,455,Champions,Top Value
1678977,1331,1,1921.92,1,2,2,122,Lost,Medium Value
1678994,1500,1,402.0,1,2,1,121,Lost,Low Value
1679618,473,2,6279.6900000000005,3,4,4,344,Loyal,Top Value
1679762,24,1,309.5,5,2,1,521,Loyal,Low Value
1679789,60,3,3958.15,5,4,3,543,Loyal,Medium Value
1679869,416,1,2190.0,4,2,3,423,Loyal,Medium Value
1680169,265,2,2876.94,5,4,3,543,Loyal,Medium Value
1680415,510,3,4287.9400000000005,3,4,4,344,Loyal,Medium Value
1680645,587,4,32840.509999999995,3,5,5,355,Loyal,Top Value
1680728,366,7,8580.76,4,5,5,455,Champions,Top Value
1680775,1534,1,80.65,1,2,1,121,Lost,Low Value
1681033,836,3,7755.54,2,4,5,245,At Risk,Top Value
1681092,430,3,7400.59,4,4,4,444,Champions,Top Value
1681099,366,4,2443.5,4,5,3,453,Loyal,Medium Value
1681186,288,2,13594.06,5,4,5,545,Champions,Top Value
1681270,426,2,811.58,4,4,1,441,Loyal,Low Value
1681427,729,5,7100.0,2,5,4,254,At Risk,Top Value
1681761,9,3,9258.29,5,4,5,545,Champions,Top Value
1681854,1108,1,2195.87,1,2,3,123,Lost,Medium Value
1682006,519,1,272.90999999999997,3,2,1,321,Loyal,Low Value
1682062,806,2,9201.95,2,4,5,245,At Risk,Top Value
1682198,557,2,2190.05,3,4,3,343,Loyal,Medium Value
1682354,559,2,5510.150000000001,3,4,4,344,Loyal,Top Value
1682386,583,4,20504.219999999998,3,5,5,355,Loyal,Top Value
1682472,395,3,20345.89,4,4,5,445,Champions,Top Value
1682553,837,1,5656.02,2,2,4,224,Lost,Top Value
1682660,261,6,10337.56,5,5,5,555,Champions,Top Value
1682730,925,1,1602.0,1,2,2,122,Lost,Low Value
1682942,784,1,5424.5,2,2,4,224,Lost,Top Value
1683222,794,2,886.95,2,4,2,242,Lost,Low Value
1683603,510,1,354.9,3,2,1,321,Loyal,Low Value
1683799,950,1,2157.98,1,2,2,122,Lost,Medium Value
1684157,424,6,9784.619999999999,4,5,5,455,Champions,Top Value
1684287,380,4,1205.6699999999998,4,5,2,452,Loyal,Low Value
1684539,159,2,3797.74,5,4,3,543,Loyal,Medium Value
1684677,566,2,3358.7400000000002,3,4,3,343,Loyal,Medium Value
1684931,246,3,4947.61,5,4,4,544,Champions,Medium Value
1685055,374,3,6109.34,4,4,4,444,Champions,Top Value
1685102,823,3,3420.39,2,4,3,243,At Risk,Medium Value
1686021,362,4,15697.42,4,5,5,455,Champions,Top Value
1686106,1327,1,1386.99,1,2,2,122,Lost,Low Value
1686113,726,2,2136.85,2,4,2,242,Lost,Medium Value
1686257,1095,2,4207.4,1,4,4,144,At Risk,Medium Value
1686269,556,3,7936.98,3,4,5,345,Loyal,Top Value
1686496,55,5,5912.22,5,5,4,554,Champions,Top Value
1686673,4,3,21816.12,5,4,5,545,Champions,Top Value
1686731,841,1,449.89,2,2,1,221,Lost,Low Value
1686814,385,5,10538.79,4,5,5,455,Champions,Top Value
1686889,398,4,8447.53,4,5,5,455,Champions,Top Value
1687058,371,1,2778.96,4,2,3,423,Loyal,Medium Value
1687142,113,3,19795.21,5,4,5,545,Champions,Top Value
1687146,351,1,7462.6,4,2,4,424,Need Attention,Top Value
1687187,643,2,819.6,2,4,1,241,Lost,Low Value
1687281,1524,1,3478.88,1,2,3,123,Lost,Medium Value
1687294,367,3,4827.97,4,4,4,444,Champions,Medium Value
1687392,232,4,15477.58,5,5,5,555,Champions,Top Value
1687406,771,1,4315.99,2,2,4,224,Lost,Medium Value
1687512,204,2,787.73,5,4,1,541,Loyal,Low Value
1687668,25,1,659.7,5,2,1,521,Loyal,Low Value
1688009,493,1,2671.9599999999996,3,2,3,323,Loyal,Medium Value
1688255,590,1,5243.91,3,2,4,324,Need Attention,Top Value
1688411,656,3,22103.120000000003,2,5,5,255,At Risk,Top Value
1688415,646,1,8363.93,2,2,5,225,Lost,Top Value
1688501,735,4,4078.8500000000004,2,5,4,254,At Risk,Medium Value
1688698,811,2,3000.0,2,4,3,243,At Risk,Medium Value
1688706,409,1,4232.97,4,2,4,424,Need Attention,Medium Value
1688818,526,2,4038.97,3,4,3,343,Loyal,Medium Value
1688921,524,2,707.2299999999999,3,4,1,341,Loyal,Low Value
1688939,528,2,633.46,3,4,1,341,Loyal,Low Value
1689433,419,2,853.97,4,4,2,442,Loyal,Low Value
1689813,856,1,2209.62,2,2,3,223,Lost,Medium Value
1689863,1128,2,2047.5900000000001,1,4,2,142,Lost,Medium Value
1689951,1090,1,4766.780000000001,1,2,4,124,Lost,Medium Value
1690200,1374,2,5685.37,1,4,4,144,At Risk,Top Value
1690335,132,3,4614.97,5,5,4,554,Champions,Medium Value
1690458,367,4,3236.9700000000003,4,5,3,453,Loyal,Medium Value
1690713,1005,1,3366.2000000000003,1,2,3,123,Lost,Medium Value
1690737,915,1,447.0,1,2,1,121,Lost,Low Value
1691086,419,4,2353.88,4,5,3,453,Loyal,Medium Value
1691196,638,1,752.0,2,2,1,221,Lost,Low Value
1691284,510,3,4383.07,3,5,4,354,Loyal,Medium Value
1691296,974,3,3582.8,1,5,3,153,At Risk,Medium Value
1691351,639,3,2562.85,2,5,3,253,At Risk,Medium Value
1691521,718,2,2711.88,2,4,3,243,At Risk,Medium Value
1691683,608,4,3350.08,2,5,3,253,At Risk,Medium Value
1691871,1648,1,47.95,1,2,1,121,Lost,Low Value
1691895,551,4,4679.889999999999,3,5,4,354,Loyal,Medium Value
1691988,532,2,1424.8899999999999,3,4,2,342,Loyal,Low Value
1692085,988,1,3694.48,1,2,3,123,Lost,Medium Value
1692115,411,6,9249.119999999999,4,5,5,455,Champions,Top Value
1692156,458,3,8352.18,3,5,5,355,Loyal,Top Value
1692200,589,2,1791.09,3,4,2,342,Loyal,Medium Value
1692220,113,3,1837.8,5,5,2,552,Loyal,Medium Value
1692266,120,3,13242.52,5,5,5,555,Champions,Top Value
1692405,424,1,29.98,4,2,1,421,Loyal,Low Value
1692448,1210,1,187.62,1,2,1,121,Lost,Low Value
1692531,213,2,4915.0,5,4,4,544,Champions,Medium Value
1693028,741,2,3638.67,2,4,3,243,At Risk,Medium Value
1693067,432,3,9724.4,4,5,5,455,Champions,Top Value
1693133,779,2,10778.949999999999,2,4,5,245,At Risk,Top Value
1693175,507,3,20532.66,3,5,5,355,Loyal,Top Value
1693179,171,2,1500.28,5,4,2,542,Loyal,Low Value
1693373,506,2,3655.4,3,4,3,343,Loyal,Medium Value
1693705,439,4,7469.44,3,5,4,354,Loyal,Top Value
1693753,179,5,5592.6,5,5,4,554,Champions,Top Value
1693809,1590,1,531.96,1,2,1,121,Lost,Low Value
1693813,512,6,8535.39,3,5,5,355,Loyal,Top Value
1693920,605,1,230.76,3,2,1,321,Loyal,Low Value
1694130,237,3,6512.84,5,5,4,554,Champions,Top Value
1694135,121,5,12604.93,5,5,5,555,Champions,Top Value
1694264,589,3,7985.780000000001,3,5,5,355,Loyal,Top Value
1694314,427,2,4189.92,4,4,4,444,Champions,Medium Value
1694419,16,6,21614.12,5,5,5,555,Champions,Top Value
1694565,580,3,4962.0,3,5,4,354,Loyal,Top Value
1694752,131,3,9829.71,5,5,5,555,Champions,Top Value
1695804,382,4,6116.74,4,5,4,454,Champions,Top Value
1696458,134,1,539.9,5,2,1,521,Loyal,Low Value
1696481,403,2,1106.65,4,4,2,442,Loyal,Low Value
1696508,541,2,7961.49,3,4,5,345,Loyal,Top Value
1696512,598,1,2716.0,3,2,3,323,Loyal,Medium Value
1696695,382,3,9858.03,4,5,5,455,Champions,Top Value
1696726,620,3,1992.12,2,5,2,252,Lost,Medium Value
1696748,250,3,5892.41,5,5,4,554,Champions,Top Value
1697119,617,1,339.39,2,2,1,221,Lost,Low Value
1697375,136,4,11044.17,5,5,5,555,Champions,Top Value
1697467,396,4,13766.62,4,5,5,455,Champions,Top Value
1697627,156,2,2217.46,5,4,3,543,Loyal,Medium Value
1697711,176,3,14015.859999999999,5,5,5,555,Champions,Top Value
1697767,523,2,7660.32,3,4,5,345,Loyal,Top Value
1697895,1735,1,507.6,1,2,1,121,Lost,Low Value
1698033,633,3,15050.35,2,5,5,255,At Risk,Top Value
1698157,1832,1,889.95,1,2,2,122,Lost,Low Value
1698337,1177,1,8850.0,1,2,5,125,Lost,Top Value
1698496,426,1,1908.53,4,2,2,422,Loyal,Medium Value
1698662,1111,3,6977.47,1,5,4,154,At Risk,Top Value
1698828,129,3,2388.98,5,5,3,553,Loyal,Medium Value
1698831,1637,1,329.85,1,2,1,121,Lost,Low Value
1698870,1644,1,2736.56,1,2,3,123,Lost,Medium Value
1699027,437,5,11611.11,3,5,5,355,Loyal,Top Value
1699343,420,1,251.94,4,2,1,421,Loyal,Low Value
1699480,373,5,1187.09,4,5,2,452,Loyal,Low Value
1699570,348,5,5508.87,4,5,4,454,Champions,Top Value
1700005,645,2,6551.88,2,4,4,244,At Risk,Top Value
1700023,1396,1,5307.97,1,2,4,124,Lost,Top Value
1700215,249,3,7594.47,5,5,5,555,Champions,Top Value
1700598,866,2,4089.7799999999997,2,4,4,244,At Risk,Medium Value
1700661,347,2,3278.9700000000003,4,4,3,443,Loyal,Medium Value
1700848,451,4,5038.35,3,5,4,354,Loyal,Top Value
1701408,565,1,1563.99,3,2,2,322,Loyal,Low Value
1701609,582,1,9810.55,3,2,5,325,Need Attention,Top Value
1701621,293,2,1533.69,5,4,2,542,Loyal,Low Value
1701624,246,4,9771.02,5,5,5,555,Champions,Top Value
1702195,228,1,108.15,5,2,1,521,Loyal,Low Value
1702221,422,9,61871.7,4,5,5,455,Champions,Top Value
1702256,1509,2,9654.98,1,4,5,145,At Risk,Top Value
1702428,877,2,7196.26,2,4,4,244,At Risk,Top Value
1702622,188,3,5374.92,5,5,4,554,Champions,Top Value
1702638,743,2,5180.09,2,4,4,244,At Risk,Top Value
1702792,468,2,4544.0,3,4,4,344,Loyal,Medium Value
1702861,401,1,2919.0,4,2,3,423,Loyal,Medium Value
1702898,369,4,12649.96,4,5,5,455,Champions,Top Value
1702950,473,5,4603.17,3,5,4,354,Loyal,Medium Value
1703670,466,3,10863.75,3,5,5,355,Loyal,Top Value
1703702,620,1,1619.91,2,2,2,222,Lost,Low Value
1703807,396,3,1613.74,4,5,2,452,Loyal,Low Value
1703884,750,3,3654.7200000000003,2,5,3,253,At Risk,Medium Value
1703974,488,2,9121.4,3,4,5,345,Loyal,Top Value
1704016,264,1,296.0,5,2,1,521,Loyal,Low Value
1704090,757,1,1647.28,2,2,2,222,Lost,Low Value
1704092,288,4,13050.7,5,5,5,555,Champions,Top Value
1704192,461,2,1254.79,3,4,2,342,Loyal,Low Value
1704194,1712,1,539.8,1,2,1,121,Lost,Low Value
1704454,228,3,7269.98,5,5,4,554,Champions,Top Value
1704575,628,1,4845.0,2,2,4,224,Lost,Medium Value
1704715,204,2,16682.94,5,4,5,545,Champions,Top Value
1705258,372,1,201.10000000000002,4,2,1,421,Loyal,Low Value
1705429,449,1,1360.0,3,2,2,322,Loyal,Low Value
1705560,115,4,958.74,5,5,2,552,Loyal,Low Value
1705952,548,2,7626.0,3,4,5,345,Loyal,Top Value
1706020,90,2,8247.7,5,4,5,545,Champions,Top Value
1706247,225,6,17033.32,5,5,5,555,Champions,Top Value
1706324,491,3,5536.129999999999,3,5,4,354,Loyal,Top Value
1706428,368,2,3268.78,4,4,3,443,Loyal,Medium Value
1706433,375,3,5859.6900000000005,4,5,4,454,Champions,Top Value
1706457,1346,1,277.96,1,2,1,121,Lost,Low Value
1706633,739,3,7725.289999999999,2,5,5,255,At Risk,Top Value
1706702,1375,2,8687.98,1,4,5,145,At Risk,Top Value
1706860,180,2,1068.1399999999999,5,4,2,542,Loyal,Low Value
1706876,892,1,1662.63,1,2,2,122,Lost,Low Value
1706908,666,1,1317.96,2,2,2,222,Lost,Low Value
1706944,715,2,9575.98,2,4,5,245,At Risk,Top Value
1707121,870,2,4647.0,2,4,4,244,At Risk,Medium Value
1707124,412,2,2181.9,4,4,3,443,Loyal,Medium Value
1707755,979,1,3280.0,1,2,3,123,Lost,Medium Value
1707959,372,2,681.52,4,4,1,441,Loyal,Low Value
1708295,186,2,1359.92,5,4,2,542,Loyal,Low Value
1708493,515,5,6466.97,3,5,4,354,Loyal,Top Value
1708592,730,1,2575.0,2,2,3,223,Lost,Medium Value
1708668,382,1,624.0,4,2,1,421,Loyal,Low Value
1709345,360,1,579.98,4,2,1,421,Loyal,Low Value
1709993,451,3,2768.77,3,5,3,353,Loyal,Medium Value
1710315,990,1,2537.0,1,2,3,123,Lost,Medium Value
1710320,120,2,2085.66,5,4,2,542,Loyal,Medium Value
1710324,302,3,5725.88,5,5,4,554,Champions,Top Value
1710583,597,2,2091.85,3,4,2,342,Loyal,Medium Value
1710657,568,2,1375.99,3,4,2,342,Loyal,Low Value
1711010,626,3,4495.96,2,5,4,254,At Risk,Medium Value
1711283,250,4,2457.7799999999997,5,5,3,553,Loyal,Medium Value
1711488,256,3,4919.99,5,5,4,554,Champions,Medium Value
1711599,10,3,7214.67,5,5,4,554,Champions,Top Value
1711949,465,1,354.0,3,2,1,321,Loyal,Low Value
1712116,516,3,15135.39,3,5,5,355,Loyal,Top Value
1712404,428,1,45.769999999999996,4,2,1,421,Loyal,Low Value
1712795,590,2,3622.33,3,4,3,343,Loyal,Medium Value
1712868,848,1,1464.0,2,2,2,222,Lost,Low Value
1713253,1877,1,15367.0,1,2,5,125,Lost,Top Value
1713326,68,2,14282.17,5,4,5,545,Champions,Top Value
1713539,449,2,1338.0,3,4,2,342,Loyal,Low Value
1713595,970,2,2038.15,1,4,2,142,Lost,Medium Value
1713837,491,1,2768.5,3,2,3,323,Loyal,Medium Value
1713848,416,4,9033.49,4,5,5,455,Champions,Top Value
1713898,62,3,1313.55,5,5,2,552,Loyal,Low Value
1713950,731,4,9381.14,2,5,5,255,At Risk,Top Value
1714238,240,2,7208.51,5,4,4,544,Champions,Top Value
1714276,32,4,6211.07,5,5,4,554,Champions,Top Value
1714301,1586,1,2258.0,1,2,3,123,Lost,Medium Value
1714346,273,2,2288.98,5,4,3,543,Loyal,Medium Value
1714451,370,2,3439.77,4,4,3,443,Loyal,Medium Value
1714587,502,3,6320.79,3,5,4,354,Loyal,Top Value
1714594,829,2,7800.9,2,4,5,245,At Risk,Top Value
1714697,810,1,3283.99,2,2,3,223,Lost,Medium Value
1714835,729,1,4657.8,2,2,4,224,Lost,Medium Value
1714946,241,4,16358.55,5,5,5,555,Champions,Top Value
1715326,411,8,7273.93,4,5,4,454,Champions,Top Value
1715354,788,1,1614.0,2,2,2,222,Lost,Low Value
1715386,1249,1,9245.76,1,2,5,125,Lost,Top Value
1715553,440,2,4950.55,3,4,4,344,Loyal,Medium Value
1715693,400,2,913.89,4,4,2,442,Loyal,Low Value
1716160,370,3,8057.98,4,5,5,455,Champions,Top Value
1716246,353,1,1091.62,4,2,2,422,Loyal,Low Value
1716357,289,7,18913.99,5,5,5,555,Champions,Top Value
1716379,282,1,704.75,5,2,1,521,Loyal,Low Value
1716435,415,2,8744.26,4,4,5,445,Champions,Top Value
1716470,1119,1,2503.4700000000003,1,2,3,123,Lost,Medium Value
1716510,663,1,1647.85,2,2,2,222,Lost,Low Value
1716565,1131,3,8469.16,1,5,5,155,At Risk,Top Value
1716584,1873,1,213.57,1,2,1,121,Lost,Low Value
1716647,279,3,11396.73,5,5,5,555,Champions,Top Value
1716821,727,1,1116.94,2,2,2,222,Lost,Low Value
1716827,401,1,5233.16,4,2,4,424,Need Attention,Top Value
1716962,1534,1,12.66,1,2,1,121,Lost,Low Value
1717167,633,4,11859.91,2,5,5,255,At Risk,Top Value
1717242,273,2,91.45,5,4,1,541,Loyal,Low Value
1717593,418,3,9876.5,4,5,5,455,Champions,Top Value
1717637,657,4,6812.1900000000005,2,5,4,254,At Risk,Top Value
1717650,198,4,5136.76,5,5,4,554,Champions,Top Value
1717932,1348,1,9609.970000000001,1,2,5,125,Lost,Top Value
1717991,5,6,8421.58,5,5,5,555,Champions,Top Value
1718030,558,3,1887.46,3,5,2,352,Loyal,Medium Value
1718031,67,2,1834.07,5,4,2,542,Loyal,Medium Value
1718194,396,5,25551.53,4,5,5,455,Champions,Top Value
1718240,544,6,9385.93,3,5,5,355,Loyal,Top Value
1718289,209,3,3153.71,5,5,3,553,Loyal,Medium Value
1718303,292,2,186.88,5,4,1,541,Loyal,Low Value
1718597,792,4,6997.27,2,5,4,254,At Risk,Top Value
1718821,759,1,4958.97,2,2,4,224,Lost,Top Value
1718920,492,3,3415.42,3,5,3,353,Loyal,Medium Value
1719466,929,1,747.99,1,2,1,121,Lost,Low Value
1719541,855,2,409.89,2,4,1,241,Lost,Low Value
1719596,347,2,2590.49,4,4,3,443,Loyal,Medium Value
1719777,1158,2,3219.4500000000003,1,4,3,143,At Risk,Medium Value
1719794,17,9,15021.16,5,5,5,555,Champions,Top Value
1719829,1445,1,1184.97,1,2,2,122,Lost,Low Value
1719849,485,2,4572.12,3,4,4,344,Loyal,Medium Value
1719990,486,3,2012.72,3,5,2,352,Loyal,Medium Value
1720025,659,2,4088.5,2,4,4,244,At Risk,Medium Value
1720029,1006,3,25063.53,1,5,5,155,At Risk,Top Value
1720050,905,2,1426.51,1,4,2,142,Lost,Low Value
1720112,1011,1,1749.0,1,2,2,122,Lost,Medium Value
1720405,423,3,3583.25,4,5,3,453,Loyal,Medium Value
1720475,2,1,190.0,5,2,1,521,Loyal,Low Value
1720870,582,1,269.0,3,2,1,321,Loyal,Low Value
1720942,499,2,6614.5,3,4,4,344,Loyal,Top Value
1720965,815,1,2096.65,2,2,2,222,Lost,Medium Value
1721037,412,2,3520.37,4,4,3,443,Loyal,Medium Value
1721080,596,1,1292.72,3,2,2,322,Loyal,Low Value
1721634,71,4,7639.39,5,5,5,555,Champions,Top Value
1721961,778,4,4285.889999999999,2,5,4,254,At Risk,Medium Value
1722159,404,1,624.0,4,2,1,421,Loyal,Low Value
1722247,6,3,13386.09,5,5,5,555,Champions,Top Value
1722271,470,3,4624.19,3,5,4,354,Loyal,Medium Value
1722330,1460,2,3822.4,1,4,3,143,At Risk,Medium Value
1722337,383,3,6537.85,4,5,4,454,Champions,Top Value
1722524,626,3,2254.45,2,5,3,253,At Risk,Medium Value
1722764,29,3,4660.25,5,5,4,554,Champions,Medium Value
1722802,410,5,14419.150000000001,4,5,5,455,Champions,Top Value
1722880,438,3,9062.22,3,5,5,355,Loyal,Top Value
1722993,857,1,6222.4,2,2,4,224,Lost,Top Value
1723103,372,4,1788.8400000000001,4,5,2,452,Loyal,Medium Value
1723161,381,1,115.76,4,2,1,421,Loyal,Low Value
1723332,740,1,9523.0,2,2,5,225,Lost,Top Value
1723372,408,3,4826.66,4,5,4,454,Champions,Medium Value
1723530,204,6,11538.93,5,5,5,555,Champions,Top Value
1723864,506,2,8201.58,3,4,5,345,Loyal,Top Value
1724062,9,4,9558.17,5,5,5,555,Champions,Top Value
1724286,519,2,10224.34,3,4,5,345,Loyal,Top Value
1724519,85,1,17364.95,5,2,5,525,Need Attention,Top Value
1724660,731,2,13857.89,2,4,5,245,At Risk,Top Value
1724776,515,4,7945.92,3,5,5,355,Loyal,Top Value
1724782,397,6,19861.93,4,5,5,455,Champions,Top Value
1724786,421,3,2444.0099999999998,4,5,3,453,Loyal,Medium Value
1724799,348,3,2614.58,4,5,3,453,Loyal,Medium Value
1724829,425,3,7275.92,4,5,4,454,Champions,Top Value
1725488,251,3,3407.0,5,5,3,553,Loyal,Medium Value
1725975,1135,2,1090.05,1,4,2,142,Lost,Low Value
1726473,572,1,530.9,3,2,1,321,Loyal,Low Value
1726826,775,1,936.0,2,2,2,222,Lost,Low Value
1727024,353,2,215.89000000000001,4,4,1,441,Loyal,Low Value
1727049,519,2,3724.9700000000003,3,4,3,343,Loyal,Medium Value
1727268,626,1,1071.8,2,2,2,222,Lost,Low Value
1727550,604,2,2908.1000000000004,3,4,3,343,Loyal,Medium Value
1727561,58,3,12927.0,5,5,5,555,Champions,Top Value
1727572,368,1,4362.860000000001,4,2,4,424,Need Attention,Medium Value
1727849,661,4,23732.7,2,5,5,255,At Risk,Top Value
1728060,1,5,3144.5499999999997,5,5,3,553,Loyal,Medium Value
1728275,1145,2,2309.18,1,4,3,143,At Risk,Medium Value
1728306,719,2,7741.8,2,4,5,245,At Risk,Top Value
1728581,555,4,22953.37,3,5,5,355,Loyal,Top Value
1728981,587,1,9001.64,3,2,5,325,Need Attention,Top Value
1729134,914,1,3262.65,1,2,3,123,Lost,Medium Value
1729199,422,2,6704.52,4,4,4,444,Champions,Top Value
1729213,1510,1,296.0,1,2,1,121,Lost,Low Value
1729347,373,4,9627.7,4,5,5,455,Champions,Top Value
1729473,225,2,2072.45,5,4,2,542,Loyal,Medium Value
1729484,353,4,7232.28,4,5,4,454,Champions,Top Value
1729535,489,1,4369.3,3,2,4,324,Need Attention,Medium Value
1729563,363,1,4317.48,4,2,4,424,Need Attention,Medium Value
1729878,303,6,2277.13,5,5,3,553,Loyal,Medium Value
1730084,362,4,8360.8,4,5,5,455,Champions,Top Value
1730127,170,4,6473.66,5,5,4,554,Champions,Top Value
1730150,1004,1,736.4000000000001,1,2,1,121,Lost,Low Value
1730190,777,2,2024.88,2,4,2,242,Lost,Medium Value
1730210,1856,1,56.99,1,2,1,121,Lost,Low Value
1730391,8,7,13126.76,5,5,5,555,Champions,Top Value
1730479,512,4,19479.61,3,5,5,355,Loyal,Top Value
1730522,893,2,2657.89,1,4,3,143,At Risk,Medium Value
1730966,9,5,20589.690000000002,5,5,5,555,Champions,Top Value
1730985,1877,1,3967.0,1,2,3,123,Lost,Medium Value
1731008,950,1,1176.97,1,2,2,122,Lost,Low Value
1731452,368,2,5846.0,4,4,4,444,Champions,Top Value
1731467,376,2,3743.0,4,4,3,443,Loyal,Medium Value
1731694,368,1,5937.99,4,2,4,424,Need Attention,Top Value
1731696,1002,2,2159.78,1,4,2,142,Lost,Medium Value
1732017,1640,1,329.96999999999997,1,2,1,121,Lost,Low Value
1732048,1251,1,179.99,1,2,1,121,Lost,Low Value
1732121,472,2,4249.76,3,4,4,344,Loyal,Medium Value
1732250,1588,1,526.0,1,2,1,121,Lost,Low Value
1732258,1201,1,992.0,1,2,2,122,Lost,Low Value
1732455,872,1,4117.2,2,2,4,224,Lost,Medium Value
1732554,540,1,1257.8,3,2,2,322,Loyal,Low Value
1732613,348,2,3064.96,4,4,3,443,Loyal,Medium Value
1732661,649,3,691.79,2,5,1,251,Lost,Low Value
1732784,367,3,6390.29,4,5,4,454,Champions,Top Value
1732890,395,1,1857.0,4,2,2,422,Loyal,Medium Value
1733137,438,2,3383.94,3,4,3,343,Loyal,Medium Value
1733373,1180,1,345.0,1,2,1,121,Lost,Low Value
1733399,365,2,5242.99,4,4,4,444,Champions,Top Value
1733897,537,4,5250.9,3,5,4,354,Loyal,Top Value
1733927,192,3,6257.76,5,5,4,554,Champions,Top Value
1734698,606,7,7809.87,3,5,5,355,Loyal,Top Value
1734732,910,1,407.92,1,2,1,121,Lost,Low Value
1735123,249,1,257.94,5,2,1,521,Loyal,Low Value
1735125,428,2,5554.32,4,4,4,444,Champions,Top Value
1735139,470,2,687.99,3,4,1,341,Loyal,Low Value
1735191,367,4,10810.66,4,5,5,455,Champions,Top Value
1735272,610,2,1546.89,2,4,2,242,Lost,Low Value
1735341,510,3,1010.8199999999999,3,5,2,352,Loyal,Low Value
1735668,340,3,4322.9,5,5,4,554,Champions,Medium Value
1735845,780,2,1853.0300000000002,2,4,2,242,Lost,Medium Value
1736019,760,3,2996.12,2,5,3,253,At Risk,Medium Value
1736139,267,6,28425.35,5,5,5,555,Champions,Top Value
1736140,1814,1,1815.49,1,2,2,122,Lost,Medium Value
1736495,932,2,6633.96,1,4,4,144,At Risk,Top Value
1736536,662,3,1190.98,2,5,2,252,Lost,Low Value
1736614,657,3,1355.95,2,5,2,252,Lost,Low Value
1736623,249,7,7412.59,5,5,4,554,Champions,Top Value
1736630,633,1,238.02,2,2,1,221,Lost,Low Value
1737038,1464,2,1574.01,1,4,2,142,Lost,Low Value
1737226,603,2,3678.49,3,4,3,343,Loyal,Medium Value
1737326,795,2,9883.38,2,4,5,245,At Risk,Top Value
1737466,1,8,4816.97,5,5,4,554,Champions,Medium Value
1737591,493,4,7973.28,3,5,5,355,Loyal,Top Value
1737854,217,3,6514.56,5,5,4,554,Champions,Top Value
1737921,553,4,2908.6400000000003,3,5,3,353,Loyal,Medium Value
1738064,453,5,5694.88,3,5,4,354,Loyal,Top Value
1738243,544,3,2640.6,3,5,3,353,Loyal,Medium Value
1738306,540,3,16943.33,3,5,5,355,Loyal,Top Value
1738341,6,2,2889.79,5,4,3,543,Loyal,Medium Value
1738345,43,2,5012.2300000000005,5,4,4,544,Champions,Top Value
1738514,1184,1,51.0,1,2,1,121,Lost,Low Value
1738542,1149,1,1135.35,1,2,2,122,Lost,Low Value
1738685,823,2,21538.94,2,4,5,245,At Risk,Top Value
1738763,1258,2,6973.93,1,4,4,144,At Risk,Top Value
1739377,78,5,3859.38,5,5,3,553,Loyal,Medium Value
1739383,624,1,147.0,2,2,1,221,Lost,Low Value
1739969,378,2,10967.08,4,4,5,445,Champions,Top Value
1739983,372,6,4490.61,4,5,4,454,Champions,Medium Value
1739992,38,4,4226.42,5,5,4,554,Champions,Medium Value
1740013,192,3,5154.25,5,5,4,554,Champions,Top Value
1740312,464,1,3243.3999999999996,3,2,3,323,Loyal,Medium Value
1740334,33,1,2334.08,5,2,3,523,Loyal,Medium Value
1740766,253,4,2594.42,5,5,3,553,Loyal,Medium Value
1740840,204,2,870.4,5,4,2,542,Loyal,Low Value
1740873,409,4,9960.32,4,5,5,455,Champions,Top Value
1741021,6,3,1778.45,5,5,2,552,Loyal,Medium Value
1741351,193,6,7576.87,5,5,5,555,Champions,Top Value
1741571,127,3,4171.95,5,5,4,554,Champions,Medium Value
1741581,459,2,4266.99,3,4,4,344,Loyal,Medium Value
1741944,901,1,2995.98,1,2,3,123,Lost,Medium Value
1742077,466,2,859.6899999999999,3,4,2,342,Loyal,Low Value
1742088,362,4,5739.259999999999,4,5,4,454,Champions,Top Value
1742261,365,2,805.96,4,4,1,441,Loyal,Low Value
1742326,358,2,2650.0,4,4,3,443,Loyal,Medium Value
1742432,717,1,77.68,2,2,1,221,Lost,Low Value
1742438,1724,1,5516.99,1,2,4,124,Lost,Top Value
1742626,386,1,2252.71,4,2,3,423,Loyal,Medium Value
1742787,1019,1,5208.93,1,2,4,124,Lost,Top Value
1742913,365,1,132.99,4,2,1,421,Loyal,Low Value
1743080,605,3,13652.01,3,5,5,355,Loyal,Top Value
1743083,492,2,2795.98,3,4,3,343,Loyal,Medium Value
1743133,795,3,4688.37,2,5,4,254,At Risk,Medium Value
1743422,36,2,361.35999999999996,5,4,1,541,Loyal,Low Value
1743547,3,1,21.57,5,2,1,521,Loyal,Low Value
1744031,144,3,10972.24,5,5,5,555,Champions,Top Value
1744333,1124,1,297.68000000000006,1,2,1,121,Lost,Low Value
1744383,498,1,349.0,3,2,1,321,Loyal,Low Value
1744411,1080,1,119.97999999999999,1,2,1,121,Lost,Low Value
1744437,409,3,1718.97,4,5,2,452,Loyal,Medium Value
1745076,379,7,12914.279999999999,4,5,5,455,Champions,Top Value
1745111,410,4,7686.68,4,5,5,455,Champions,Top Value
1745187,1447,3,8180.58,1,5,5,155,At Risk,Top Value
1745222,370,2,892.87,4,4,2,442,Loyal,Low Value
1745312,104,4,10380.52,5,5,5,555,Champions,Top Value
1745379,478,5,10819.95,3,5,5,355,Loyal,Top Value
1745497,727,3,10948.52,2,5,5,255,At Risk,Top Value
1745820,267,3,6287.51,5,5,4,554,Champions,Top Value
1745966,786,2,2940.5,2,4,3,243,At Risk,Medium Value
1746184,362,3,3229.04,4,5,3,453,Loyal,Medium Value
1746251,369,3,6943.870000000001,4,5,4,454,Champions,Top Value
1746274,296,2,10983.98,5,4,5,545,Champions,Top Value
1746364,357,4,13518.3,4,5,5,455,Champions,Top Value
1746527,223,3,12017.64,5,5,5,555,Champions,Top Value
1747015,453,5,3889.8500000000004,3,5,3,353,Loyal,Medium Value
1747078,525,3,7394.93,3,5,4,354,Loyal,Top Value
1747611,85,2,3089.5600000000004,5,4,3,543,Loyal,Medium Value
1748140,445,4,11705.97,3,5,5,355,Loyal,Top Value
1748309,505,1,749.95,3,2,1,321,Loyal,Low Value
1748312,422,4,9209.31,4,5,5,455,Champions,Top Value
1748682,520,2,9239.869999999999,3,4,5,345,Loyal,Top Value
1749088,169,4,2020.08,5,5,2,552,Loyal,Medium Value
1749144,1754,1,642.0,1,2,1,121,Lost,Low Value
1749145,813,1,408.0,2,2,1,221,Lost,Low Value
1749157,370,3,16761.85,4,5,5,455,Champions,Top Value
1749311,597,2,1748.83,3,4,2,342,Loyal,Medium Value
1749380,360,3,667.79,4,5,1,451,Loyal,Low Value
1749542,458,4,8047.28,3,5,5,355,Loyal,Top Value
1749596,439,1,28.0,3,2,1,321,Loyal,Low Value
1750109,346,1,2029.76,4,2,2,422,Loyal,Medium Value
1750142,606,2,12141.06,3,4,5,345,Loyal,Top Value
1750248,443,2,817.9200000000001,3,4,1,341,Loyal,Low Value
1750322,415,1,529.0,4,2,1,421,Loyal,Low Value
1750451,723,1,5097.66,2,2,4,224,Lost,Top Value
1750513,526,6,7628.87,3,5,5,355,Loyal,Top Value
1750528,499,4,2324.42,3,5,3,353,Loyal,Medium Value
1750554,1508,2,14888.42,1,4,5,145,At Risk,Top Value
1750735,299,1,2059.98,5,2,2,522,Loyal,Medium Value
1751015,744,2,9068.25,2,4,5,245,At Risk,Top Value
1751091,741,5,10109.36,2,5,5,255,At Risk,Top Value
1751123,436,3,3565.71,3,5,3,353,Loyal,Medium Value
1751553,486,1,69.0,3,2,1,321,Loyal,Low Value
1751728,65,1,258.0,5,2,1,521,Loyal,Low Value
1751918,751,1,84.0,2,2,1,221,Lost,Low Value
1752012,452,3,4507.92,3,5,4,354,Loyal,Medium Value
1752287,885,2,815.64,1,4,1,141,Lost,Low Value
1752382,1240,1,1763.99,1,2,2,122,Lost,Medium Value
1752592,415,2,2210.95,4,4,3,443,Loyal,Medium Value
1752596,1459,1,835.0,1,2,1,121,Lost,Low Value
1752797,379,2,2397.05,4,4,3,443,Loyal,Medium Value
1752811,507,1,477.98,3,2,1,321,Loyal,Low Value
1753006,1637,1,1122.81,1,2,2,122,Lost,Low Value
1753015,47,6,5287.71,5,5,4,554,Champions,Top Value
1753324,1208,1,399.9,1,2,1,121,Lost,Low Value
1753601,387,2,14011.93,4,4,5,445,Champions,Top Value
1754112,519,3,6680.1,3,5,4,354,Loyal,Top Value
1754192,386,3,4271.13,4,5,4,454,Champions,Medium Value
1754205,578,3,9491.220000000001,3,5,5,355,Loyal,Top Value
1754312,612,3,3764.6499999999996,2,5,3,253,At Risk,Medium Value
1754382,116,3,2041.18,5,5,2,552,Loyal,Medium Value
1754483,424,2,293.76,4,4,1,441,Loyal,Low Value
1754573,1501,1,5354.58,1,2,4,124,Lost,Top Value
1754849,577,3,3317.38,3,5,3,353,Loyal,Medium Value
1754919,1649,1,1099.75,1,2,2,122,Lost,Low Value
1755082,71,1,28.0,5,2,1,521,Loyal,Low Value
1755084,1655,1,3639.6099999999997,1,2,3,123,Lost,Medium Value
1755623,519,2,2056.0,3,4,2,342,Loyal,Medium Value
1755730,130,2,5825.9400000000005,5,4,4,544,Champions,Top Value
1755769,869,1,579.0,2,2,1,221,Lost,Low Value
1755781,394,4,16987.73,4,5,5,455,Champions,Top Value
1755993,11,2,8935.9,5,4,5,545,Champions,Top Value
1756027,264,3,19542.46,5,5,5,555,Champions,Top Value
1756123,662,5,15390.23,2,5,5,255,At Risk,Top Value
1756154,400,2,3898.9,4,4,3,443,Loyal,Medium Value
1756245,358,6,8356.59,4,5,5,455,Champions,Top Value
1756332,645,2,5699.52,2,4,4,244,At Risk,Top Value
1756350,526,3,5532.86,3,5,4,354,Loyal,Top Value
1756364,17,4,21670.61,5,5,5,555,Champions,Top Value
1756681,730,4,7993.38,2,5,5,255,At Risk,Top Value
1756709,859,2,3863.0099999999998,2,4,3,243,At Risk,Medium Value
1756761,1362,1,115.0,1,2,1,121,Lost,Low Value
1756921,68,1,638.96,5,2,1,521,Loyal,Low Value
1757500,430,2,5285.87,4,4,4,444,Champions,Top Value
1757539,407,2,3825.2,4,4,3,443,Loyal,Medium Value
1757948,228,1,1468.9,5,2,2,522,Loyal,Low Value
1758051,1625,1,5528.9,1,2,4,124,Lost,Top Value
1758053,375,2,7209.48,4,4,4,444,Champions,Top Value
1758208,99,2,902.95,5,4,2,542,Loyal,Low Value
1758240,470,1,349.92,3,2,1,321,Loyal,Low Value
1758421,109,4,2381.59,5,5,3,553,Loyal,Medium Value
1758439,736,2,8946.69,2,4,5,245,At Risk,Top Value
1758999,1084,1,11378.0,1,2,5,125,Lost,Top Value
1759717,565,3,3042.7,3,5,3,353,Loyal,Medium Value
1759870,656,1,1234.76,2,2,2,222,Lost,Low Value
1760076,129,6,27502.48,5,5,5,555,Champions,Top Value
1760131,256,2,235.23,5,4,1,541,Loyal,Low Value
1760136,731,3,6149.91,2,5,4,254,At Risk,Top Value
1760369,1096,1,4439.35,1,2,4,124,Lost,Medium Value
1760929,94,3,10971.57,5,5,5,555,Champions,Top Value
1761007,473,2,782.1800000000001,3,4,1,341,Loyal,Low Value
1761079,746,3,3289.57,2,5,3,253,At Risk,Medium Value
1761462,1846,1,5588.14,1,2,4,124,Lost,Top Value
1761592,270,5,13401.71,5,5,5,555,Champions,Top Value
1761910,503,3,7779.5,3,5,5,355,Loyal,Top Value
1762395,794,2,5526.76,2,4,4,244,At Risk,Top Value
1762396,407,2,3901.92,4,4,3,443,Loyal,Medium Value
1762467,292,5,4670.33,5,5,4,554,Champions,Medium Value
1762532,773,1,5442.0,2,2,4,224,Lost,Top Value
1762564,521,2,3715.5,3,4,3,343,Loyal,Medium Value
1763016,370,7,4225.17,4,5,4,454,Champions,Medium Value
1763082,596,4,7453.389999999999,3,5,4,354,Loyal,Top Value
1763268,788,2,1768.73,2,4,2,242,Lost,Medium Value
1763365,366,5,8941.67,4,5,5,455,Champions,Top Value
1763456,367,2,5058.13,4,4,4,444,Champions,Top Value
1763514,421,2,3756.88,4,4,3,443,Loyal,Medium Value
1763642,36,6,19734.21,5,5,5,555,Champions,Top Value
1763841,1159,1,2088.99,1,2,2,122,Lost,Medium Value
1764107,1075,1,859.8299999999999,1,2,2,122,Lost,Low Value
1764261,662,1,312.0,2,2,1,221,Lost,Low Value
1764444,101,5,7208.61,5,5,4,554,Champions,Top Value
1764577,593,1,2123.94,3,2,2,322,Loyal,Medium Value
1764598,432,1,937.99,4,2,2,422,Loyal,Low Value
1764911,213,2,3792.91,5,4,3,543,Loyal,Medium Value
1764995,272,4,16878.11,5,5,5,555,Champions,Top Value
1765105,389,2,2011.43,4,4,2,442,Loyal,Medium Value
1765324,577,4,11768.82,3,5,5,355,Loyal,Top Value
1765346,605,1,99.0,3,2,1,321,Loyal,Low Value
1765360,225,6,6367.95,5,5,4,554,Champions,Top Value
1765384,919,3,8640.98,1,5,5,155,At Risk,Top Value
1765579,1851,1,94.99,1,2,1,121,Lost,Low Value
1765634,738,2,20297.0,2,4,5,245,At Risk,Top Value
1765668,788,3,14785.68,2,5,5,255,At Risk,Top Value
1765862,428,3,4278.0,4,5,4,454,Champions,Medium Value
1765910,741,3,5988.66,2,5,4,254,At Risk,Top Value
1765915,388,3,7835.4,4,5,5,455,Champions,Top Value
1765917,873,1,4615.34,2,2,4,224,Lost,Medium Value
1766136,512,1,567.67,3,2,1,321,Loyal,Low Value
1766407,1474,1,623.7800000000001,1,2,1,121,Lost,Low Value
1766504,1625,1,15501.96,1,2,5,125,Lost,Top Value
1766556,727,1,1156.88,2,2,2,222,Lost,Low Value
1766887,438,3,19543.49,3,5,5,355,Loyal,Top Value
1766951,648,2,2187.0,2,4,3,243,At Risk,Medium Value
1767101,752,1,2273.92,2,2,3,223,Lost,Medium Value
1767210,1317,1,3672.3499999999995,1,2,3,123,Lost,Medium Value
1767377,958,3,4394.27,1,5,4,154,At Risk,Medium Value
1767588,596,1,1223.06,3,2,2,322,Loyal,Low Value
1767794,500,3,6197.91,3,5,4,354,Loyal,Top Value
1767848,955,1,1873.76,1,2,2,122,Lost,Medium Value
1767858,410,3,24046.99,4,5,5,455,Champions,Top Value
1768079,722,2,4669.93,2,4,4,244,At Risk,Medium Value
1768180,447,3,4525.09,3,5,4,354,Loyal,Medium Value
1768281,113,1,460.0,5,2,1,521,Loyal,Low Value
1768548,795,2,798.22,2,4,1,241,Lost,Low Value
1768600,737,1,12808.5,2,2,5,225,Lost,Top Value
1768779,421,3,4268.05,4,5,4,454,Champions,Medium Value
1768999,911,1,1677.0,1,2,2,122,Lost,Low Value
1769156,386,2,10345.0,4,4,5,445,Champions,Top Value
1769294,6,2,1128.79,5,4,2,542,Loyal,Low Value
1769400,477,2,4000.22,3,4,3,343,Loyal,Medium Value
1770021,382,4,8139.1,4,5,5,455,Champions,Top Value
1770119,130,1,4399.39,5,2,4,524,Need Attention,Medium Value
1770393,379,2,118.86999999999999,4,4,1,441,Loyal,Low Value
1770405,136,2,6491.92,5,4,4,544,Champions,Top Value
1770497,502,3,6543.98,3,5,4,354,Loyal,Top Value
1770572,1516,1,380.70000000000005,1,2,1,121,Lost,Low Value
1771027,918,2,1893.6599999999999,1,4,2,142,Lost,Medium Value
1771171,364,3,2169.33,4,5,3,453,Loyal,Medium Value
1771225,382,4,17716.69,4,5,5,455,Champions,Top Value
1771228,374,2,5266.42,4,4,4,444,Champions,Top Value
1771296,988,2,13135.18,1,4,5,145,At Risk,Top Value
1771430,444,4,1304.33,3,5,2,352,Loyal,Low Value
1771687,487,1,16306.0,3,2,5,325,Need Attention,Top Value
1772294,668,1,975.8199999999999,2,2,2,222,Lost,Low Value
1772324,539,3,3256.99,3,5,3,353,Loyal,Medium Value
1772502,452,3,2149.28,3,5,2,352,Loyal,Medium Value
1772543,50,2,2905.48,5,4,3,543,Loyal,Medium Value
1772750,445,1,3061.1099999999997,3,2,3,323,Loyal,Medium Value
1772778,412,5,7544.4,4,5,5,455,Champions,Top Value
1772938,796,1,2105.64,2,2,2,222,Lost,Medium Value
1773061,281,4,6409.95,5,5,4,554,Champions,Top Value
1773266,1148,1,3406.5499999999997,1,2,3,123,Lost,Medium Value
1773702,898,2,8041.04,1,4,5,145,At Risk,Top Value
1773883,375,1,2254.9700000000003,4,2,3,423,Loyal,Medium Value
1773985,619,3,7501.85,2,5,5,255,At Risk,Top Value
1774119,207,3,2393.95,5,5,3,553,Loyal,Medium Value
1774187,542,2,8297.0,3,4,5,345,Loyal,Top Value
1774947,633,1,255.0,2,2,1,221,Lost,Low Value
1775004,534,1,2373.0,3,2,3,323,Loyal,Medium Value
1775251,395,1,504.0,4,2,1,421,Loyal,Low Value
1775279,1663,1,1608.9099999999999,1,2,2,122,Lost,Low Value
1775355,349,3,1704.98,4,5,2,452,Loyal,Medium Value
1775445,440,3,7728.6,3,5,5,355,Loyal,Top Value
1775632,727,1,22.89,2,2,1,221,Lost,Low Value
1775819,659,4,7137.76,2,5,4,254,At Risk,Top Value
1775846,437,1,312.0,3,2,1,321,Loyal,Low Value
1776672,907,4,8880.08,1,5,5,155,At Risk,Top Value
1776919,1267,2,1394.72,1,4,2,142,Lost,Low Value
1777022,276,5,6636.17,5,5,4,554,Champions,Top Value
1777025,275,2,2988.71,5,4,3,543,Loyal,Medium Value
1777218,792,4,7396.41,2,5,4,254,At Risk,Top Value
1777562,973,1,1661.8500000000001,1,2,2,122,Lost,Low Value
1777744,456,3,5858.65,3,5,4,354,Loyal,Top Value
1777880,999,2,6827.97,1,4,4,144,At Risk,Top Value
1777945,415,2,590.7,4,4,1,441,Loyal,Low Value
1778037,1158,1,1340.0,1,2,2,122,Lost,Low Value
1778116,820,2,679.98,2,4,1,241,Lost,Low Value
1778182,612,1,501.96000000000004,2,2,1,221,Lost,Low Value
1778282,752,3,12817.61,2,5,5,255,At Risk,Top Value
1778294,543,2,1371.3400000000001,3,4,2,342,Loyal,Low Value
1778317,92,3,3377.52,5,5,3,553,Loyal,Medium Value
1778440,50,5,14921.93,5,5,5,555,Champions,Top Value
1778475,428,1,1868.0800000000002,4,2,2,422,Loyal,Medium Value
1778536,366,4,8606.91,4,5,5,455,Champions,Top Value
1778618,405,3,22932.88,4,5,5,455,Champions,Top Value
1778793,870,1,2672.81,2,2,3,223,Lost,Medium Value
1778966,369,1,59.99,4,2,1,421,Loyal,Low Value
1779456,458,1,4132.97,3,2,4,324,Need Attention,Medium Value
1779533,517,4,5170.46,3,5,4,354,Loyal,Top Value
1779637,486,3,3847.03,3,5,3,353,Loyal,Medium Value
1779884,918,1,898.99,1,2,2,122,Lost,Low Value
1780040,465,4,32975.15,3,5,5,355,Loyal,Top Value
1780047,190,2,1158.97,5,4,2,542,Loyal,Low Value
1780125,8,3,6834.0199999999995,5,5,4,554,Champions,Top Value
1780196,781,1,1668.04,2,2,2,222,Lost,Low Value
1780221,96,5,4492.93,5,5,4,554,Champions,Medium Value
1780342,262,1,298.95000000000005,5,2,1,521,Loyal,Low Value
1780349,456,3,5735.42,3,5,4,354,Loyal,Top Value
1780459,750,2,4319.32,2,4,4,244,At Risk,Medium Value
1780660,1510,1,1184.97,1,2,2,122,Lost,Low Value
1780669,768,4,27359.55,2,5,5,255,At Risk,Top Value
1780687,402,3,7096.039999999999,4,5,4,454,Champions,Top Value
1780707,500,2,5426.0,3,4,4,344,Loyal,Top Value
1781002,1257,1,5036.98,1,2,4,124,Lost,Top Value
1781033,554,4,9798.279999999999,3,5,5,355,Loyal,Top Value
1781366,1709,1,6922.66,1,2,4,124,Lost,Top Value
1781561,726,3,1944.26,2,5,2,252,Lost,Medium Value
1781953,136,4,4908.17,5,5,4,554,Champions,Medium Value
1782074,31,5,9639.77,5,5,5,555,Champions,Top Value
1782076,1824,1,3668.0,1,2,3,123,Lost,Medium Value
1782301,169,3,5579.530000000001,5,5,4,554,Champions,Top Value
1782404,715,1,16.5,2,2,1,221,Lost,Low Value
1782452,419,4,11993.9,4,5,5,455,Champions,Top Value
1782682,438,4,13309.09,3,5,5,355,Loyal,Top Value
1783167,500,4,6300.46,3,5,4,354,Loyal,Top Value
1783253,599,2,1653.94,3,4,2,342,Loyal,Low Value
1783443,410,4,6821.72,4,5,4,454,Champions,Top Value
1783597,720,3,3514.74,2,5,3,253,At Risk,Medium Value
1783631,1,3,5336.57,5,5,4,554,Champions,Top Value
1783789,736,1,2082.8,2,2,2,222,Lost,Medium Value
1783995,848,2,3097.0,2,4,3,243,At Risk,Medium Value
1783996,583,3,5090.57,3,5,4,354,Loyal,Top Value
1784345,1550,1,7734.0,1,2,5,125,Lost,Top Value
1784417,117,2,2486.31,5,4,3,543,Loyal,Medium Value
1784511,834,1,2494.1800000000003,2,2,3,223,Lost,Medium Value
1784517,50,5,7041.93,5,5,4,554,Champions,Top Value
1784567,288,2,386.89,5,4,1,541,Loyal,Low Value
1784590,814,3,4626.46,2,5,4,254,At Risk,Medium Value
1784636,433,2,1284.45,4,4,2,442,Loyal,Low Value
1784986,54,4,3148.17,5,5,3,553,Loyal,Medium Value
1785081,661,1,88.62,2,2,1,221,Lost,Low Value
1785366,606,1,519.98,3,2,1,321,Loyal,Low Value
1785567,418,6,8898.19,4,5,5,455,Champions,Top Value
1785644,26,7,11769.99,5,5,5,555,Champions,Top Value
1785720,403,3,3098.94,4,5,3,453,Loyal,Medium Value
1785735,422,4,8212.84,4,5,5,455,Champions,Top Value
1785853,857,3,3926.98,2,5,3,253,At Risk,Medium Value
1785982,253,3,7345.5,5,5,4,554,Champions,Top Value
1787415,75,2,5535.97,5,4,4,544,Champions,Top Value
1787494,1642,1,1148.97,1,2,2,122,Lost,Low Value
1788027,474,1,1582.0,3,2,2,322,Loyal,Low Value
1788149,197,2,13119.74,5,4,5,545,Champions,Top Value
1788303,1437,1,3766.0,1,2,3,123,Lost,Medium Value
1788365,444,3,1484.76,3,5,2,352,Loyal,Low Value
1788641,491,4,15433.33,3,5,5,355,Loyal,Top Value
1788837,255,2,7613.429999999999,5,4,5,545,Champions,Top Value
1788888,591,2,6997.84,3,4,4,344,Loyal,Top Value
1789606,788,3,5009.96,2,5,4,254,At Risk,Top Value
1789699,237,6,19728.64,5,5,5,555,Champions,Top Value
1789789,409,3,4321.599999999999,4,5,4,454,Champions,Medium Value
1789839,1630,1,3205.25,1,2,3,123,Lost,Medium Value
1789996,415,4,5608.59,4,5,4,454,Champions,Top Value
1790102,1338,1,1501.0700000000002,1,2,2,122,Lost,Low Value
1790139,1368,2,7308.9400000000005,1,4,4,144,At Risk,Top Value
1790221,510,2,1930.3799999999999,3,4,2,342,Loyal,Medium Value
1790366,484,4,8746.1,3,5,5,355,Loyal,Top Value
1790382,435,1,219.95,3,2,1,321,Loyal,Low Value
1790385,519,4,3076.74,3,5,3,353,Loyal,Medium Value
1790410,1101,1,2810.45,1,2,3,123,Lost,Medium Value
1790439,965,2,3789.95,1,4,3,143,At Risk,Medium Value
1790446,288,3,3064.55,5,5,3,553,Loyal,Medium Value
1790540,250,3,4046.5499999999997,5,5,3,553,Loyal,Medium Value
1790575,1464,2,3377.25,1,4,3,143,At Risk,Medium Value
1790611,568,2,6517.63,3,4,4,344,Loyal,Top Value
1790883,372,3,8200.04,4,5,5,455,Champions,Top Value
1791044,146,6,6757.38,5,5,4,554,Champions,Top Value
1791069,456,3,1995.84,3,5,2,352,Loyal,Medium Value
1791133,814,1,1048.99,2,2,2,222,Lost,Low Value
1791157,410,1,132.99,4,2,1,421,Loyal,Low Value
1791454,428,2,4956.26,4,4,4,444,Champions,Top Value
1791691,859,1,236.06,2,2,1,221,Lost,Low Value
1792010,381,3,3319.61,4,5,3,453,Loyal,Medium Value
1792062,928,1,3301.28,1,2,3,123,Lost,Medium Value
1792273,1108,2,664.76,1,4,1,141,Lost,Low Value
1792421,659,4,2952.36,2,5,3,253,At Risk,Medium Value
1792455,1028,1,864.0,1,2,2,122,Lost,Low Value
1792550,759,3,7480.91,2,5,4,254,At Risk,Top Value
1792653,767,1,580.0,2,2,1,221,Lost,Low Value
1792688,360,4,5812.32,4,5,4,454,Champions,Top Value
1792707,259,4,6942.97,5,5,4,554,Champions,Top Value
1792947,1352,2,1097.67,1,4,2,142,Lost,Low Value
1793136,638,1,6302.9400000000005,2,2,4,224,Lost,Top Value
1793197,757,2,6816.85,2,4,4,244,At Risk,Top Value
1793240,853,2,7083.500000000001,2,4,4,244,At Risk,Top Value
1793371,724,1,2199.17,2,2,3,223,Lost,Medium Value
1793467,453,2,2221.96,3,4,3,343,Loyal,Medium Value
1794593,31,3,969.4200000000001,5,5,2,552,Loyal,Low Value
1794768,918,1,129.9,1,2,1,121,Lost,Low Value
1794796,61,3,4144.13,5,5,4,554,Champions,Medium Value
1794860,1147,1,8147.52,1,2,5,125,Lost,Top Value
1794922,422,3,12242.949999999999,4,5,5,455,Champions,Top Value
1795078,804,1,7039.46,2,2,4,224,Lost,Top Value
1795387,358,1,1822.5700000000002,4,2,2,422,Loyal,Medium Value
1795527,1669,1,798.97,1,2,1,121,Lost,Low Value
1795690,240,5,5393.63,5,5,4,554,Champions,Top Value
1795837,514,4,711.9300000000001,3,5,1,351,Loyal,Low Value
1795866,498,1,199.99,3,2,1,321,Loyal,Low Value
1796158,377,1,3021.84,4,2,3,423,Loyal,Medium Value
1796189,479,3,13676.189999999999,3,5,5,355,Loyal,Top Value
1796196,291,1,1103.8899999999999,5,2,2,522,Loyal,Low Value
1796381,543,1,6752.7,3,2,4,324,Need Attention,Top Value
1796733,533,3,8459.08,3,5,5,355,Loyal,Top Value
1796950,475,3,8218.77,3,5,5,355,Loyal,Top Value
1797082,628,1,920.0,2,2,2,222,Lost,Low Value
1797122,395,1,205.0,4,2,1,421,Loyal,Low Value
1797235,720,3,1834.96,2,5,2,252,Lost,Medium Value
1797536,494,2,1398.7,3,4,2,342,Loyal,Low Value
1797850,939,3,12685.66,1,5,5,155,At Risk,Top Value
1797885,384,1,5410.9,4,2,4,424,Need Attention,Top Value
1798806,541,4,4417.15,3,5,4,354,Loyal,Medium Value
1798962,1473,1,188.0,1,2,1,121,Lost,Low Value
1798993,879,1,101.39999999999999,1,2,1,121,Lost,Low Value
1799269,38,5,8110.87,5,5,5,555,Champions,Top Value
1799542,874,2,1723.21,2,4,2,242,Lost,Medium Value
1799621,232,2,802.88,5,4,1,541,Loyal,Low Value
1799821,471,3,4162.99,3,5,4,354,Loyal,Medium Value
1800131,349,6,11658.07,4,5,5,455,Champions,Top Value
1800201,821,1,1605.8000000000002,2,2,2,222,Lost,Low Value
1800672,295,1,2583.29,5,2,3,523,Loyal,Medium Value
1800716,872,2,917.98,2,4,2,242,Lost,Low Value
1800847,401,2,931.89,4,4,2,442,Loyal,Low Value
1801025,785,1,652.0,2,2,1,221,Lost,Low Value
1801198,791,4,4160.2699999999995,2,5,4,254,At Risk,Medium Value
1801318,715,1,1390.0,2,2,2,222,Lost,Low Value
1801478,215,2,855.21,5,4,2,542,Loyal,Low Value
1801831,166,5,7169.18,5,5,4,554,Champions,Top Value
1801975,380,4,2963.27,4,5,3,453,Loyal,Medium Value
1802049,199,2,1602.83,5,4,2,542,Loyal,Low Value
1802052,605,3,17162.5,3,5,5,355,Loyal,Top Value
1802074,734,1,6371.5,2,2,4,224,Lost,Top Value
1802110,359,4,10992.74,4,5,5,455,Champions,Top Value
1802396,1331,1,1497.0,1,2,2,122,Lost,Low Value
1802406,383,2,3459.13,4,4,3,443,Loyal,Medium Value
1802602,428,2,1296.8,4,4,2,442,Loyal,Low Value
1802632,289,1,2085.9300000000003,5,2,2,522,Loyal,Medium Value
1802872,155,4,4532.47,5,5,4,554,Champions,Medium Value
1803087,562,2,3897.14,3,4,3,343,Loyal,Medium Value
1803130,594,1,1751.0,3,2,2,322,Loyal,Medium Value
1803140,486,2,8854.51,3,4,5,345,Loyal,Top Value
1803346,738,3,12409.47,2,5,5,255,At Risk,Top Value
1803392,822,1,473.0,2,2,1,221,Lost,Low Value
1803547,547,1,354.9,3,2,1,321,Loyal,Low Value
1803860,528,2,693.48,3,4,1,341,Loyal,Low Value
1804459,505,2,2776.85,3,4,3,343,Loyal,Medium Value
1804464,1094,1,1688.3,1,2,2,122,Lost,Medium Value
1804844,837,2,1803.6,2,4,2,242,Lost,Medium Value
1804988,361,1,3317.99,4,2,3,423,Loyal,Medium Value
1805271,163,2,3543.48,5,4,3,543,Loyal,Medium Value
1805297,463,2,2631.59,3,4,3,343,Loyal,Medium Value
1805324,787,2,1174.8899999999999,2,4,2,242,Lost,Low Value
1805625,391,3,11546.630000000001,4,5,5,455,Champions,Top Value
1805674,255,2,920.1700000000001,5,4,2,542,Loyal,Low Value
1805961,633,3,6163.9,2,5,4,254,At Risk,Top Value
1806153,29,3,17535.64,5,5,5,555,Champions,Top Value
1806437,373,4,8808.24,4,5,5,455,Champions,Top Value
1806460,845,1,1047.89,2,2,2,222,Lost,Low Value
1806498,554,3,8505.800000000001,3,5,5,355,Loyal,Top Value
1807158,295,5,1858.52,5,5,2,552,Loyal,Medium Value
1807226,789,2,742.8800000000001,2,4,1,241,Lost,Low Value
1807423,49,6,13408.789999999999,5,5,5,555,Champions,Top Value
1807526,1514,1,20.669999999999998,1,2,1,121,Lost,Low Value
1807561,785,2,8409.62,2,4,5,245,At Risk,Top Value
1807649,366,9,16738.95,4,5,5,455,Champions,Top Value
1808006,458,4,5211.71,3,5,4,354,Loyal,Top Value
1808141,1150,1,1345.7700000000002,1,2,2,122,Lost,Low Value
1808265,618,4,13310.58,2,5,5,255,At Risk,Top Value
1808415,925,1,11046.0,1,2,5,125,Lost,Top Value
1808663,596,1,2952.0,3,2,3,323,Loyal,Medium Value
1808884,934,2,3576.49,1,4,3,143,At Risk,Medium Value
1809447,375,2,3414.98,4,4,3,443,Loyal,Medium Value
1809495,368,1,1339.34,4,2,2,422,Loyal,Low Value
1809642,989,1,1081.7,1,2,2,122,Lost,Low Value
1809928,557,3,9817.2,3,5,5,355,Loyal,Top Value
1810121,56,1,254.79000000000002,5,2,1,521,Loyal,Low Value
1810207,516,3,4506.48,3,5,4,354,Loyal,Medium Value
1810391,414,2,477.0,4,4,1,441,Loyal,Low Value
1810401,949,2,1206.03,1,4,2,142,Lost,Low Value
1810547,782,2,3242.9700000000003,2,4,3,243,At Risk,Medium Value
1810728,298,3,6464.11,5,5,4,554,Champions,Top Value
1810944,1205,1,24.36,1,2,1,121,Lost,Low Value
1810957,585,2,1089.03,3,4,2,342,Loyal,Low Value
1811110,976,2,12592.16,1,4,5,145,At Risk,Top Value
1811222,549,2,2541.32,3,4,3,343,Loyal,Medium Value
1811432,296,4,7745.69,5,5,5,555,Champions,Top Value
1811434,659,2,2242.4700000000003,2,4,3,243,At Risk,Medium Value
1811452,401,3,11379.33,4,5,5,455,Champions,Top Value
1811457,280,3,4905.9400000000005,5,5,4,554,Champions,Medium Value
1811458,914,2,2220.78,1,4,3,143,At Risk,Medium Value
1811629,1585,1,5587.33,1,2,4,124,Lost,Top Value
1811725,1439,1,4500.64,1,2,4,124,Lost,Medium Value
1811793,382,1,438.0,4,2,1,421,Loyal,Low Value
1811849,580,1,267.0,3,2,1,321,Loyal,Low Value
1812105,362,2,1718.34,4,4,2,442,Loyal,Medium Value
1812139,482,2,6268.5,3,4,4,344,Loyal,Top Value
1812290,431,3,5403.9,4,5,4,454,Champions,Top Value
1812572,1690,1,5102.68,1,2,4,124,Lost,Top Value
1812851,1352,1,536.0,1,2,1,121,Lost,Low Value
1812932,298,1,7048.85,5,2,4,524,Need Attention,Top Value
1813010,1084,2,2928.28,1,4,3,143,At Risk,Medium Value
1813454,883,4,11138.67,1,5,5,155,At Risk,Top Value
1813480,50,5,19513.34,5,5,5,555,Champions,Top Value
1813536,1156,1,2415.2,1,2,3,123,Lost,Medium Value
1813538,345,5,12161.47,4,5,5,455,Champions,Top Value
1813551,414,1,1562.54,4,2,2,422,Loyal,Low Value
1813883,514,1,2127.92,3,2,2,322,Loyal,Medium Value
1813898,732,1,1618.0,2,2,2,222,Lost,Low Value
1813998,47,3,6603.26,5,5,4,554,Champions,Top Value
1814002,726,3,9156.289999999999,2,5,5,255,At Risk,Top Value
1814198,269,4,6360.450000000001,5,5,4,554,Champions,Top Value
1814434,576,4,10110.68,3,5,5,355,Loyal,Top Value
1814480,638,1,32.0,2,2,1,221,Lost,Low Value
1814733,237,3,6025.62,5,5,4,554,Champions,Top Value
1814968,486,5,9279.3,3,5,5,355,Loyal,Top Value
1815207,779,1,691.5,2,2,1,221,Lost,Low Value
1815320,68,2,4752.94,5,4,4,544,Champions,Medium Value
1815456,403,8,17732.9,4,5,5,455,Champions,Top Value
1815871,377,3,5029.360000000001,4,5,4,454,Champions,Top Value
1815874,1444,1,593.88,1,2,1,121,Lost,Low Value
1815919,52,2,923.5,5,4,2,542,Loyal,Low Value
1816024,556,2,3055.75,3,4,3,343,Loyal,Medium Value
1816077,298,1,649.8,5,2,1,521,Loyal,Low Value
1816342,17,5,14834.25,5,5,5,555,Champions,Top Value
1816681,372,4,5232.9,4,5,4,454,Champions,Top Value
1816741,348,4,5078.66,4,5,4,454,Champions,Top Value
1816984,907,1,2823.9300000000003,1,2,3,123,Lost,Medium Value
1816999,18,2,4863.37,5,4,4,544,Champions,Medium Value
1817382,715,3,2686.2200000000003,2,5,3,253,At Risk,Medium Value
1817444,599,1,3446.98,3,2,3,323,Loyal,Medium Value
1817680,761,4,965.96,2,5,2,252,Lost,Low Value
1817900,99,2,2728.03,5,4,3,543,Loyal,Medium Value
1818102,501,6,35806.189999999995,3,5,5,355,Loyal,Top Value
1818186,344,2,755.9200000000001,5,4,1,541,Loyal,Low Value
1818370,183,5,14247.35,5,5,5,555,Champions,Top Value
1818629,416,1,480.0,4,2,1,421,Loyal,Low Value
1818632,393,2,3290.1,4,4,3,443,Loyal,Medium Value
1819014,1553,1,155.36,1,2,1,121,Lost,Low Value
1819071,1195,1,1282.37,1,2,2,122,Lost,Low Value
1819146,386,4,8043.65,4,5,5,455,Champions,Top Value
1819180,486,1,402.75,3,2,1,321,Loyal,Low Value
1819252,366,6,25269.02,4,5,5,455,Champions,Top Value
1819268,722,4,2050.9700000000003,2,5,2,252,Lost,Medium Value
1819547,347,4,5238.29,4,5,4,454,Champions,Top Value
1819713,382,3,7062.18,4,5,4,454,Champions,Top Value
1819731,634,1,559.96,2,2,1,221,Lost,Low Value
1820216,1583,1,2689.99,1,2,3,123,Lost,Medium Value
1820236,1101,2,679.12,1,4,1,141,Lost,Low Value
1820245,471,4,1149.88,3,5,2,352,Loyal,Low Value
1820327,370,4,3595.8900000000003,4,5,3,453,Loyal,Medium Value
1820377,149,2,10321.27,5,4,5,545,Champions,Top Value
1820462,183,3,2069.78,5,5,2,552,Loyal,Medium Value
1820906,1451,1,1854.05,1,2,2,122,Lost,Medium Value
1820936,255,2,5831.98,5,4,4,544,Champions,Top Value
1821386,418,5,5129.73,4,5,4,454,Champions,Top Value
1821463,523,4,5853.53,3,5,4,354,Loyal,Top Value
1822089,778,4,6440.78,2,5,4,254,At Risk,Top Value
1822172,519,5,8082.400000000001,3,5,5,355,Loyal,Top Value
1822685,351,7,16656.33,4,5,5,455,Champions,Top Value
1823278,752,4,7033.43,2,5,4,254,At Risk,Top Value
1823386,799,1,2555.95,2,2,3,223,Lost,Medium Value
1823649,281,4,5290.92,5,5,4,554,Champions,Top Value
1823848,1174,1,8207.0,1,2,5,125,Lost,Top Value
1823888,444,4,14391.9,3,5,5,355,Loyal,Top Value
1824297,1391,2,7715.29,1,4,5,145,At Risk,Top Value
1824381,400,4,11813.56,4,5,5,455,Champions,Top Value
1824698,995,2,1676.75,1,4,2,142,Lost,Low Value
1825107,646,3,1914.86,2,5,2,252,Lost,Medium Value
1825407,481,3,4016.66,3,5,3,353,Loyal,Medium Value
1825416,796,1,3935.66,2,2,3,223,Lost,Medium Value
1825586,57,1,1560.0,5,2,2,522,Loyal,Low Value
1825775,2,1,1536.96,5,2,2,522,Loyal,Low Value
1825918,1098,2,4560.92,1,4,4,144,At Risk,Medium Value
1825948,59,2,1980.5600000000002,5,4,2,542,Loyal,Medium Value
1826200,289,4,4710.0,5,5,4,554,Champions,Medium Value
1826355,822,3,15863.76,2,5,5,255,At Risk,Top Value
1826392,610,2,1108.9,2,4,2,242,Lost,Low Value
1826459,286,3,6590.35,5,5,4,554,Champions,Top Value
1826486,439,1,2893.0,3,2,3,323,Loyal,Medium Value
1826576,1233,1,1652.19,1,2,2,122,Lost,Low Value
1826676,1312,2,6121.0,1,4,4,144,At Risk,Top Value
1826756,219,2,2905.45,5,4,3,543,Loyal,Medium Value
1826940,414,2,3564.95,4,4,3,443,Loyal,Medium Value
1826964,506,1,1810.7,3,2,2,322,Loyal,Medium Value
1826974,419,1,323.4,4,2,1,421,Loyal,Low Value
1827075,1005,1,1198.98,1,2,2,122,Lost,Low Value
1827136,423,2,7943.719999999999,4,4,5,445,Champions,Top Value
1827243,419,5,11051.65,4,5,5,455,Champions,Top Value
1827725,22,2,5231.099999999999,5,4,4,544,Champions,Top Value
1827746,423,2,2891.8900000000003,4,4,3,443,Loyal,Medium Value
1827824,234,1,4138.84,5,2,4,524,Need Attention,Medium Value
1827897,353,2,4507.58,4,4,4,444,Champions,Medium Value
1828009,379,1,1698.0,4,2,2,422,Loyal,Medium Value
1828240,372,2,309.57,4,4,1,441,Loyal,Low Value
1828585,586,2,4594.35,3,4,4,344,Loyal,Medium Value
1828761,470,2,15856.88,3,4,5,345,Loyal,Top Value
1828828,276,2,2423.98,5,4,3,543,Loyal,Medium Value
1828948,1465,1,1964.85,1,2,2,122,Lost,Medium Value
1829007,596,6,13069.95,3,5,5,355,Loyal,Top Value
1829128,712,1,229.9,2,2,1,221,Lost,Low Value
1829280,93,4,9968.93,5,5,5,555,Champions,Top Value
1829393,302,3,5343.13,5,5,4,554,Champions,Top Value
1829833,367,3,5574.49,4,5,4,454,Champions,Top Value
1829841,1760,1,6552.0,1,2,4,124,Lost,Top Value
1830019,1612,2,27973.95,1,4,5,145,At Risk,Top Value
1830222,993,1,892.41,1,2,2,122,Lost,Low Value
1830367,554,4,6113.45,3,5,4,354,Loyal,Top Value
1830423,486,2,1544.0,3,4,2,342,Loyal,Low Value
1830633,519,2,3808.79,3,4,3,343,Loyal,Medium Value
1830954,356,3,1955.3200000000002,4,5,2,452,Loyal,Medium Value
1831168,965,2,9441.88,1,4,5,145,At Risk,Top Value
1831399,199,3,6935.66,5,5,4,554,Champions,Top Value
1831518,59,3,2474.44,5,5,3,553,Loyal,Medium Value
1831770,5,2,1738.4,5,4,2,542,Loyal,Medium Value
1832086,811,3,27282.71,2,5,5,255,At Risk,Top Value
1832245,1142,1,64.0,1,2,1,121,Lost,Low Value
1832998,428,3,7677.79,4,5,5,455,Champions,Top Value
1833076,789,2,7035.83,2,4,4,244,At Risk,Top Value
1833178,659,1,959.92,2,2,2,222,Lost,Low Value
1833206,501,2,8023.03,3,4,5,345,Loyal,Top Value
1833460,366,7,21748.08,4,5,5,455,Champions,Top Value
1833503,178,4,4180.59,5,5,4,554,Champions,Medium Value
1833543,162,4,8084.63,5,5,5,555,Champions,Top Value
1833615,733,2,10762.23,2,4,5,245,At Risk,Top Value
1834034,369,2,4166.48,4,4,4,444,Champions,Medium Value
1834262,447,3,11227.45,3,5,5,355,Loyal,Top Value
1834499,654,2,1686.32,2,4,2,242,Lost,Low Value
1834516,412,3,8349.46,4,5,5,455,Champions,Top Value
1834537,500,2,989.13,3,4,2,342,Loyal,Low Value
1834579,523,4,3585.94,3,5,3,353,Loyal,Medium Value
1834801,230,2,6138.82,5,4,4,544,Champions,Top Value
1834856,351,1,3437.85,4,2,3,423,Loyal,Medium Value
1835239,439,1,7253.74,3,2,4,324,Need Attention,Top Value
1835506,257,2,6263.9,5,4,4,544,Champions,Top Value
1835626,359,3,10301.4,4,5,5,455,Champions,Top Value
1835733,638,1,4056.0,2,2,3,223,Lost,Medium Value
1835849,45,3,2332.9,5,5,3,553,Loyal,Medium Value
1836280,388,3,9420.76,4,5,5,455,Champions,Top Value
1836318,380,3,5710.2,4,5,4,454,Champions,Top Value
1836410,369,3,9400.85,4,5,5,455,Champions,Top Value
1836599,1877,1,280.53,1,2,1,121,Lost,Low Value
1836932,19,2,1337.72,5,4,2,542,Loyal,Low Value
1837049,456,3,5048.31,3,5,4,354,Loyal,Top Value
1837395,64,3,3905.27,5,5,3,553,Loyal,Medium Value
1837602,1564,1,1176.0,1,2,2,122,Lost,Low Value
1837603,881,1,1843.94,1,2,2,122,Lost,Medium Value
1837627,733,2,3861.41,2,4,3,243,At Risk,Medium Value
1837766,253,2,1489.85,5,4,2,542,Loyal,Low Value
1838770,501,1,13.98,3,2,1,321,Loyal,Low Value
1838798,1530,1,1107.25,1,2,2,122,Lost,Low Value
1838833,716,3,6616.18,2,5,4,254,At Risk,Top Value
1838885,796,1,544.3,2,2,1,221,Lost,Low Value
1838893,498,4,8704.56,3,5,5,355,Loyal,Top Value
1839336,716,3,7147.55,2,5,4,254,At Risk,Top Value
1839627,239,4,6808.83,5,5,4,554,Champions,Top Value
1839784,794,1,370.67,2,2,1,221,Lost,Low Value
1839909,1137,1,1812.8400000000001,1,2,2,122,Lost,Medium Value
1839940,431,3,9185.640000000001,4,5,5,455,Champions,Top Value
1840032,445,1,3586.67,3,2,3,323,Loyal,Medium Value
1840147,1753,1,5008.99,1,2,4,124,Lost,Top Value
1840223,463,2,480.49999999999994,3,4,1,341,Loyal,Low Value
1840260,164,4,10774.86,5,5,5,555,Champions,Top Value
1840664,3,3,6256.610000000001,5,5,4,554,Champions,Top Value
1840835,431,5,18995.6,4,5,5,455,Champions,Top Value
1841513,157,3,6233.93,5,5,4,554,Champions,Top Value
1841548,598,2,2240.17,3,4,3,343,Loyal,Medium Value
1841562,85,4,9573.220000000001,5,5,5,555,Champions,Top Value
1841571,143,3,5138.87,5,5,4,554,Champions,Top Value
1841859,408,1,4729.889999999999,4,2,4,424,Need Attention,Medium Value
1842010,780,1,215.0,2,2,1,221,Lost,Low Value
1842041,145,1,168.0,5,2,1,521,Loyal,Low Value
1842058,838,1,610.69,2,2,1,221,Lost,Low Value
1842116,771,2,1388.93,2,4,2,242,Lost,Low Value
1842350,650,2,7921.84,2,4,5,245,At Risk,Top Value
1842475,3,1,293.0,5,2,1,521,Loyal,Low Value
1842526,1488,1,3690.0,1,2,3,123,Lost,Medium Value
1842681,751,4,8334.67,2,5,5,255,At Risk,Top Value
1842847,731,1,4006.4,2,2,3,223,Lost,Medium Value
1842942,5,5,21647.239999999998,5,5,5,555,Champions,Top Value
1843033,1359,2,12639.59,1,4,5,145,At Risk,Top Value
1843318,437,4,4620.34,3,5,4,354,Loyal,Medium Value
1843621,816,2,7415.34,2,4,4,244,At Risk,Top Value
1843636,4,3,10078.81,5,5,5,555,Champions,Top Value
1843729,1207,1,297.0,1,2,1,121,Lost,Low Value
1843780,639,2,4254.87,2,4,4,244,At Risk,Medium Value
1843882,146,6,12084.45,5,5,5,555,Champions,Top Value
1844148,381,1,1302.68,4,2,2,422,Loyal,Low Value
1844416,8,2,3415.79,5,4,3,543,Loyal,Medium Value
1844682,1312,1,1830.0,1,2,2,122,Lost,Medium Value
1845069,52,6,10834.67,5,5,5,555,Champions,Top Value
1845084,1380,2,14359.09,1,4,5,145,At Risk,Top Value
1845277,417,5,6938.42,4,5,4,454,Champions,Top Value
1845648,291,6,12474.62,5,5,5,555,Champions,Top Value
1845770,426,1,598.9,4,2,1,421,Loyal,Low Value
1846024,374,7,17276.63,4,5,5,455,Champions,Top Value
1846325,594,3,1475.49,3,5,2,352,Loyal,Low Value
1846392,360,1,517.96,4,2,1,421,Loyal,Low Value
1846531,277,3,19425.379999999997,5,5,5,555,Champions,Top Value
1847006,11,3,5731.129999999999,5,5,4,554,Champions,Top Value
1847047,470,3,2596.0,3,5,3,353,Loyal,Medium Value
1847562,422,2,9750.33,4,4,5,445,Champions,Top Value
1847709,502,3,8390.869999999999,3,5,5,355,Loyal,Top Value
1848290,145,5,6811.35,5,5,4,554,Champions,Top Value
1848327,234,5,8282.04,5,5,5,555,Champions,Top Value
1848442,1144,2,6189.97,1,4,4,144,At Risk,Top Value
1848729,139,6,10762.82,5,5,5,555,Champions,Top Value
1848776,495,1,3439.6,3,2,3,323,Loyal,Medium Value
1849306,229,8,19204.32,5,5,5,555,Champions,Top Value
1849364,1142,1,4499.97,1,2,4,124,Lost,Medium Value
1849584,375,3,10728.15,4,5,5,455,Champions,Top Value
1849625,449,2,6007.84,3,4,4,344,Loyal,Top Value
1849661,425,4,6942.389999999999,4,5,4,454,Champions,Top Value
1849831,238,2,3233.99,5,4,3,543,Loyal,Medium Value
1850237,988,1,3126.4,1,2,3,123,Lost,Medium Value
1850415,493,4,7743.2,3,5,5,355,Loyal,Top Value
1851066,617,1,3040.0,2,2,3,223,Lost,Medium Value
1851335,436,3,3150.76,3,5,3,353,Loyal,Medium Value
1851698,194,5,11622.74,5,5,5,555,Champions,Top Value
1851881,78,4,12727.83,5,5,5,555,Champions,Top Value
1851889,899,1,767.98,1,2,1,121,Lost,Low Value
1851932,40,2,356.92999999999995,5,4,1,541,Loyal,Low Value
1852515,421,4,11165.14,4,5,5,455,Champions,Top Value
1852635,180,6,14887.34,5,5,5,555,Champions,Top Value
1853071,495,4,3541.97,3,5,3,353,Loyal,Medium Value
1853111,402,1,1367.8799999999999,4,2,2,422,Loyal,Low Value
1853113,647,3,2574.72,2,5,3,253,At Risk,Medium Value
1853251,1146,2,3917.75,1,4,3,143,At Risk,Medium Value
1853279,45,2,4542.5,5,4,4,544,Champions,Medium Value
1853561,421,1,2938.4,4,2,3,423,Loyal,Medium Value
1853633,850,1,1511.96,2,2,2,222,Lost,Low Value
1853699,171,2,479.89,5,4,1,541,Loyal,Low Value
1854194,287,2,2635.6,5,4,3,543,Loyal,Medium Value
1854270,242,5,5723.23,5,5,4,554,Champions,Top Value
1854450,529,2,1802.0299999999997,3,4,2,342,Loyal,Medium Value
1854563,148,6,25834.6,5,5,5,555,Champions,Top Value
1854577,472,6,3951.04,3,5,3,353,Loyal,Medium Value
1854760,1734,1,1739.94,1,2,2,122,Lost,Medium Value
1854956,351,3,9078.56,4,5,5,455,Champions,Top Value
1855046,269,2,45.38,5,4,1,541,Loyal,Low Value
1855193,1727,1,708.0,1,2,1,121,Lost,Low Value
1855347,530,5,11059.96,3,5,5,355,Loyal,Top Value
1855461,195,1,539.97,5,2,1,521,Loyal,Low Value
1855661,370,2,7763.72,4,4,5,445,Champions,Top Value
1855763,347,5,11933.32,4,5,5,455,Champions,Top Value
1855892,774,4,7897.11,2,5,5,255,At Risk,Top Value
1855926,227,2,889.83,5,4,2,542,Loyal,Low Value
1855974,633,3,3376.91,2,5,3,253,At Risk,Medium Value
1856073,647,1,179.89999999999998,2,2,1,221,Lost,Low Value
1856165,53,2,2595.55,5,4,3,543,Loyal,Medium Value
1856221,1313,2,13926.31,1,4,5,145,At Risk,Top Value
1856367,457,1,356.0,3,2,1,321,Loyal,Low Value
1856429,536,3,2521.77,3,5,3,353,Loyal,Medium Value
1856634,643,2,918.78,2,4,2,242,Lost,Low Value
1856690,1470,1,2494.9700000000003,1,2,3,123,Lost,Medium Value
1856828,540,1,690.0,3,2,1,321,Loyal,Low Value
1857129,358,6,6202.48,4,5,4,454,Champions,Top Value
1857436,386,3,5488.4400000000005,4,5,4,454,Champions,Top Value
1857461,1831,1,49.800000000000004,1,2,1,121,Lost,Low Value
1857519,356,3,4370.78,4,5,4,454,Champions,Medium Value
1857819,999,1,50.0,1,2,1,121,Lost,Low Value
1857865,641,3,2104.87,2,5,2,252,Lost,Medium Value
1857896,638,4,4080.19,2,5,4,254,At Risk,Medium Value
1857984,1271,2,2814.86,1,4,3,143,At Risk,Medium Value
1858251,220,5,12666.07,5,5,5,555,Champions,Top Value
1858284,590,1,725.89,3,2,1,321,Loyal,Low Value
1858292,374,4,2673.31,4,5,3,453,Loyal,Medium Value
1858660,425,5,5908.95,4,5,4,454,Champions,Top Value
1858665,2,5,17595.59,5,5,5,555,Champions,Top Value
1858814,449,3,7541.96,3,5,5,355,Loyal,Top Value
1858963,417,1,1095.59,4,2,2,422,Loyal,Low Value
1859121,400,2,962.0,4,4,2,442,Loyal,Low Value
1859167,754,2,2173.39,2,4,3,243,At Risk,Medium Value
1859258,571,1,6135.21,3,2,4,324,Need Attention,Top Value
1859434,920,1,1071.67,1,2,2,122,Lost,Low Value
1859603,760,1,2063.51,2,2,2,222,Lost,Medium Value
1859707,141,2,8865.4,5,4,5,545,Champions,Top Value
1859740,492,1,3199.2999999999997,3,2,3,323,Loyal,Medium Value
1859855,276,1,1844.79,5,2,2,522,Loyal,Medium Value
1859902,1375,1,1435.99,1,2,2,122,Lost,Low Value
1860085,100,7,5673.28,5,5,4,554,Champions,Top Value
1860133,1325,1,1301.06,1,2,2,122,Lost,Low Value
1860389,745,2,845.94,2,4,1,241,Lost,Low Value
1860488,206,9,12310.439999999999,5,5,5,555,Champions,Top Value
1860591,51,2,7162.49,5,4,4,544,Champions,Top Value
1860639,548,1,924.0,3,2,2,322,Loyal,Low Value
1860642,414,5,9954.79,4,5,5,455,Champions,Top Value
1861020,274,5,23874.199999999997,5,5,5,555,Champions,Top Value
1861166,368,2,4193.97,4,4,4,444,Champions,Medium Value
1861173,796,2,10295.77,2,4,5,245,At Risk,Top Value
1861290,346,3,4478.86,4,5,4,454,Champions,Medium Value
1861354,499,2,2442.9700000000003,3,4,3,343,Loyal,Medium Value
1861363,782,1,1457.0,2,2,2,222,Lost,Low Value
1861576,638,2,3290.92,2,4,3,243,At Risk,Medium Value
1861686,397,2,357.95,4,4,1,441,Loyal,Low Value
1861844,295,5,10410.18,5,5,5,555,Champions,Top Value
1862500,358,3,9050.4,4,5,5,455,Champions,Top Value
1862520,776,1,310.0,2,2,1,221,Lost,Low Value
1862524,592,1,159.99,3,2,1,321,Loyal,Low Value
1862622,787,3,7053.48,2,5,4,254,At Risk,Top Value
1862651,424,3,7553.27,4,5,5,455,Champions,Top Value
1862990,737,1,5752.58,2,2,4,224,Lost,Top Value
1863297,475,2,4346.04,3,4,4,344,Loyal,Medium Value
1863384,914,2,3016.5899999999997,1,4,3,143,At Risk,Medium Value
1863578,437,3,3532.32,3,5,3,353,Loyal,Medium Value
1864354,59,5,6239.76,5,5,4,554,Champions,Top Value
1864461,464,2,2445.0,3,4,3,343,Loyal,Medium Value
1864541,1360,2,1921.21,1,4,2,142,Lost,Medium Value
1864693,247,2,5058.78,5,4,4,544,Champions,Top Value
1864772,290,5,3504.48,5,5,3,553,Loyal,Medium Value
1865096,155,4,7438.18,5,5,4,554,Champions,Top Value
1865137,397,2,9839.67,4,4,5,445,Champions,Top Value
1865183,520,2,7881.89,3,4,5,345,Loyal,Top Value
1865189,1153,3,6091.95,1,5,4,154,At Risk,Top Value
1865278,802,1,405.98,2,2,1,221,Lost,Low Value
1865305,293,2,11044.970000000001,5,4,5,545,Champions,Top Value
1865362,457,4,4954.009999999999,3,5,4,354,Loyal,Medium Value
1865399,487,4,8510.01,3,5,5,355,Loyal,Top Value
1865461,1282,1,2842.41,1,2,3,123,Lost,Medium Value
1865468,650,4,2798.98,2,5,3,253,At Risk,Medium Value
1865702,732,3,13564.41,2,5,5,255,At Risk,Top Value
1865718,282,6,15195.75,5,5,5,555,Champions,Top Value
1865833,393,4,7180.51,4,5,4,454,Champions,Top Value
1865857,948,1,4391.89,1,2,4,124,Lost,Medium Value
1865927,1088,1,2747.74,1,2,3,123,Lost,Medium Value
1866061,596,1,95.9,3,2,1,321,Loyal,Low Value
1866245,358,4,3474.5999999999995,4,5,3,453,Loyal,Medium Value
1866388,362,6,25112.3,4,5,5,455,Champions,Top Value
1866421,237,5,5770.51,5,5,4,554,Champions,Top Value
1866637,1590,3,6367.62,1,5,4,154,At Risk,Top Value
1866870,361,1,6486.4,4,2,4,424,Need Attention,Top Value
1867076,612,2,901.95,2,4,2,242,Lost,Low Value
1867082,115,4,2979.87,5,5,3,553,Loyal,Medium Value
1867250,541,2,1328.48,3,4,2,342,Loyal,Low Value
1867252,369,3,5657.02,4,5,4,454,Champions,Top Value
1867338,46,4,5797.5199999999995,5,5,4,554,Champions,Top Value
1867408,424,1,3387.0,4,2,3,423,Loyal,Medium Value
1868016,363,2,3228.3399999999997,4,4,3,443,Loyal,Medium Value
1868176,194,4,2597.1,5,5,3,553,Loyal,Medium Value
1868588,520,6,14204.23,3,5,5,355,Loyal,Top Value
1869148,1185,1,1617.93,1,2,2,122,Lost,Low Value
1869336,87,2,15898.96,5,4,5,545,Champions,Top Value
1869542,302,5,7680.3,5,5,5,555,Champions,Top Value
1869574,529,2,132.9,3,4,1,341,Loyal,Low Value
1869727,229,5,8238.69,5,5,5,555,Champions,Top Value
1869800,16,2,6643.97,5,4,4,544,Champions,Top Value
1870033,57,3,1255.74,5,5,2,552,Loyal,Low Value
1870208,562,3,3793.15,3,5,3,353,Loyal,Medium Value
1870226,785,2,881.8399999999999,2,4,2,242,Lost,Low Value
1870287,141,3,4607.23,5,5,4,554,Champions,Medium Value
1870500,365,4,11898.18,4,5,5,455,Champions,Top Value
1870661,418,2,2333.13,4,4,3,443,Loyal,Medium Value
1870877,550,3,4655.95,3,5,4,354,Loyal,Medium Value
1871089,478,2,2656.87,3,4,3,343,Loyal,Medium Value
1871157,711,4,1599.21,2,5,2,252,Lost,Low Value
1871379,589,1,300.0,3,2,1,321,Loyal,Low Value
1871416,354,4,8855.94,4,5,5,455,Champions,Top Value
1871472,368,2,2449.93,4,4,3,443,Loyal,Medium Value
1871500,66,4,4780.26,5,5,4,554,Champions,Medium Value
1871990,5,1,4342.85,5,2,4,524,Need Attention,Medium Value
1872005,642,1,883.28,2,2,2,222,Lost,Low Value
1872046,398,4,5848.54,4,5,4,454,Champions,Top Value
1872178,1116,1,5473.76,1,2,4,124,Lost,Top Value
1872284,1165,1,111.94,1,2,1,121,Lost,Low Value
1872442,521,2,606.57,3,4,1,341,Loyal,Low Value
1872529,473,2,867.0699999999999,3,4,2,342,Loyal,Low Value
1872587,521,3,5708.42,3,5,4,354,Loyal,Top Value
1873593,424,3,7327.95,4,5,4,454,Champions,Top Value
1873607,563,2,976.88,3,4,2,342,Loyal,Low Value
1873740,549,1,5339.0,3,2,4,324,Need Attention,Top Value
1873895,410,3,7761.82,4,5,5,455,Champions,Top Value
1874014,762,1,1054.4,2,2,2,222,Lost,Low Value
1874019,776,3,5150.0,2,5,4,254,At Risk,Top Value
1874020,372,4,1123.73,4,5,2,452,Loyal,Low Value
1874057,714,1,2483.4,2,2,3,223,Lost,Medium Value
1874501,862,2,564.95,2,4,1,241,Lost,Low Value
1875275,1121,2,3517.96,1,4,3,143,At Risk,Medium Value
1875566,192,2,5792.92,5,4,4,544,Champions,Top Value
1875792,502,2,230.94,3,4,1,341,Loyal,Low Value
1875921,593,1,140.26,3,2,1,321,Loyal,Low Value
1875946,351,3,10276.35,4,5,5,455,Champions,Top Value
1876093,46,2,2889.25,5,4,3,543,Loyal,Medium Value
1876132,809,2,1302.48,2,4,2,242,Lost,Low Value
1876269,927,1,2097.0,1,2,2,122,Lost,Medium Value
1876912,488,4,2233.56,3,5,3,353,Loyal,Medium Value
1877016,109,4,9564.81,5,5,5,555,Champions,Top Value
1877046,867,2,1083.99,2,4,2,242,Lost,Low Value
1877054,1152,2,3594.95,1,4,3,143,At Risk,Medium Value
1877176,388,2,367.88,4,4,1,441,Loyal,Low Value
1877381,361,5,9610.43,4,5,5,455,Champions,Top Value
1877525,601,2,3509.2200000000003,3,4,3,343,Loyal,Medium Value
1877744,435,3,3656.66,3,5,3,353,Loyal,Medium Value
1877836,403,4,17710.839999999997,4,5,5,455,Champions,Top Value
1878087,1076,1,350.94,1,2,1,121,Lost,Low Value
1878163,391,5,16205.3,4,5,5,455,Champions,Top Value
1878175,256,2,7428.55,5,4,4,544,Champions,Top Value
1878210,155,4,2979.6800000000003,5,5,3,553,Loyal,Medium Value
1878446,1014,1,3709.81,1,2,3,123,Lost,Medium Value
1878531,596,3,2615.73,3,5,3,353,Loyal,Medium Value
1878787,222,4,2544.67,5,5,3,553,Loyal,Medium Value
1878834,247,3,2034.44,5,5,2,552,Loyal,Medium Value
1878939,803,1,77.07000000000001,2,2,1,221,Lost,Low Value
1878966,1098,2,1174.55,1,4,2,142,Lost,Low Value
1878983,440,2,2145.4,3,4,2,342,Loyal,Medium Value
1878988,48,2,1850.5900000000001,5,4,2,542,Loyal,Medium Value
1879578,964,1,775.96,1,2,1,121,Lost,Low Value
1879693,145,3,4055.28,5,5,3,553,Loyal,Medium Value
1879735,356,1,229.9,4,2,1,421,Loyal,Low Value
1880031,505,1,2310.53,3,2,3,323,Loyal,Medium Value
1880406,36,5,24259.91,5,5,5,555,Champions,Top Value
1880655,436,7,11378.44,3,5,5,355,Loyal,Top Value
1880727,665,3,5296.39,2,5,4,254,At Risk,Top Value
1880784,654,2,6658.92,2,4,4,244,At Risk,Top Value
1880923,1716,1,1175.69,1,2,2,122,Lost,Low Value
1881107,110,2,17474.45,5,4,5,545,Champions,Top Value
1882011,545,2,728.75,3,4,1,341,Loyal,Low Value
1882071,1352,1,1542.2,1,2,2,122,Lost,Low Value
1882274,366,2,4811.18,4,4,4,444,Champions,Medium Value
1882501,651,1,479.97,2,2,1,221,Lost,Low Value
1882504,558,3,1485.89,3,5,2,352,Loyal,Low Value
1882594,16,4,5660.46,5,5,4,554,Champions,Top Value
1882958,361,4,9510.49,4,5,5,455,Champions,Top Value
1883496,57,5,25364.760000000002,5,5,5,555,Champions,Top Value
1883630,134,4,13028.97,5,5,5,555,Champions,Top Value
1883710,431,6,5285.639999999999,4,5,4,454,Champions,Top Value
1883755,265,3,4107.83,5,5,4,554,Champions,Medium Value
1883820,7,4,8939.130000000001,5,5,5,555,Champions,Top Value
1883844,193,3,3391.2,5,5,3,553,Loyal,Medium Value
1883941,933,1,3318.71,1,2,3,123,Lost,Medium Value
1883981,361,5,11696.72,4,5,5,455,Champions,Top Value
1884026,745,1,2344.0,2,2,3,223,Lost,Medium Value
1884596,487,2,3699.5,3,4,3,343,Loyal,Medium Value
1884616,261,2,23612.0,5,4,5,545,Champions,Top Value
1884663,732,3,43517.799999999996,2,5,5,255,At Risk,Top Value
1884718,192,2,4523.77,5,4,4,544,Champions,Medium Value
1884908,816,3,19844.75,2,5,5,255,At Risk,Top Value
1885023,57,4,4540.280000000001,5,5,4,554,Champions,Medium Value
1885114,549,4,6865.12,3,5,4,354,Loyal,Top Value
1885279,275,5,9894.47,5,5,5,555,Champions,Top Value
1885351,418,4,2430.06,4,5,3,453,Loyal,Medium Value
1885398,460,2,14110.0,3,4,5,345,Loyal,Top Value
1885532,264,4,6616.28,5,5,4,554,Champions,Top Value
1885716,457,3,23649.17,3,5,5,355,Loyal,Top Value
1885738,421,1,12495.0,4,2,5,425,Need Attention,Top Value
1885765,171,3,2186.1,5,5,3,553,Loyal,Medium Value
1885890,436,2,6064.5199999999995,3,4,4,344,Loyal,Top Value
1885990,241,2,1336.71,5,4,2,542,Loyal,Low Value
1886071,31,6,11827.199999999999,5,5,5,555,Champions,Top Value
1886283,876,2,4495.9400000000005,2,4,4,244,At Risk,Medium Value
1886388,906,2,9504.2,1,4,5,145,At Risk,Top Value
1886594,500,2,229.92999999999998,3,4,1,341,Loyal,Low Value
1886776,276,4,4538.72,5,5,4,554,Champions,Medium Value
1886932,367,4,17838.55,4,5,5,455,Champions,Top Value
1886968,428,3,8459.75,4,5,5,455,Champions,Top Value
1887153,1570,1,461.75,1,2,1,121,Lost,Low Value
1887180,822,5,8979.51,2,5,5,255,At Risk,Top Value
1887326,232,2,3119.8,5,4,3,543,Loyal,Medium Value
1887449,1845,1,69.45,1,2,1,121,Lost,Low Value
1887604,491,2,5943.12,3,4,4,344,Loyal,Top Value
1887682,604,3,9424.48,3,5,5,355,Loyal,Top Value
1887933,956,1,2164.95,1,2,3,123,Lost,Medium Value
1888089,215,2,10835.78,5,4,5,545,Champions,Top Value
1888484,495,2,2378.0,3,4,3,343,Loyal,Medium Value
1888531,771,1,355.17,2,2,1,221,Lost,Low Value
1888585,506,5,1749.42,3,5,2,352,Loyal,Medium Value
1888911,810,2,16731.7,2,4,5,245,At Risk,Top Value
1889142,1458,2,10617.42,1,4,5,145,At Risk,Top Value
1889189,928,2,2543.37,1,4,3,143,At Risk,Medium Value
1889224,425,1,422.95000000000005,4,2,1,421,Loyal,Low Value
1889240,530,2,3201.76,3,4,3,343,Loyal,Medium Value
1889587,1223,1,333.94,1,2,1,121,Lost,Low Value
1889635,508,3,650.8,3,5,1,351,Loyal,Low Value
1889903,746,2,2301.33,2,4,3,243,At Risk,Medium Value
1889918,793,3,3642.6800000000003,2,5,3,253,At Risk,Medium Value
1889963,416,1,839.97,4,2,1,421,Loyal,Low Value
1890381,619,2,11741.4,2,4,5,245,At Risk,Top Value
1890413,593,1,519.98,3,2,1,321,Loyal,Low Value
1890640,403,2,963.3199999999999,4,4,2,442,Loyal,Low Value
1890777,179,3,3909.6,5,5,3,553,Loyal,Medium Value
1890847,477,1,3520.0,3,2,3,323,Loyal,Medium Value
1891277,589,1,329.96999999999997,3,2,1,321,Loyal,Low Value
1891465,487,2,2229.99,3,4,3,343,Loyal,Medium Value
1891501,360,2,5517.11,4,4,4,444,Champions,Top Value
1891647,402,4,8703.16,4,5,5,455,Champions,Top Value
1891818,472,2,6473.0,3,4,4,344,Loyal,Top Value
1891950,71,1,701.4,5,2,1,521,Loyal,Low Value
1891992,453,3,7449.969999999999,3,5,4,354,Loyal,Top Value
1892189,477,1,37.980000000000004,3,2,1,321,Loyal,Low Value
1892205,785,1,6901.3,2,2,4,224,Lost,Top Value
1892265,465,6,12382.16,3,5,5,355,Loyal,Top Value
1892320,1605,2,9686.58,1,4,5,145,At Risk,Top Value
1892367,639,1,605.6700000000001,2,2,1,221,Lost,Low Value
1892488,1084,2,5923.48,1,4,4,144,At Risk,Top Value
1892614,12,5,2562.82,5,5,3,553,Loyal,Medium Value
1892767,768,4,5103.54,2,5,4,254,At Risk,Top Value
1893372,1278,1,1210.96,1,2,2,122,Lost,Low Value
1893377,453,1,1039.13,3,2,2,322,Loyal,Low Value
1893487,422,6,5096.9,4,5,4,454,Champions,Top Value
1893526,407,3,9861.29,4,5,5,455,Champions,Top Value
1893682,757,4,9768.9,2,5,5,255,At Risk,Top Value
1893783,15,5,11737.84,5,5,5,555,Champions,Top Value
1893869,188,5,12217.78,5,5,5,555,Champions,Top Value
1894588,379,6,11221.44,4,5,5,455,Champions,Top Value
1894779,760,1,771.99,2,2,1,221,Lost,Low Value
1895182,1149,1,1731.96,1,2,2,122,Lost,Medium Value
1895245,295,2,8563.91,5,4,5,545,Champions,Top Value
1895594,1102,4,3673.42,1,5,3,153,At Risk,Medium Value
1895637,1160,2,4704.91,1,4,4,144,At Risk,Medium Value
1895744,171,4,9894.880000000001,5,5,5,555,Champions,Top Value
1896161,351,1,3135.93,4,2,3,423,Loyal,Medium Value
1896473,68,2,3924.95,5,4,3,543,Loyal,Medium Value
1896531,1746,1,1002.98,1,2,2,122,Lost,Low Value
1896611,1089,1,10584.86,1,2,5,125,Lost,Top Value
1897230,965,1,2378.6,1,2,3,123,Lost,Medium Value
1897695,83,1,1079.94,5,2,2,522,Loyal,Low Value
1897818,386,1,1610.6899999999998,4,2,2,422,Loyal,Low Value
1897822,544,3,1495.18,3,5,2,352,Loyal,Low Value
1898056,1602,1,1471.35,1,2,2,122,Lost,Low Value
1898417,1095,2,13534.89,1,4,5,145,At Risk,Top Value
1898526,431,2,1608.33,4,4,2,442,Loyal,Low Value
1898765,458,3,9497.45,3,5,5,355,Loyal,Top Value
1898949,599,4,19464.88,3,5,5,355,Loyal,Top Value
1899152,17,2,3543.46,5,4,3,543,Loyal,Medium Value
1899416,44,4,2774.94,5,5,3,553,Loyal,Medium Value
1899495,423,4,5588.77,4,5,4,454,Champions,Top Value
1899770,36,3,5686.0,5,5,4,554,Champions,Top Value
1899782,774,2,1750.87,2,4,2,242,Lost,Medium Value
1899970,372,5,5453.41,4,5,4,454,Champions,Top Value
1900139,374,2,7193.64,4,4,4,444,Champions,Top Value
1900664,97,1,1224.0,5,2,2,522,Loyal,Low Value
1900678,366,3,2037.9499999999998,4,5,2,452,Loyal,Medium Value
1900738,450,5,10991.25,3,5,5,355,Loyal,Top Value
1900993,218,3,4272.0,5,5,4,554,Champions,Medium Value
1901026,362,1,593.99,4,2,1,421,Loyal,Low Value
1901076,774,1,1890.65,2,2,2,222,Lost,Medium Value
1901837,1171,1,969.0,1,2,2,122,Lost,Low Value
1901852,721,2,8113.34,2,4,5,245,At Risk,Top Value
1901931,505,3,2281.3,3,5,3,353,Loyal,Medium Value
1902278,389,2,10005.09,4,4,5,445,Champions,Top Value
1902499,428,2,7611.95,4,4,5,445,Champions,Top Value
1902593,136,1,2023.0,5,2,2,522,Loyal,Medium Value
1902908,731,2,983.98,2,4,2,242,Lost,Low Value
1902925,579,2,1997.2099999999998,3,4,2,342,Loyal,Medium Value
1902988,1490,1,99.0,1,2,1,121,Lost,Low Value
1903707,256,2,6946.14,5,4,4,544,Champions,Top Value
1904257,569,1,257.65,3,2,1,321,Loyal,Low Value
1904291,500,1,1945.93,3,2,2,322,Loyal,Medium Value
1904309,432,3,10243.689999999999,4,5,5,455,Champions,Top Value
1904324,284,2,3185.6,5,4,3,543,Loyal,Medium Value
1904355,127,1,78.98,5,2,1,521,Loyal,Low Value
1904679,344,2,11029.0,5,4,5,545,Champions,Top Value
1904946,635,3,1780.46,2,5,2,252,Lost,Medium Value
1905050,206,3,1281.79,5,5,2,552,Loyal,Low Value
1905165,454,2,640.0,3,4,1,341,Loyal,Low Value
1905321,107,1,459.8,5,2,1,521,Loyal,Low Value
1905450,393,2,1437.9,4,4,2,442,Loyal,Low Value
1905463,367,1,1338.6899999999998,4,2,2,422,Loyal,Low Value
1905541,50,3,18376.78,5,5,5,555,Champions,Top Value
1905578,1103,1,2496.94,1,2,3,123,Lost,Medium Value
1906314,507,1,13.98,3,2,1,321,Loyal,Low Value
1906497,261,4,7226.85,5,5,4,554,Champions,Top Value
1906508,1096,2,12099.9,1,4,5,145,At Risk,Top Value
1906549,958,4,15163.52,1,5,5,155,At Risk,Top Value
1906975,1387,2,3220.86,1,4,3,143,At Risk,Medium Value
1907334,365,2,5923.59,4,4,4,444,Champions,Top Value
1907494,1105,2,238.13,1,4,1,141,Lost,Low Value
1907810,491,1,729.95,3,2,1,321,Loyal,Low Value
1907899,437,1,399.98,3,2,1,321,Loyal,Low Value
1907935,381,2,2113.0,4,4,2,442,Loyal,Medium Value
1908058,1170,1,299.9,1,2,1,121,Lost,Low Value
1908175,416,5,5699.76,4,5,4,454,Champions,Top Value
1908428,711,2,12331.58,2,4,5,245,At Risk,Top Value
1908736,536,1,539.97,3,2,1,321,Loyal,Low Value
1908813,291,5,3003.4700000000003,5,5,3,553,Loyal,Medium Value
1908818,499,3,6113.82,3,5,4,354,Loyal,Top Value
1908923,395,5,14363.65,4,5,5,455,Champions,Top Value
1908997,17,2,2444.0,5,4,3,543,Loyal,Medium Value
1909007,402,4,5669.67,4,5,4,454,Champions,Top Value
1909047,251,1,1130.58,5,2,2,522,Loyal,Low Value
1909198,647,4,12747.03,2,5,5,255,At Risk,Top Value
1909290,1,2,3074.28,5,4,3,543,Loyal,Medium Value
1909376,902,1,89.9,1,2,1,121,Lost,Low Value
1909425,428,2,3397.97,4,4,3,443,Loyal,Medium Value
1909470,430,2,6450.98,4,4,4,444,Champions,Top Value
1909588,272,2,2279.85,5,4,3,543,Loyal,Medium Value
1909589,1156,1,273.84000000000003,1,2,1,121,Lost,Low Value
1909638,725,3,2434.58,2,5,3,253,At Risk,Medium Value
1909649,551,5,10068.119999999999,3,5,5,355,Loyal,Top Value
1910016,1821,1,536.0,1,2,1,121,Lost,Low Value
1910322,271,3,5254.65,5,5,4,554,Champions,Top Value
1910347,547,1,4149.04,3,2,4,324,Need Attention,Medium Value
1910529,1678,1,134.97,1,2,1,121,Lost,Low Value
1910546,388,1,2216.99,4,2,3,423,Loyal,Medium Value
1910709,253,2,5266.92,5,4,4,544,Champions,Top Value
1910821,232,2,7102.0599999999995,5,4,4,544,Champions,Top Value
1911030,1733,1,327.95,1,2,1,121,Lost,Low Value
1911080,753,2,2508.52,2,4,3,243,At Risk,Medium Value
1911270,768,1,1146.0,2,2,2,222,Lost,Low Value
1911371,969,1,2932.75,1,2,3,123,Lost,Medium Value
1911482,288,1,609.38,5,2,1,521,Loyal,Low Value
1911567,417,2,2470.85,4,4,3,443,Loyal,Medium Value
1911774,796,2,1840.87,2,4,2,242,Lost,Medium Value
1911986,1289,1,331.87,1,2,1,121,Lost,Low Value
1912106,990,3,6115.47,1,5,4,154,At Risk,Top Value
1912287,293,1,1290.98,5,2,2,522,Loyal,Low Value
1912515,352,3,666.52,4,5,1,451,Loyal,Low Value
1912666,57,7,11866.849999999999,5,5,5,555,Champions,Top Value
1912774,431,5,2394.03,4,5,3,453,Loyal,Medium Value
1912902,47,4,7025.91,5,5,4,554,Champions,Top Value
1913004,41,1,1789.3899999999999,5,2,2,522,Loyal,Medium Value
1913013,429,4,12214.560000000001,4,5,5,455,Champions,Top Value
1913401,471,1,2483.96,3,2,3,323,Loyal,Medium Value
1913410,1149,1,1019.97,1,2,2,122,Lost,Low Value
1913981,246,6,10249.33,5,5,5,555,Champions,Top Value
1914029,534,6,9941.02,3,5,5,355,Loyal,Top Value
1914066,585,1,1925.05,3,2,2,322,Loyal,Medium Value
1914255,507,5,4028.4900000000002,3,5,3,353,Loyal,Medium Value
1914379,635,4,4772.870000000001,2,5,4,254,At Risk,Medium Value
1914473,295,3,4243.53,5,5,4,554,Champions,Medium Value
1914491,368,3,5598.79,4,5,4,454,Champions,Top Value
1914533,781,1,1879.95,2,2,2,222,Lost,Medium Value
1914720,484,2,136.89,3,4,1,341,Loyal,Low Value
1914795,239,2,797.79,5,4,1,541,Loyal,Low Value
1915155,1604,1,4791.92,1,2,4,124,Lost,Medium Value
1915156,1247,1,556.0,1,2,1,121,Lost,Low Value
1915291,512,1,4095.0,3,2,4,324,Need Attention,Medium Value
1915613,491,2,8450.15,3,4,5,345,Loyal,Top Value
1915620,605,2,3105.84,3,4,3,343,Loyal,Medium Value
1915763,594,2,2856.0099999999998,3,4,3,343,Loyal,Medium Value
1915783,1002,4,6009.42,1,5,4,154,At Risk,Top Value
1915808,661,3,12375.98,2,5,5,255,At Risk,Top Value
1916463,270,4,10977.16,5,5,5,555,Champions,Top Value
1916479,904,2,2789.62,1,4,3,143,At Risk,Medium Value
1916541,955,1,469.95000000000005,1,2,1,121,Lost,Low Value
1916734,1809,2,6001.86,1,4,4,144,At Risk,Top Value
1916770,361,2,2719.0,4,4,3,443,Loyal,Medium Value
1916780,638,1,2482.7799999999997,2,2,3,223,Lost,Medium Value
1916927,424,2,6321.04,4,4,4,444,Champions,Top Value
1916988,355,5,25743.46,4,5,5,455,Champions,Top Value
1917006,432,4,4254.85,4,5,4,454,Champions,Medium Value
1917684,528,1,3003.99,3,2,3,323,Loyal,Medium Value
1918030,510,5,4544.75,3,5,4,354,Loyal,Medium Value
1918103,237,3,1852.99,5,5,2,552,Loyal,Medium Value
1918131,200,6,9198.8,5,5,5,555,Champions,Top Value
1918152,554,2,8423.37,3,4,5,345,Loyal,Top Value
1918233,282,3,2902.29,5,5,3,553,Loyal,Medium Value
1918342,346,6,11802.89,4,5,5,455,Champions,Top Value
1918496,533,1,999.0,3,2,2,322,Loyal,Low Value
1918687,544,3,3459.7,3,5,3,353,Loyal,Medium Value
1918775,425,4,8767.77,4,5,5,455,Champions,Top Value
1918788,656,2,2073.1,2,4,2,242,Lost,Medium Value
1918814,473,2,4838.4,3,4,4,344,Loyal,Medium Value
1918817,362,1,51.730000000000004,4,2,1,421,Loyal,Low Value
1918928,365,1,859.75,4,2,2,422,Loyal,Low Value
1918941,826,1,1585.98,2,2,2,222,Lost,Low Value
1918975,541,3,7856.75,3,5,5,355,Loyal,Top Value
1919042,407,4,5362.13,4,5,4,454,Champions,Top Value
1919414,365,2,2804.46,4,4,3,443,Loyal,Medium Value
1919557,71,4,4693.26,5,5,4,554,Champions,Medium Value
1919773,787,2,828.0,2,4,1,241,Lost,Low Value
1919833,214,3,3401.9900000000002,5,5,3,553,Loyal,Medium Value
1919938,4,3,2309.9300000000003,5,5,3,553,Loyal,Medium Value
1920061,492,2,4332.43,3,4,4,344,Loyal,Medium Value
1920064,654,3,11117.48,2,5,5,255,At Risk,Top Value
1920128,356,6,32858.29,4,5,5,455,Champions,Top Value
1920351,737,1,2971.99,2,2,3,223,Lost,Medium Value
1920357,58,2,8038.96,5,4,5,545,Champions,Top Value
1920940,638,1,8932.9,2,2,5,225,Lost,Top Value
1921349,747,2,2062.9700000000003,2,4,2,242,Lost,Medium Value
1921614,656,1,507.88,2,2,1,221,Lost,Low Value
1921651,741,2,2079.88,2,4,2,242,Lost,Medium Value
1921662,65,2,1913.6799999999998,5,4,2,542,Loyal,Medium Value
1921710,395,4,8321.65,4,5,5,455,Champions,Top Value
1921829,29,4,2971.79,5,5,3,553,Loyal,Medium Value
1921863,750,4,5163.32,2,5,4,254,At Risk,Top Value
1922254,598,3,7985.860000000001,3,5,5,355,Loyal,Top Value
1922310,500,2,1132.99,3,4,2,342,Loyal,Low Value
1922715,467,1,15747.939999999999,3,2,5,325,Need Attention,Top Value
1922950,473,1,1107.0,3,2,2,322,Loyal,Low Value
1923233,230,3,4164.6,5,5,4,554,Champions,Medium Value
1923443,888,2,2535.62,1,4,3,143,At Risk,Medium Value
1923504,548,2,6865.95,3,4,4,344,Loyal,Top Value
1923520,921,2,2561.71,1,4,3,143,At Risk,Medium Value
1923526,9,2,2364.9700000000003,5,4,3,543,Loyal,Medium Value
1923558,277,4,6838.58,5,5,4,554,Champions,Top Value
1923575,420,2,2912.63,4,4,3,443,Loyal,Medium Value
1924329,248,7,15490.73,5,5,5,555,Champions,Top Value
1924461,1012,2,613.49,1,4,1,141,Lost,Low Value
1924622,1009,1,3577.4,1,2,3,123,Lost,Medium Value
1924810,829,1,3972.57,2,2,3,223,Lost,Medium Value
1924885,809,1,2614.0,2,2,3,223,Lost,Medium Value
1924903,386,1,2228.58,4,2,3,423,Loyal,Medium Value
1924985,405,1,1897.65,4,2,2,422,Loyal,Medium Value
1925694,8,9,26339.39,5,5,5,555,Champions,Top Value
1925771,716,1,1160.95,2,2,2,222,Lost,Low Value
1925886,1100,2,5371.34,1,4,4,144,At Risk,Top Value
1925959,286,3,4916.66,5,5,4,554,Champions,Medium Value
1926067,1823,1,474.46999999999997,1,2,1,121,Lost,Low Value
1926176,484,5,5806.12,3,5,4,354,Loyal,Top Value
1926326,629,1,1909.75,2,2,2,222,Lost,Medium Value
1926362,148,3,1240.91,5,5,2,552,Loyal,Low Value
1926364,434,4,1786.72,3,5,2,352,Loyal,Medium Value
1926487,639,2,3329.98,2,4,3,243,At Risk,Medium Value
1926512,6,3,4852.63,5,5,4,554,Champions,Medium Value
1926792,949,1,1434.95,1,2,2,122,Lost,Low Value
1927194,221,1,42.0,5,2,1,521,Loyal,Low Value
1927276,1233,3,10019.94,1,5,5,155,At Risk,Top Value
1927617,540,2,1197.98,3,4,2,342,Loyal,Low Value
1927946,415,2,4105.2,4,4,4,444,Champions,Medium Value
1928016,739,1,1889.6499999999999,2,2,2,222,Lost,Medium Value
1928399,253,2,1458.97,5,4,2,542,Loyal,Low Value
1928421,735,3,6684.46,2,5,4,254,At Risk,Top Value
1928459,817,2,15634.88,2,4,5,245,At Risk,Top Value
1928466,458,4,38191.06,3,5,5,355,Loyal,Top Value
1928617,1720,1,2456.9,1,2,3,123,Lost,Medium Value
1928655,726,2,9168.74,2,4,5,245,At Risk,Top Value
1928849,844,2,1413.3,2,4,2,242,Lost,Low Value
1929193,387,1,2686.0,4,2,3,423,Loyal,Medium Value
1929255,380,3,4646.14,4,5,4,454,Champions,Medium Value
1929334,648,2,1410.7,2,4,2,242,Lost,Low Value
1929402,416,1,1494.31,4,2,2,422,Loyal,Low Value
1929451,365,2,9840.220000000001,4,4,5,445,Champions,Top Value
1929478,738,3,6401.33,2,5,4,254,At Risk,Top Value
1929549,656,1,299.96999999999997,2,2,1,221,Lost,Low Value
1929631,450,4,14439.05,3,5,5,355,Loyal,Top Value
1929743,25,3,2770.42,5,5,3,553,Loyal,Medium Value
1929786,1163,1,1060.76,1,2,2,122,Lost,Low Value
1929845,59,1,650.22,5,2,1,521,Loyal,Low Value
1929971,466,2,3640.37,3,4,3,343,Loyal,Medium Value
1930107,349,2,553.38,4,4,1,441,Loyal,Low Value
1930125,717,2,675.0,2,4,1,241,Lost,Low Value
1930205,562,1,807.0,3,2,1,321,Loyal,Low Value
1930311,157,1,1012.99,5,2,2,522,Loyal,Low Value
1930372,465,2,2596.5099999999998,3,4,3,343,Loyal,Medium Value
1930384,248,2,3032.46,5,4,3,543,Loyal,Medium Value
1930815,718,2,584.8100000000001,2,4,1,241,Lost,Low Value
1930860,369,2,729.75,4,4,1,441,Loyal,Low Value
1930960,1347,1,2139.8900000000003,1,2,2,122,Lost,Medium Value
1931096,215,1,4.06,5,2,1,521,Loyal,Low Value
1931347,65,2,1423.32,5,4,2,542,Loyal,Low Value
1931400,791,1,1758.0,2,2,2,222,Lost,Medium Value
1931445,505,1,585.99,3,2,1,321,Loyal,Low Value
1931525,344,5,21658.93,5,5,5,555,Champions,Top Value
1932022,824,1,175.97,2,2,1,221,Lost,Low Value
1932072,222,3,3666.9300000000003,5,5,3,553,Loyal,Medium Value
1932228,912,2,1290.67,1,4,2,142,Lost,Low Value
1932334,1761,1,161.78,1,2,1,121,Lost,Low Value
1932412,404,2,4033.4700000000003,4,4,3,443,Loyal,Medium Value
1932536,1621,1,2031.99,1,2,2,122,Lost,Medium Value
1932733,375,2,7991.650000000001,4,4,5,445,Champions,Top Value
1932745,281,4,20198.170000000002,5,5,5,555,Champions,Top Value
1932808,66,3,7163.5,5,5,4,554,Champions,Top Value
1933265,474,4,4176.4400000000005,3,5,4,354,Loyal,Medium Value
1933298,475,5,9513.95,3,5,5,355,Loyal,Top Value
1933319,1021,1,10868.66,1,2,5,125,Lost,Top Value
1933399,528,1,3631.9,3,2,3,323,Loyal,Medium Value
1933414,64,4,3061.5699999999997,5,5,3,553,Loyal,Medium Value
1933910,302,1,8164.0199999999995,5,2,5,525,Need Attention,Top Value
1934436,526,2,4268.0,3,4,4,344,Loyal,Medium Value
1934470,57,3,7510.72,5,5,5,555,Champions,Top Value
1934726,5,2,2138.56,5,4,2,542,Loyal,Medium Value
1934815,1112,1,1563.96,1,2,2,122,Lost,Low Value
1934862,48,3,16206.17,5,5,5,555,Champions,Top Value
1934889,348,2,6276.99,4,4,4,444,Champions,Top Value
1935094,983,1,74.97,1,2,1,121,Lost,Low Value
1935224,450,1,219.98,3,2,1,321,Loyal,Low Value
1935843,873,1,5527.58,2,2,4,224,Lost,Top Value
1935954,1346,1,16119.449999999999,1,2,5,125,Lost,Top Value
1936191,491,3,7935.92,3,5,5,355,Loyal,Top Value
1936262,174,2,3586.73,5,4,3,543,Loyal,Medium Value
1936378,393,3,2430.62,4,5,3,453,Loyal,Medium Value
1936527,116,2,602.88,5,4,1,541,Loyal,Low Value
1936759,246,1,2454.0,5,2,3,523,Loyal,Medium Value
1936890,481,2,9934.75,3,4,5,345,Loyal,Top Value
1937213,982,3,4521.51,1,5,4,154,At Risk,Medium Value
1937355,360,3,9319.42,4,5,5,455,Champions,Top Value
1937404,506,2,20785.74,3,4,5,345,Loyal,Top Value
1937882,424,1,438.0,4,2,1,421,Loyal,Low Value
1937990,228,3,4300.98,5,5,4,554,Champions,Medium Value
1938352,786,2,4733.33,2,4,4,244,At Risk,Medium Value
1938573,435,1,687.0,3,2,1,321,Loyal,Low Value
1938586,773,3,11526.75,2,5,5,255,At Risk,Top Value
1938588,354,2,3669.74,4,4,3,443,Loyal,Medium Value
1938850,1159,1,3933.0,1,2,3,123,Lost,Medium Value
1938856,1145,3,4238.45,1,5,4,154,At Risk,Medium Value
1939013,360,3,2731.58,4,5,3,453,Loyal,Medium Value
1939030,997,1,2466.99,1,2,3,123,Lost,Medium Value
1939127,997,1,714.0,1,2,1,121,Lost,Low Value
1939196,639,3,7403.88,2,5,4,254,At Risk,Top Value
1939210,501,2,4875.0,3,4,4,344,Loyal,Medium Value
1939321,383,6,23478.25,4,5,5,455,Champions,Top Value
1939398,67,3,8886.93,5,5,5,555,Champions,Top Value
1939452,375,1,1499.6999999999998,4,2,2,422,Loyal,Low Value
1939795,365,3,7247.4,4,5,4,454,Champions,Top Value
1939841,353,3,5818.75,4,5,4,454,Champions,Top Value
1939877,426,3,2734.93,4,5,3,453,Loyal,Medium Value
1939960,414,3,14864.88,4,5,5,455,Champions,Top Value
1940053,545,1,1972.3,3,2,2,322,Loyal,Medium Value
1940327,612,2,677.95,2,4,1,241,Lost,Low Value
1940393,368,3,9361.939999999999,4,5,5,455,Champions,Top Value
1940504,349,1,567.9,4,2,1,421,Loyal,Low Value
1940708,341,6,14082.95,5,5,5,555,Champions,Top Value
1941044,81,2,1563.95,5,4,2,542,Loyal,Low Value
1941084,416,4,10983.65,4,5,5,455,Champions,Top Value
1941219,727,2,3614.52,2,4,3,243,At Risk,Medium Value
1941222,813,2,4326.9,2,4,4,244,At Risk,Medium Value
1941245,188,3,5100.0599999999995,5,5,4,554,Champions,Top Value
1941302,215,1,3738.15,5,2,3,523,Loyal,Medium Value
1941611,909,1,2405.5,1,2,3,123,Lost,Medium Value
1941728,723,1,2147.95,2,2,2,222,Lost,Medium Value
1941801,594,2,6247.99,3,4,4,344,Loyal,Top Value
1941806,344,2,819.0,5,4,1,541,Loyal,Low Value
1941945,1438,1,16260.0,1,2,5,125,Lost,Top Value
1942015,200,3,3547.69,5,5,3,553,Loyal,Medium Value
1942072,393,7,25079.21,4,5,5,455,Champions,Top Value
1942541,636,1,2656.96,2,2,3,223,Lost,Medium Value
1942560,559,6,11905.64,3,5,5,355,Loyal,Top Value
1942638,1317,1,1331.88,1,2,2,122,Lost,Low Value
1942682,295,3,5839.6,5,5,4,554,Champions,Top Value
1943078,34,3,4248.46,5,5,4,554,Champions,Medium Value
1943741,502,2,2847.81,3,4,3,343,Loyal,Medium Value
1943961,204,4,3059.82,5,5,3,553,Loyal,Medium Value
1944490,249,1,652.56,5,2,1,521,Loyal,Low Value
1944536,64,3,3027.0,5,5,3,553,Loyal,Medium Value
1944572,61,6,17739.27,5,5,5,555,Champions,Top Value
1944664,1466,1,648.03,1,2,1,121,Lost,Low Value
1944691,897,3,3572.35,1,5,3,153,At Risk,Medium Value
1944754,507,2,5104.6,3,4,4,344,Loyal,Top Value
1944766,824,1,2849.0,2,2,3,223,Lost,Medium Value
1944880,113,2,5429.5,5,4,4,544,Champions,Top Value
1945099,394,2,3407.07,4,4,3,443,Loyal,Medium Value
1945363,38,5,10616.19,5,5,5,555,Champions,Top Value
1945385,1205,2,319.0,1,4,1,141,Lost,Low Value
1945782,169,1,169.82,5,2,1,521,Loyal,Low Value
1946530,274,3,1292.23,5,5,2,552,Loyal,Low Value
1946796,608,2,840.23,2,4,1,241,Lost,Low Value
1946805,877,2,2756.9,2,4,3,243,At Risk,Medium Value
1947004,1271,1,419.97,1,2,1,121,Lost,Low Value
1947078,40,3,2634.87,5,5,3,553,Loyal,Medium Value
1947294,356,2,4286.599999999999,4,4,4,444,Champions,Medium Value
1947606,750,2,1779.0,2,4,2,242,Lost,Medium Value
1947708,208,2,1172.33,5,4,2,542,Loyal,Low Value
1947876,388,5,12906.6,4,5,5,455,Champions,Top Value
1947939,438,3,4754.65,3,5,4,354,Loyal,Medium Value
1948036,552,2,1625.94,3,4,2,342,Loyal,Low Value
1948125,1283,1,578.65,1,2,1,121,Lost,Low Value
1948390,4,5,16400.91,5,5,5,555,Champions,Top Value
1948539,866,3,782.96,2,5,1,251,Lost,Low Value
1948840,406,2,2327.2999999999997,4,4,3,443,Loyal,Medium Value
1948852,366,5,19048.35,4,5,5,455,Champions,Top Value
1949149,402,4,7636.94,4,5,5,455,Champions,Top Value
1949270,411,2,2756.48,4,4,3,443,Loyal,Medium Value
1949420,545,1,1338.96,3,2,2,322,Loyal,Low Value
1949764,32,4,3975.7599999999998,5,5,3,553,Loyal,Medium Value
1950414,372,3,677.49,4,5,1,451,Loyal,Low Value
1950457,1392,1,724.9,1,2,1,121,Lost,Low Value
1950591,347,3,13512.79,4,5,5,455,Champions,Top Value
1950637,419,2,421.48,4,4,1,441,Loyal,Low Value
1950674,51,4,4224.66,5,5,4,554,Champions,Medium Value
1950756,250,3,5146.0,5,5,4,554,Champions,Top Value
1950883,393,3,5360.879999999999,4,5,4,454,Champions,Top Value
1950884,512,3,10906.89,3,5,5,355,Loyal,Top Value
1950929,1521,1,539.8,1,2,1,121,Lost,Low Value
1951129,783,2,1814.99,2,4,2,242,Lost,Medium Value
1951334,605,3,6385.74,3,5,4,354,Loyal,Top Value
1951406,443,2,960.3800000000001,3,4,2,342,Loyal,Low Value
1951411,354,5,7747.9400000000005,4,5,5,455,Champions,Top Value
1951594,54,4,10006.49,5,5,5,555,Champions,Top Value
1951611,428,3,20504.94,4,5,5,455,Champions,Top Value
1951643,1074,1,1451.84,1,2,2,122,Lost,Low Value
1951677,612,2,4002.97,2,4,3,243,At Risk,Medium Value
1951766,213,5,14500.59,5,5,5,555,Champions,Top Value
1951832,1,2,3487.17,5,4,3,543,Loyal,Medium Value
1952169,1830,1,2436.0,1,2,3,123,Lost,Medium Value
1952261,249,5,15904.59,5,5,5,555,Champions,Top Value
1952376,544,2,2856.9,3,4,3,343,Loyal,Medium Value
1952591,353,8,14703.04,4,5,5,455,Champions,Top Value
1952663,375,4,21622.94,4,5,5,455,Champions,Top Value
1952779,998,1,521.83,1,2,1,121,Lost,Low Value
1953018,1541,1,5142.81,1,2,4,124,Lost,Top Value
1953023,852,1,57.88,2,2,1,221,Lost,Low Value
1953058,822,1,405.5,2,2,1,221,Lost,Low Value
1953190,991,1,2363.9700000000003,1,2,3,123,Lost,Medium Value
1953216,396,2,4936.73,4,4,4,444,Champions,Medium Value
1953232,374,2,1741.5600000000002,4,4,2,442,Loyal,Medium Value
1953978,437,3,7655.42,3,5,5,355,Loyal,Top Value
1954251,415,3,7609.54,4,5,5,455,Champions,Top Value
1954387,353,1,98.58999999999999,4,2,1,421,Loyal,Low Value
1954452,372,2,7021.1,4,4,4,444,Champions,Top Value
1954639,359,2,1831.94,4,4,2,442,Loyal,Medium Value
1954871,795,2,235.98,2,4,1,241,Lost,Low Value
1954880,300,3,29155.3,5,5,5,555,Champions,Top Value
1955238,807,3,932.61,2,5,2,252,Lost,Low Value
1955493,789,1,928.0,2,2,2,222,Lost,Low Value
1955888,436,1,779.0,3,2,1,321,Loyal,Low Value
1955971,795,4,7987.13,2,5,5,255,At Risk,Top Value
1956080,764,1,1446.0,2,2,2,222,Lost,Low Value
1956193,1023,1,297.78999999999996,1,2,1,121,Lost,Low Value
1956270,398,2,1024.69,4,4,2,442,Loyal,Low Value
1956301,655,3,3421.71,2,5,3,253,At Risk,Medium Value
1956404,53,4,2325.54,5,5,3,553,Loyal,Medium Value
1956497,225,4,16986.53,5,5,5,555,Champions,Top Value
1956520,3,4,13129.44,5,5,5,555,Champions,Top Value
1956840,157,5,12864.02,5,5,5,555,Champions,Top Value
1956922,848,2,6368.75,2,4,4,244,At Risk,Top Value
1956960,865,3,14637.69,2,5,5,255,At Risk,Top Value
1956984,25,5,13091.75,5,5,5,555,Champions,Top Value
1957363,47,6,23379.38,5,5,5,555,Champions,Top Value
1957757,66,2,10090.99,5,4,5,545,Champions,Top Value
1957771,415,2,6170.530000000001,4,4,4,444,Champions,Top Value
1957841,109,7,17036.489999999998,5,5,5,555,Champions,Top Value
1957844,1443,1,1193.0,1,2,2,122,Lost,Low Value
1958005,358,2,2431.08,4,4,3,443,Loyal,Medium Value
1958373,74,5,7035.32,5,5,4,554,Champions,Top Value
1958543,813,3,4537.98,2,5,4,254,At Risk,Medium Value
1958590,724,1,7185.0,2,2,4,224,Lost,Top Value
1958662,1011,1,1019.7,1,2,2,122,Lost,Low Value
1958679,1691,1,1840.0,1,2,2,122,Lost,Medium Value
1958731,366,1,2147.67,4,2,2,422,Loyal,Medium Value
1958824,111,5,6128.97,5,5,4,554,Champions,Top Value
1958828,461,2,891.48,3,4,2,342,Loyal,Low Value
1958936,342,2,10085.929999999998,5,4,5,545,Champions,Top Value
1959045,1256,1,848.99,1,2,1,121,Lost,Low Value
1959163,554,4,6663.0,3,5,4,354,Loyal,Top Value
1959184,362,3,2923.11,4,5,3,453,Loyal,Medium Value
1959237,853,1,3800.95,2,2,3,223,Lost,Medium Value
1959272,1011,3,7198.48,1,5,4,154,At Risk,Top Value
1959480,767,1,2994.99,2,2,3,223,Lost,Medium Value
1959688,176,3,9000.51,5,5,5,555,Champions,Top Value
1959821,270,2,1146.2,5,4,2,542,Loyal,Low Value
1959860,404,3,3897.6400000000003,4,5,3,453,Loyal,Medium Value
1959938,153,3,4666.0,5,5,4,554,Champions,Medium Value
1960099,655,2,23447.5,2,4,5,245,At Risk,Top Value
1960149,484,3,818.3199999999999,3,5,1,351,Loyal,Low Value
1960256,724,3,4535.04,2,5,4,254,At Risk,Medium Value
1960599,820,2,1467.31,2,4,2,242,Lost,Low Value
1960809,447,1,2875.96,3,2,3,323,Loyal,Medium Value
1960909,824,2,5140.78,2,4,4,244,At Risk,Top Value
1961299,1324,2,1367.46,1,4,2,142,Lost,Low Value
1961520,425,2,11253.0,4,4,5,445,Champions,Top Value
1961837,778,2,8665.86,2,4,5,245,At Risk,Top Value
1961950,438,3,3826.76,3,5,3,353,Loyal,Medium Value
1961969,1117,3,14999.72,1,5,5,155,At Risk,Top Value
1961975,663,1,441.0,2,2,1,221,Lost,Low Value
1961979,102,5,11261.27,5,5,5,555,Champions,Top Value
1962126,1446,1,2743.6099999999997,1,2,3,123,Lost,Medium Value
1962199,1661,1,1540.0,1,2,2,122,Lost,Low Value
1962210,73,1,50.0,5,2,1,521,Loyal,Low Value
1962218,446,3,4068.81,3,5,3,353,Loyal,Medium Value
1962303,494,4,3480.39,3,5,3,353,Loyal,Medium Value
1962528,789,1,3265.7799999999997,2,2,3,223,Lost,Medium Value
1962740,564,2,5915.53,3,4,4,344,Loyal,Top Value
1962805,771,3,2635.86,2,5,3,253,At Risk,Medium Value
1962816,1500,1,5623.0,1,2,4,124,Lost,Top Value
1963081,386,3,7720.389999999999,4,5,5,455,Champions,Top Value
1963343,114,2,1176.78,5,4,2,542,Loyal,Low Value
1963509,1165,2,5889.2,1,4,4,144,At Risk,Top Value
1964297,538,6,16784.3,3,5,5,355,Loyal,Top Value
1964342,521,2,3215.75,3,4,3,343,Loyal,Medium Value
1964702,387,2,321.95,4,4,1,441,Loyal,Low Value
1964759,377,6,10698.52,4,5,5,455,Champions,Top Value
1964791,712,2,2014.6499999999999,2,4,2,242,Lost,Medium Value
1964906,271,1,400.0,5,2,1,521,Loyal,Low Value
1965288,1,3,17706.79,5,5,5,555,Champions,Top Value
1965339,743,2,1361.0,2,4,2,242,Lost,Low Value
1965605,1833,1,227.96,1,2,1,121,Lost,Low Value
1965809,4,3,2863.24,5,5,3,553,Loyal,Medium Value
1965850,17,2,1030.98,5,4,2,542,Loyal,Low Value
1966223,440,1,14.940000000000001,3,2,1,321,Loyal,Low Value
1966751,349,2,8306.31,4,4,5,445,Champions,Top Value
1966972,369,3,5373.54,4,5,4,454,Champions,Top Value
1967003,846,1,1184.0,2,2,2,222,Lost,Low Value
1967017,155,2,1199.97,5,4,2,542,Loyal,Low Value
1967159,464,1,289.98,3,2,1,321,Loyal,Low Value
1967380,1242,1,4705.610000000001,1,2,4,124,Lost,Medium Value
1967407,797,1,978.0,2,2,2,222,Lost,Low Value
1967496,894,2,126.55000000000001,1,4,1,141,Lost,Low Value
1967534,421,1,533.26,4,2,1,421,Loyal,Low Value
1967813,268,2,3754.84,5,4,3,543,Loyal,Medium Value
1967848,373,2,3163.9099999999994,4,4,3,443,Loyal,Medium Value
1968118,631,3,5014.77,2,5,4,254,At Risk,Top Value
1968385,739,3,4856.84,2,5,4,254,At Risk,Medium Value
1968675,1815,1,539.8,1,2,1,121,Lost,Low Value
1968723,547,1,6303.0,3,2,4,324,Need Attention,Top Value
1969111,440,1,935.47,3,2,2,322,Loyal,Low Value
1969221,443,2,9100.05,3,4,5,345,Loyal,Top Value
1969254,369,1,47.44,4,2,1,421,Loyal,Low Value
1969340,288,1,2212.91,5,2,3,523,Loyal,Medium Value
1969368,430,1,49.98,4,2,1,421,Loyal,Low Value
1969433,205,4,6696.47,5,5,4,554,Champions,Top Value
1969704,416,7,42788.04,4,5,5,455,Champions,Top Value
1969722,264,4,26534.61,5,5,5,555,Champions,Top Value
1969736,222,2,6727.27,5,4,4,544,Champions,Top Value
1969751,548,2,1241.99,3,4,2,342,Loyal,Low Value
1969970,430,5,6788.41,4,5,4,454,Champions,Top Value
1970218,901,1,46.010000000000005,1,2,1,121,Lost,Low Value
1970395,373,1,1327.61,4,2,2,422,Loyal,Low Value
1970732,744,4,3205.4300000000003,2,5,3,253,At Risk,Medium Value
1970893,648,4,6728.21,2,5,4,254,At Risk,Top Value
1970944,869,2,1911.78,2,4,2,242,Lost,Medium Value
1971018,621,3,14502.45,2,5,5,255,At Risk,Top Value
1971514,407,4,12297.02,4,5,5,455,Champions,Top Value
1971540,169,3,2126.8900000000003,5,5,2,552,Loyal,Medium Value
1971558,429,1,3573.9,4,2,3,423,Loyal,Medium Value
1971593,248,2,1566.6999999999998,5,4,2,542,Loyal,Low Value
1971661,201,3,9943.529999999999,5,5,5,555,Champions,Top Value
1971806,479,5,5663.27,3,5,4,354,Loyal,Top Value
1971820,640,3,7321.37,2,5,4,254,At Risk,Top Value
1971893,393,3,1648.48,4,5,2,452,Loyal,Low Value
1971969,575,2,634.0,3,4,1,341,Loyal,Low Value
1971983,727,4,17620.739999999998,2,5,5,255,At Risk,Top Value
1972196,631,1,3416.95,2,2,3,223,Lost,Medium Value
1972249,225,9,28869.45,5,5,5,555,Champions,Top Value
1972329,482,1,37.980000000000004,3,2,1,321,Loyal,Low Value
1972624,736,3,3011.79,2,5,3,253,At Risk,Medium Value
1972699,424,3,3501.57,4,5,3,453,Loyal,Medium Value
1972768,421,2,1133.4,4,4,2,442,Loyal,Low Value
1973315,1499,1,288.0,1,2,1,121,Lost,Low Value
1973393,388,1,335.19000000000005,4,2,1,421,Loyal,Low Value
1973634,414,1,1472.0,4,2,2,422,Loyal,Low Value
1973647,137,4,4733.85,5,5,4,554,Champions,Medium Value
1974024,1347,1,6873.95,1,2,4,124,Lost,Top Value
1974066,914,1,2400.0,1,2,3,123,Lost,Medium Value
1974221,411,1,903.0,4,2,2,422,Loyal,Low Value
1974339,236,5,13017.76,5,5,5,555,Champions,Top Value
1974345,498,3,6612.889999999999,3,5,4,354,Loyal,Top Value
1974387,351,3,3531.41,4,5,3,453,Loyal,Medium Value
1974792,562,2,2824.33,3,4,3,343,Loyal,Medium Value
1974863,367,1,299.95,4,2,1,421,Loyal,Low Value
1975386,409,4,9266.630000000001,4,5,5,455,Champions,Top Value
1975423,582,2,7223.78,3,4,4,344,Loyal,Top Value
1975759,1570,1,2020.85,1,2,2,122,Lost,Medium Value
1975761,425,3,5250.27,4,5,4,454,Champions,Top Value
1975850,243,2,3625.73,5,4,3,543,Loyal,Medium Value
1976355,408,3,8929.460000000001,4,5,5,455,Champions,Top Value
1976499,222,3,9458.98,5,5,5,555,Champions,Top Value
1976526,1179,1,4193.0,1,2,4,124,Lost,Medium Value
1976633,264,4,10172.14,5,5,5,555,Champions,Top Value
1976945,736,1,67.89,2,2,1,221,Lost,Low Value
1976957,390,4,7894.46,4,5,5,455,Champions,Top Value
1977454,284,2,2784.0,5,4,3,543,Loyal,Medium Value
1977527,158,2,1467.44,5,4,2,542,Loyal,Low Value
1977543,63,2,2879.28,5,4,3,543,Loyal,Medium Value
1977775,351,3,13863.07,4,5,5,455,Champions,Top Value
1977971,396,2,1966.93,4,4,2,442,Loyal,Medium Value
1977993,1221,1,1792.0,1,2,2,122,Lost,Medium Value
1978029,290,4,24982.14,5,5,5,555,Champions,Top Value
1978474,218,2,1214.5,5,4,2,542,Loyal,Low Value
1979129,733,2,12540.91,2,4,5,245,At Risk,Top Value
1979251,521,3,1853.5,3,5,2,352,Loyal,Medium Value
1979261,495,1,521.98,3,2,1,321,Loyal,Low Value
1979589,1605,2,25118.19,1,4,5,145,At Risk,Top Value
1979667,722,1,96.0,2,2,1,221,Lost,Low Value
1979728,731,5,11522.41,2,5,5,255,At Risk,Top Value
1979787,769,3,4651.5599999999995,2,5,4,254,At Risk,Medium Value
1979837,562,4,5492.37,3,5,4,354,Loyal,Top Value
1979879,485,2,507.0,3,4,1,341,Loyal,Low Value
1979995,477,7,13809.039999999999,3,5,5,355,Loyal,Top Value
1980004,422,2,957.99,4,4,2,442,Loyal,Low Value
1980048,1550,1,60.99,1,2,1,121,Lost,Low Value
1980266,276,2,2467.91,5,4,3,543,Loyal,Medium Value
1980499,426,3,6692.45,4,5,4,454,Champions,Top Value
1980538,515,2,4231.87,3,4,4,344,Loyal,Medium Value
1980830,1201,2,729.9300000000001,1,4,1,141,Lost,Low Value
1980973,730,1,1604.49,2,2,2,222,Lost,Low Value
1980993,1458,1,53.28,1,2,1,121,Lost,Low Value
1981004,18,7,17119.99,5,5,5,555,Champions,Top Value
1981433,7,6,8313.91,5,5,5,555,Champions,Top Value
1981754,380,1,1835.15,4,2,2,422,Loyal,Medium Value
1981833,410,4,10765.54,4,5,5,455,Champions,Top Value
1981868,365,6,17074.22,4,5,5,455,Champions,Top Value
1981968,782,2,3485.98,2,4,3,243,At Risk,Medium Value
1981992,10,4,14629.0,5,5,5,555,Champions,Top Value
1982066,1075,2,6942.6,1,4,4,144,At Risk,Top Value
1982150,495,6,4047.98,3,5,3,353,Loyal,Medium Value
1982247,297,4,4094.6,5,5,4,554,Champions,Medium Value
1982336,378,4,6669.150000000001,4,5,4,454,Champions,Top Value
1982502,1738,1,2276.94,1,2,3,123,Lost,Medium Value
1982762,62,4,5808.469999999999,5,5,4,554,Champions,Top Value
1982856,424,4,2630.33,4,5,3,453,Loyal,Medium Value
1982994,1872,1,1688.0,1,2,2,122,Lost,Medium Value
1983111,857,4,12618.09,2,5,5,255,At Risk,Top Value
1983213,390,2,7964.6900000000005,4,4,5,445,Champions,Top Value
1983228,587,2,1033.76,3,4,2,342,Loyal,Low Value
1983416,505,4,9555.14,3,5,5,355,Loyal,Top Value
1983649,1837,1,3560.89,1,2,3,123,Lost,Medium Value
1983666,1147,1,8495.85,1,2,5,125,Lost,Top Value
1983692,366,3,4472.62,4,5,4,454,Champions,Medium Value
1984464,358,3,14878.48,4,5,5,455,Champions,Top Value
1984624,66,3,8388.88,5,5,5,555,Champions,Top Value
1984649,913,3,2610.0,1,5,3,153,At Risk,Medium Value
1984685,1863,1,1533.89,1,2,2,122,Lost,Low Value
1984697,358,3,927.6999999999999,4,5,2,452,Loyal,Low Value
1984985,268,3,5265.79,5,5,4,554,Champions,Top Value
1984991,59,1,4054.0,5,2,3,523,Loyal,Medium Value
1985627,774,1,4924.99,2,2,4,224,Lost,Medium Value
1985636,808,2,6530.63,2,4,4,244,At Risk,Top Value
1985886,731,1,10074.18,2,2,5,225,Lost,Top Value
1985903,394,3,3061.45,4,5,3,453,Loyal,Medium Value
1986036,369,1,888.0,4,2,2,422,Loyal,Low Value
1986204,294,4,4254.7,5,5,4,554,Champions,Medium Value
1986637,501,1,936.0,3,2,2,322,Loyal,Low Value
1986674,66,1,1996.5,5,2,2,522,Loyal,Medium Value
1986804,99,7,13273.62,5,5,5,555,Champions,Top Value
1986927,435,4,1142.89,3,5,2,352,Loyal,Low Value
1987069,624,1,695.65,2,2,1,221,Lost,Low Value
1987171,493,2,4449.96,3,4,4,344,Loyal,Medium Value
1987314,599,3,5898.2,3,5,4,354,Loyal,Top Value
1987493,583,3,4954.42,3,5,4,354,Loyal,Medium Value
1987593,907,2,2361.1899999999996,1,4,3,143,At Risk,Medium Value
1987601,590,2,2820.04,3,4,3,343,Loyal,Medium Value
1987941,92,3,17246.85,5,5,5,555,Champions,Top Value
1987964,265,1,2282.2799999999997,5,2,3,523,Loyal,Medium Value
1987984,561,1,13668.99,3,2,5,325,Need Attention,Top Value
1988069,60,2,1280.2,5,4,2,542,Loyal,Low Value
1988615,372,1,1582.0,4,2,2,422,Loyal,Low Value
1988805,79,7,10823.46,5,5,5,555,Champions,Top Value
1989435,202,3,2515.62,5,5,3,553,Loyal,Medium Value
1989635,255,4,8322.599999999999,5,5,5,555,Champions,Top Value
1989753,1149,1,473.19000000000005,1,2,1,121,Lost,Low Value
1989863,227,3,6119.6900000000005,5,5,4,554,Champions,Top Value
1990017,502,1,364.91,3,2,1,321,Loyal,Low Value
1990185,1680,1,234.0,1,2,1,121,Lost,Low Value
1990343,418,3,4829.58,4,5,4,454,Champions,Medium Value
1990506,512,1,458.0,3,2,1,321,Loyal,Low Value
1990647,612,1,140.26,2,2,1,221,Lost,Low Value
1990814,297,2,1308.47,5,4,2,542,Loyal,Low Value
1991239,1338,2,2745.88,1,4,3,143,At Risk,Medium Value
1991278,290,1,919.0,5,2,2,522,Loyal,Low Value
1991339,362,4,4813.88,4,5,4,454,Champions,Medium Value
1991411,789,3,4314.87,2,5,4,254,At Risk,Medium Value
1991497,554,2,414.8,3,4,1,341,Loyal,Low Value
1991742,423,5,12172.91,4,5,5,455,Champions,Top Value
1991913,374,3,6521.34,4,5,4,454,Champions,Top Value
1991961,348,2,10410.0,4,4,5,445,Champions,Top Value
1992043,1492,2,1326.0,1,4,2,142,Lost,Low Value
1992074,50,4,13827.06,5,5,5,555,Champions,Top Value
1992835,207,3,12680.59,5,5,5,555,Champions,Top Value
1993046,733,1,199.95,2,2,1,221,Lost,Low Value
1993577,645,1,1072.0,2,2,2,222,Lost,Low Value
1994181,419,3,7038.929999999999,4,5,4,454,Champions,Top Value
1994581,1108,1,5598.99,1,2,4,124,Lost,Top Value
1994606,510,1,4958.22,3,2,4,324,Need Attention,Top Value
1994932,25,2,2424.7,5,4,3,543,Loyal,Medium Value
1994967,402,2,1212.0,4,4,2,442,Loyal,Low Value
1994972,525,3,3081.73,3,5,3,353,Loyal,Medium Value
1995044,243,2,6970.14,5,4,4,544,Champions,Top Value
1995071,422,3,1197.69,4,5,2,452,Loyal,Low Value
1995593,582,2,1154.8500000000001,3,4,2,342,Loyal,Low Value
1995697,253,2,4825.66,5,4,4,544,Champions,Medium Value
1995699,461,2,3152.75,3,4,3,343,Loyal,Medium Value
1995928,261,1,438.0,5,2,1,521,Loyal,Low Value
1996019,1013,2,7457.45,1,4,4,144,At Risk,Top Value
1996029,57,4,12027.84,5,5,5,555,Champions,Top Value
1996108,297,4,6218.29,5,5,4,554,Champions,Top Value
1996351,570,1,2029.5,3,2,2,322,Loyal,Medium Value
1996365,228,3,5744.01,5,5,4,554,Champions,Top Value
1996488,422,2,3199.7999999999997,4,4,3,443,Loyal,Medium Value
1996680,1265,1,40.55,1,2,1,121,Lost,Low Value
1996781,367,6,9503.63,4,5,5,455,Champions,Top Value
1996797,419,5,10933.130000000001,4,5,5,455,Champions,Top Value
1996847,18,2,2182.65,5,4,3,543,Loyal,Medium Value
1996909,379,3,9721.6,4,5,5,455,Champions,Top Value
1996959,128,7,18230.3,5,5,5,555,Champions,Top Value
1997104,802,1,2453.29,2,2,3,223,Lost,Medium Value
1997208,416,4,11442.31,4,5,5,455,Champions,Top Value
1997221,433,4,3553.66,4,5,3,453,Loyal,Medium Value
1997307,1345,1,7803.04,1,2,5,125,Lost,Top Value
1997542,425,1,14.940000000000001,4,2,1,421,Loyal,Low Value
1997694,765,1,843.0,2,2,1,221,Lost,Low Value
1997727,438,3,1232.4,3,5,2,352,Loyal,Low Value
1997765,362,5,4955.83,4,5,4,454,Champions,Medium Value
1997780,409,5,16439.61,4,5,5,455,Champions,Top Value
1998013,361,6,11946.34,4,5,5,455,Champions,Top Value
1998163,1681,1,1537.95,1,2,2,122,Lost,Low Value
1998179,284,3,4846.7300000000005,5,5,4,554,Champions,Medium Value
1998305,921,2,8982.5,1,4,5,145,At Risk,Top Value
1998377,561,2,19901.0,3,4,5,345,Loyal,Top Value
1998481,29,4,10277.369999999999,5,5,5,555,Champions,Top Value
1999313,648,1,3055.98,2,2,3,223,Lost,Medium Value
1999333,363,3,3200.0699999999997,4,5,3,453,Loyal,Medium Value
1999383,477,2,3718.46,3,4,3,343,Loyal,Medium Value
1999721,855,3,18230.28,2,5,5,255,At Risk,Top Value
1999750,1503,1,1015.95,1,2,2,122,Lost,Low Value
1999911,431,2,2415.94,4,4,3,443,Loyal,Medium Value
1999956,757,2,1636.81,2,4,2,242,Lost,Low Value
2000293,554,1,2079.4,3,2,2,322,Loyal,Medium Value
2000732,645,3,3260.6099999999997,2,5,3,253,At Risk,Medium Value
2000744,438,2,1993.98,3,4,2,342,Loyal,Medium Value
2000872,1683,2,211.98,1,4,1,141,Lost,Low Value
2001416,277,2,415.69000000000005,5,4,1,541,Loyal,Low Value
2001744,484,2,2310.3399999999997,3,4,3,343,Loyal,Medium Value
2001745,579,2,2076.85,3,4,2,342,Loyal,Medium Value
2001755,118,3,36067.47,5,5,5,555,Champions,Top Value
2001808,537,1,2948.67,3,2,3,323,Loyal,Medium Value
2001813,19,2,1817.84,5,4,2,542,Loyal,Medium Value
2001941,260,1,2364.57,5,2,3,523,Loyal,Medium Value
2001951,226,2,426.99,5,4,1,541,Loyal,Low Value
2002239,75,1,4182.9,5,2,4,524,Need Attention,Medium Value
2002288,1096,2,177.77,1,4,1,141,Lost,Low Value
2002372,604,2,3084.39,3,4,3,343,Loyal,Medium Value
2002439,515,4,11168.4,3,5,5,355,Loyal,Top Value
2002685,1494,1,129.9,1,2,1,121,Lost,Low Value
2002810,751,2,872.99,2,4,2,242,Lost,Low Value
2002841,773,1,3402.91,2,2,3,223,Lost,Medium Value
2002888,419,2,3300.9599999999996,4,4,3,443,Loyal,Medium Value
2003153,421,4,5977.18,4,5,4,454,Champions,Top Value
2003293,363,2,6169.85,4,4,4,444,Champions,Top Value
2003358,243,8,26444.5,5,5,5,555,Champions,Top Value
2003425,431,1,5502.7,4,2,4,424,Need Attention,Top Value
2003638,160,3,3489.08,5,5,3,553,Loyal,Medium Value
2003705,3,1,499.9,5,2,1,521,Loyal,Low Value
2003856,731,1,1865.2,2,2,2,222,Lost,Medium Value
2003997,479,3,10206.64,3,5,5,355,Loyal,Top Value
2004240,71,1,2083.69,5,2,2,522,Loyal,Medium Value
2004284,57,5,8857.73,5,5,5,555,Champions,Top Value
2004449,484,2,1464.6,3,4,2,342,Loyal,Low Value
2004576,368,1,1902.8,4,2,2,422,Loyal,Medium Value
2005315,1282,1,2545.99,1,2,3,123,Lost,Medium Value
2005336,1623,1,1893.96,1,2,2,122,Lost,Medium Value
2005351,830,2,1212.98,2,4,2,242,Lost,Low Value
2005389,997,1,219.98,1,2,1,121,Lost,Low Value
2005718,981,1,301.0,1,2,1,121,Lost,Low Value
2005934,559,2,3905.96,3,4,3,343,Loyal,Medium Value
2006113,418,3,2866.3,4,5,3,453,Loyal,Medium Value
2006166,444,2,250.78,3,4,1,341,Loyal,Low Value
2006191,390,2,6032.6,4,4,4,444,Champions,Top Value
2006313,879,2,5636.28,1,4,4,144,At Risk,Top Value
2006486,41,2,2974.6,5,4,3,543,Loyal,Medium Value
2006574,221,4,7948.95,5,5,5,555,Champions,Top Value
2006644,798,3,14304.1,2,5,5,255,At Risk,Top Value
2006704,425,2,3578.63,4,4,3,443,Loyal,Medium Value
2006758,621,2,11357.87,2,4,5,245,At Risk,Top Value
2006826,458,4,11665.3,3,5,5,355,Loyal,Top Value
2007027,444,3,7248.76,3,5,4,354,Loyal,Top Value
2007028,261,4,1934.35,5,5,2,552,Loyal,Medium Value
2007125,534,4,4445.42,3,5,4,354,Loyal,Medium Value
2007280,184,6,9122.869999999999,5,5,5,555,Champions,Top Value
2007321,779,2,7412.23,2,4,4,244,At Risk,Top Value
2007618,601,1,149.95,3,2,1,321,Loyal,Low Value
2007813,4,6,3049.4300000000003,5,5,3,553,Loyal,Medium Value
2008177,534,2,7630.05,3,4,5,345,Loyal,Top Value
2008468,634,1,1509.57,2,2,2,222,Lost,Low Value
2009147,26,1,988.9,5,2,2,522,Loyal,Low Value
2009243,502,2,8048.0,3,4,5,345,Loyal,Top Value
2009540,414,1,6094.95,4,2,4,424,Need Attention,Top Value
2009720,577,2,2741.79,3,4,3,343,Loyal,Medium Value
2010159,2,1,404.40000000000003,5,2,1,521,Loyal,Low Value
2010245,592,2,2231.94,3,4,3,343,Loyal,Medium Value
2010262,544,2,3795.99,3,4,3,343,Loyal,Medium Value
2010411,894,1,179.97,1,2,1,121,Lost,Low Value
2010495,348,2,1434.76,4,4,2,442,Loyal,Low Value
2010506,472,2,1110.16,3,4,2,342,Loyal,Low Value
2010586,428,2,2149.53,4,4,2,442,Loyal,Medium Value
2010827,771,1,230.0,2,2,1,221,Lost,Low Value
2011096,57,3,2578.38,5,5,3,553,Loyal,Medium Value
2011298,55,5,13106.64,5,5,5,555,Champions,Top Value
2011585,449,1,559.96,3,2,1,321,Loyal,Low Value
2011632,1200,1,853.9,1,2,2,122,Lost,Low Value
2011673,361,5,16522.84,4,5,5,455,Champions,Top Value
2011702,358,1,4079.0,4,2,4,424,Need Attention,Medium Value
2011787,193,4,7638.58,5,5,5,555,Champions,Top Value
2011791,257,1,499.9,5,2,1,521,Loyal,Low Value
2011796,1824,2,22146.780000000002,1,4,5,145,At Risk,Top Value
2012045,998,2,982.99,1,4,2,142,Lost,Low Value
2012168,510,5,11727.39,3,5,5,355,Loyal,Top Value
2012457,289,6,9208.34,5,5,5,555,Champions,Top Value
2012901,732,4,5947.14,2,5,4,254,At Risk,Top Value
2013268,488,2,1545.85,3,4,2,342,Loyal,Low Value
2013443,347,7,8647.789999999999,4,5,5,455,Champions,Top Value
2013759,148,1,549.9499999999999,5,2,1,521,Loyal,Low Value
2013811,29,6,6531.42,5,5,4,554,Champions,Top Value
2014107,232,5,6345.5,5,5,4,554,Champions,Top Value
2014226,426,10,16772.43,4,5,5,455,Champions,Top Value
2014440,1027,1,2995.0,1,2,3,123,Lost,Medium Value
2014500,428,2,4998.7,4,4,4,444,Champions,Top Value
2014565,428,4,6750.54,4,5,4,454,Champions,Top Value
2014737,612,2,1739.1,2,4,2,242,Lost,Medium Value
2014806,498,1,5029.98,3,2,4,324,Need Attention,Top Value
2014930,379,2,3199.1400000000003,4,4,3,443,Loyal,Medium Value
2015026,568,2,4875.35,3,4,4,344,Loyal,Medium Value
2015036,587,2,3032.14,3,4,3,343,Loyal,Medium Value
2015045,655,1,2547.8,2,2,3,223,Lost,Medium Value
2015104,1564,1,5050.39,1,2,4,124,Lost,Top Value
2015173,387,1,3679.15,4,2,3,423,Loyal,Medium Value
2015228,32,3,1533.99,5,5,2,552,Loyal,Low Value
2015316,361,3,6672.5,4,5,4,454,Champions,Top Value
2015373,13,2,3908.9700000000003,5,4,3,543,Loyal,Medium Value
2015566,908,1,521.89,1,2,1,121,Lost,Low Value
2015614,489,1,20.64,3,2,1,321,Loyal,Low Value
2015674,190,4,10016.06,5,5,5,555,Champions,Top Value
2015900,82,6,7798.79,5,5,5,555,Champions,Top Value
2016036,425,1,12005.92,4,2,5,425,Need Attention,Top Value
2016041,515,2,9090.79,3,4,5,345,Loyal,Top Value
2016137,349,3,4373.74,4,5,4,454,Champions,Medium Value
2016329,467,1,4058.67,3,2,3,323,Loyal,Medium Value
2016610,855,1,969.9,2,2,2,222,Lost,Low Value
2016721,978,1,939.94,1,2,2,122,Lost,Low Value
2017407,418,2,590.89,4,4,1,441,Loyal,Low Value
2017884,614,4,5114.62,2,5,4,254,At Risk,Top Value
2017937,558,2,8835.98,3,4,5,345,Loyal,Top Value
2018142,944,1,9119.189999999999,1,2,5,125,Lost,Top Value
2018226,503,1,39.96,3,2,1,321,Loyal,Low Value
2018421,372,3,11834.17,4,5,5,455,Champions,Top Value
2018524,793,1,31.39,2,2,1,221,Lost,Low Value
2018685,744,2,12881.560000000001,2,4,5,245,At Risk,Top Value
2018869,405,4,14954.900000000001,4,5,5,455,Champions,Top Value
2019180,361,3,6232.59,4,5,4,454,Champions,Top Value
2019245,403,1,109.0,4,2,1,421,Loyal,Low Value
2019675,453,1,436.9,3,2,1,321,Loyal,Low Value
2020068,530,2,1166.45,3,4,2,342,Loyal,Low Value
2020231,983,1,1539.5,1,2,2,122,Lost,Low Value
2020420,180,4,3334.67,5,5,3,553,Loyal,Medium Value
2020722,524,4,5526.55,3,5,4,354,Loyal,Top Value
2021107,211,4,21402.33,5,5,5,555,Champions,Top Value
2021158,803,1,979.8399999999999,2,2,2,222,Lost,Low Value
2021353,515,4,3715.7799999999997,3,5,3,353,Loyal,Medium Value
2021360,550,1,2765.95,3,2,3,323,Loyal,Medium Value
2021365,265,3,5720.63,5,5,4,554,Champions,Top Value
2021639,367,3,3996.98,4,5,3,453,Loyal,Medium Value
2021834,398,2,3035.12,4,4,3,443,Loyal,Medium Value
2021916,1319,2,6069.93,1,4,4,144,At Risk,Top Value
2022051,36,2,9494.0,5,4,5,545,Champions,Top Value
2022162,795,2,4324.2,2,4,4,244,At Risk,Medium Value
2022199,377,1,2599.9,4,2,3,423,Loyal,Medium Value
2022243,526,3,3573.2,3,5,3,353,Loyal,Medium Value
2022288,620,1,3470.0,2,2,3,223,Lost,Medium Value
2022412,92,6,13329.76,5,5,5,555,Champions,Top Value
2022662,377,4,3773.5699999999997,4,5,3,453,Loyal,Medium Value
2022707,458,3,1157.93,3,5,2,352,Loyal,Low Value
2022861,789,3,4374.04,2,5,4,254,At Risk,Medium Value
2022876,711,1,1840.0,2,2,2,222,Lost,Medium Value
2023185,81,4,9166.01,5,5,5,555,Champions,Top Value
2023204,438,1,165.0,3,2,1,321,Loyal,Low Value
2023470,260,2,680.5199999999999,5,4,1,541,Loyal,Low Value
2023780,990,3,9974.48,1,5,5,155,At Risk,Top Value
2023998,736,3,5444.53,2,5,4,254,At Risk,Top Value
2024029,47,8,8433.2,5,5,5,555,Champions,Top Value
2024100,515,2,8011.349999999999,3,4,5,345,Loyal,Top Value
2024150,522,1,227.94,3,2,1,321,Loyal,Low Value
2024240,597,2,537.12,3,4,1,341,Loyal,Low Value
2024716,448,2,4716.16,3,4,4,344,Loyal,Medium Value
2025213,414,4,9238.81,4,5,5,455,Champions,Top Value
2025504,237,3,5556.17,5,5,4,554,Champions,Top Value
2025509,781,2,2614.96,2,4,3,243,At Risk,Medium Value
2025686,342,2,13902.32,5,4,5,545,Champions,Top Value
2025711,426,3,16247.85,4,5,5,455,Champions,Top Value
2025840,642,2,3423.55,2,4,3,243,At Risk,Medium Value
2025955,834,3,3955.94,2,5,3,253,At Risk,Medium Value
2026025,1829,1,1407.0,1,2,2,122,Lost,Low Value
2026065,186,1,259.98,5,2,1,521,Loyal,Low Value
2026106,284,4,8670.869999999999,5,5,5,555,Champions,Top Value
2026387,256,3,10584.42,5,5,5,555,Champions,Top Value
2026432,618,2,3567.0,2,4,3,243,At Risk,Medium Value
2026561,241,1,65.78,5,2,1,521,Loyal,Low Value
2026801,345,5,17851.15,4,5,5,455,Champions,Top Value
2026978,662,1,6674.0,2,2,4,224,Lost,Top Value
2027056,40,1,2157.83,5,2,2,522,Loyal,Medium Value
2027276,396,3,10870.9,4,5,5,455,Champions,Top Value
2027449,517,2,4563.0,3,4,4,344,Loyal,Medium Value
2027502,738,2,8275.93,2,4,5,245,At Risk,Top Value
2027765,940,1,1513.98,1,2,2,122,Lost,Low Value
2027835,353,3,1594.19,4,5,2,452,Loyal,Low Value
2027861,709,2,1279.22,2,4,2,242,Lost,Low Value
2028962,549,4,7668.72,3,5,5,355,Loyal,Top Value
2029379,874,1,2583.0,2,2,3,223,Lost,Medium Value
2029441,627,2,3826.6800000000003,2,4,3,243,At Risk,Medium Value
2029518,725,3,5036.72,2,5,4,254,At Risk,Top Value
2029584,149,1,4025.97,5,2,3,523,Loyal,Medium Value
2029619,417,3,18518.0,4,5,5,455,Champions,Top Value
2029684,351,2,3279.9399999999996,4,4,3,443,Loyal,Medium Value
2029697,827,1,695.58,2,2,1,221,Lost,Low Value
2029781,379,2,920.49,4,4,2,442,Loyal,Low Value
2029797,592,1,419.97,3,2,1,321,Loyal,Low Value
2029798,415,3,2850.85,4,5,3,453,Loyal,Medium Value
2030035,2,2,5318.95,5,4,4,544,Champions,Top Value
2030206,424,3,2119.82,4,5,2,452,Loyal,Medium Value
2030678,1395,1,1409.91,1,2,2,122,Lost,Low Value
2030891,1151,2,1316.65,1,4,2,142,Lost,Low Value
2031187,1821,1,219.98,1,2,1,121,Lost,Low Value
2031360,776,1,7340.93,2,2,4,224,Lost,Top Value
2031446,423,5,5436.16,4,5,4,454,Champions,Top Value
2031457,202,4,952.2,5,5,2,552,Loyal,Low Value
2031698,373,2,1910.08,4,4,2,442,Loyal,Medium Value
2032025,1346,2,6895.64,1,4,4,144,At Risk,Top Value
2032411,414,5,19242.28,4,5,5,455,Champions,Top Value
2032588,754,4,2341.86,2,5,3,253,At Risk,Medium Value
2032613,373,2,3772.89,4,4,3,443,Loyal,Medium Value
2032689,253,2,295.08000000000004,5,4,1,541,Loyal,Low Value
2032912,556,4,18317.2,3,5,5,355,Loyal,Top Value
2032996,272,4,1630.92,5,5,2,552,Loyal,Low Value
2033194,254,2,676.17,5,4,1,541,Loyal,Low Value
2033219,778,2,6660.38,2,4,4,244,At Risk,Top Value
2033319,536,2,533.95,3,4,1,341,Loyal,Low Value
2033335,127,3,1821.06,5,5,2,552,Loyal,Medium Value
2033946,417,3,5680.45,4,5,4,454,Champions,Top Value
2033974,645,3,24165.12,2,5,5,255,At Risk,Top Value
2034681,711,3,5282.91,2,5,4,254,At Risk,Top Value
2034744,612,1,2721.59,2,2,3,223,Lost,Medium Value
2034775,1597,1,2986.36,1,2,3,123,Lost,Medium Value
2034808,391,6,6589.55,4,5,4,454,Champions,Top Value
2034809,179,3,7191.27,5,5,4,554,Champions,Top Value
2034922,379,9,23992.16,4,5,5,455,Champions,Top Value
2034965,498,5,6174.49,3,5,4,354,Loyal,Top Value
2035543,1576,1,1638.0,1,2,2,122,Lost,Low Value
2035577,638,1,22.0,2,2,1,221,Lost,Low Value
2035762,743,1,147.95,2,2,1,221,Lost,Low Value
2035771,1878,1,872.99,1,2,2,122,Lost,Low Value
2035862,421,4,1891.29,4,5,2,452,Loyal,Medium Value
2035885,270,1,815.9100000000001,5,2,1,521,Loyal,Low Value
2036099,386,6,7062.99,4,5,4,454,Champions,Top Value
2036286,576,1,3228.3,3,2,3,323,Loyal,Medium Value
2036766,352,2,2020.22,4,4,2,442,Loyal,Medium Value
2036809,272,1,2575.53,5,2,3,523,Loyal,Medium Value
2037245,601,1,2073.55,3,2,2,322,Loyal,Medium Value
2037290,427,2,5991.29,4,4,4,444,Champions,Top Value
2037292,381,3,2098.96,4,5,2,452,Loyal,Medium Value
2037884,352,7,23549.55,4,5,5,455,Champions,Top Value
2037906,285,4,10348.63,5,5,5,555,Champions,Top Value
2037919,442,2,1069.5,3,4,2,342,Loyal,Low Value
2038257,719,1,3184.4,2,2,3,223,Lost,Medium Value
2038328,1201,1,1095.0,1,2,2,122,Lost,Low Value
2038334,364,3,7528.0,4,5,5,455,Champions,Top Value
2038509,1130,1,1555.96,1,2,2,122,Lost,Low Value
2038522,93,3,14173.630000000001,5,5,5,555,Champions,Top Value
2038741,206,3,3961.9700000000003,5,5,3,553,Loyal,Medium Value
2038771,79,2,4825.61,5,4,4,544,Champions,Medium Value
2038841,778,4,18332.87,2,5,5,255,At Risk,Top Value
2039658,757,5,15000.079999999998,2,5,5,255,At Risk,Top Value
2039683,486,2,6904.55,3,4,4,344,Loyal,Top Value
2039753,197,1,2901.0,5,2,3,523,Loyal,Medium Value
2039789,60,3,1784.9099999999999,5,5,2,552,Loyal,Medium Value
2039796,486,5,12087.97,3,5,5,355,Loyal,Top Value
2039866,92,4,18765.95,5,5,5,555,Champions,Top Value
2040156,413,3,2387.9300000000003,4,5,3,453,Loyal,Medium Value
2040327,954,1,779.97,1,2,1,121,Lost,Low Value
2040328,764,1,645.6999999999999,2,2,1,221,Lost,Low Value
2040568,374,2,2140.84,4,4,2,442,Loyal,Medium Value
2040627,391,2,466.69,4,4,1,441,Loyal,Low Value
2040812,758,1,5080.0,2,2,4,224,Lost,Top Value
2040826,617,1,10234.92,2,2,5,225,Lost,Top Value
2040948,435,7,13247.23,3,5,5,355,Loyal,Top Value
2041314,283,2,1636.45,5,4,2,542,Loyal,Low Value
2041442,565,1,5508.0,3,2,4,324,Need Attention,Top Value
2041451,473,1,20299.93,3,2,5,325,Need Attention,Top Value
2041643,1812,1,3120.0,1,2,3,123,Lost,Medium Value
2042037,639,3,18142.989999999998,2,5,5,255,At Risk,Top Value
2042097,1521,2,518.09,1,4,1,141,Lost,Low Value
2042291,508,3,20445.97,3,5,5,355,Loyal,Top Value
2042548,444,5,23168.93,3,5,5,355,Loyal,Top Value
2043122,590,4,4893.82,3,5,4,354,Loyal,Medium Value
2043244,437,3,12140.76,3,5,5,355,Loyal,Top Value
2043401,348,1,319.98,4,2,1,421,Loyal,Low Value
2043619,376,4,7426.780000000001,4,5,4,454,Champions,Top Value
2043646,346,5,4746.86,4,5,4,454,Champions,Medium Value
2043708,537,2,1909.99,3,4,2,342,Loyal,Medium Value
2043928,1114,3,7870.1900000000005,1,5,5,155,At Risk,Top Value
2043959,860,1,329.96999999999997,2,2,1,221,Lost,Low Value
2044217,989,1,256.0,1,2,1,121,Lost,Low Value
2044281,716,2,1366.95,2,4,2,242,Lost,Low Value
2044567,61,8,21036.379999999997,5,5,5,555,Champions,Top Value
2044599,389,2,2438.7799999999997,4,4,3,443,Loyal,Medium Value
2044631,888,2,7472.0,1,4,4,144,At Risk,Top Value
2044652,1,2,2339.58,5,4,3,543,Loyal,Medium Value
2044669,410,1,3174.0,4,2,3,423,Loyal,Medium Value
2045041,1630,1,8501.4,1,2,5,125,Lost,Top Value
2045183,361,3,3519.8500000000004,4,5,3,453,Loyal,Medium Value
2045289,515,1,66.75,3,2,1,321,Loyal,Low Value
2045626,437,2,778.09,3,4,1,341,Loyal,Low Value
2045827,386,5,9361.27,4,5,5,455,Champions,Top Value
2045928,1159,1,698.0,1,2,1,121,Lost,Low Value
2045981,50,2,11100.720000000001,5,4,5,545,Champions,Top Value
2046265,386,2,2341.75,4,4,3,443,Loyal,Medium Value
2046511,73,2,6523.639999999999,5,4,4,544,Champions,Top Value
2046677,971,1,773.82,1,2,1,121,Lost,Low Value
2046690,978,1,1733.94,1,2,2,122,Lost,Medium Value
2047648,1513,1,1771.0,1,2,2,122,Lost,Medium Value
2047895,355,3,4030.7400000000002,4,5,3,453,Loyal,Medium Value
2047942,456,3,1744.93,3,5,2,352,Loyal,Medium Value
2048264,384,1,1693.98,4,2,2,422,Loyal,Medium Value
2048275,540,2,24289.46,3,4,5,345,Loyal,Top Value
2048840,582,3,4270.43,3,5,4,354,Loyal,Medium Value
2049273,730,1,166.45,2,2,1,221,Lost,Low Value
2049384,237,2,3205.0,5,4,3,543,Loyal,Medium Value
2050396,297,3,2051.0,5,5,2,552,Loyal,Medium Value
2050411,375,3,3863.8199999999997,4,5,3,453,Loyal,Medium Value
2050436,580,1,6608.9,3,2,4,324,Need Attention,Top Value
2050933,543,3,7076.32,3,5,4,354,Loyal,Top Value
2051116,717,1,327.0,2,2,1,221,Lost,Low Value
2051117,444,2,1523.8600000000001,3,4,2,342,Loyal,Low Value
2051398,149,3,3240.43,5,5,3,553,Loyal,Medium Value
2051562,722,1,178.59,2,2,1,221,Lost,Low Value
2051642,187,2,355.94,5,4,1,541,Loyal,Low Value
2051822,372,2,6625.65,4,4,4,444,Champions,Top Value
2051826,515,1,490.71999999999997,3,2,1,321,Loyal,Low Value
2052082,67,3,3346.48,5,5,3,553,Loyal,Medium Value
2052391,59,1,398.0,5,2,1,521,Loyal,Low Value
2052419,780,1,1761.78,2,2,2,222,Lost,Medium Value
2052752,414,5,5655.87,4,5,4,454,Champions,Top Value
2052994,969,1,981.07,1,2,2,122,Lost,Low Value
2053017,411,2,1946.94,4,4,2,442,Loyal,Medium Value
2053393,1510,1,90.0,1,2,1,121,Lost,Low Value
2053447,150,3,11476.849999999999,5,5,5,555,Champions,Top Value
2053612,402,4,4005.75,4,5,3,453,Loyal,Medium Value
2053617,414,3,3956.62,4,5,3,453,Loyal,Medium Value
2053838,270,5,11886.52,5,5,5,555,Champions,Top Value
2053862,765,2,6469.54,2,4,4,244,At Risk,Top Value
2054016,145,3,598.09,5,5,1,551,Loyal,Low Value
2054052,36,3,4887.91,5,5,4,554,Champions,Medium Value
2054088,366,1,3106.27,4,2,3,423,Loyal,Medium Value
2054315,774,2,397.92999999999995,2,4,1,241,Lost,Low Value
2054326,1257,1,32.0,1,2,1,121,Lost,Low Value
2054443,978,2,3671.74,1,4,3,143,At Risk,Medium Value
2054697,1534,1,6780.0,1,2,4,124,Lost,Top Value
2054855,890,3,9472.39,1,5,5,155,At Risk,Top Value
2054914,849,3,1214.95,2,5,2,252,Lost,Low Value
2054922,397,6,12107.99,4,5,5,455,Champions,Top Value
2054948,444,3,6414.67,3,5,4,354,Loyal,Top Value
2054967,862,1,10.05,2,2,1,221,Lost,Low Value
2055060,439,2,1075.97,3,4,2,342,Loyal,Low Value
2055087,1467,2,2042.5,1,4,2,142,Lost,Medium Value
2055186,1695,1,1236.0,1,2,2,122,Lost,Low Value
2055414,1685,1,87.85,1,2,1,121,Lost,Low Value
2055521,514,1,251.79000000000002,3,2,1,321,Loyal,Low Value
2055601,1117,1,426.93,1,2,1,121,Lost,Low Value
2055641,1158,2,3215.5899999999997,1,4,3,143,At Risk,Medium Value
2055720,1830,1,595.0,1,2,1,121,Lost,Low Value
2055764,4,5,4364.83,5,5,4,554,Champions,Medium Value
2055843,419,2,2144.4700000000003,4,4,2,442,Loyal,Medium Value
2056754,502,2,4423.3,3,4,4,344,Loyal,Medium Value
2056831,418,5,13823.04,4,5,5,455,Champions,Top Value
2057050,272,2,25167.73,5,4,5,545,Champions,Top Value
2057184,221,3,3559.41,5,5,3,553,Loyal,Medium Value
2057186,1019,1,218.0,1,2,1,121,Lost,Low Value
2057404,792,2,1790.1999999999998,2,4,2,242,Lost,Medium Value
2057574,1741,1,2663.76,1,2,3,123,Lost,Medium Value
2057608,506,3,2790.46,3,5,3,353,Loyal,Medium Value
2057632,354,3,1992.27,4,5,2,452,Loyal,Medium Value
2057721,486,3,2973.52,3,5,3,353,Loyal,Medium Value
2057844,422,2,2946.88,4,4,3,443,Loyal,Medium Value
2058170,722,2,3892.92,2,4,3,243,At Risk,Medium Value
2058877,136,1,129.0,5,2,1,521,Loyal,Low Value
2059385,652,3,1048.0,2,5,2,252,Lost,Low Value
2059592,1314,4,11587.83,1,5,5,155,At Risk,Top Value
2059595,431,5,8568.57,4,5,5,455,Champions,Top Value
2059701,641,1,114.66,2,2,1,221,Lost,Low Value
2060125,522,3,6374.94,3,5,4,354,Loyal,Top Value
2060127,141,1,573.99,5,2,1,521,Loyal,Low Value
2060328,130,3,3156.3599999999997,5,5,3,553,Loyal,Medium Value
2060436,439,1,6130.58,3,2,4,324,Need Attention,Top Value
2060541,285,3,1789.7,5,5,2,552,Loyal,Medium Value
2060555,949,2,2391.15,1,4,3,143,At Risk,Medium Value
2060646,228,3,5636.41,5,5,4,554,Champions,Top Value
2060666,451,3,3970.96,3,5,3,353,Loyal,Medium Value
2060807,111,1,113.89,5,2,1,521,Loyal,Low Value
2061136,1289,2,2776.96,1,4,3,143,At Risk,Medium Value
2061166,417,1,1140.0,4,2,2,422,Loyal,Low Value
2061513,1193,2,2217.0,1,4,3,143,At Risk,Medium Value
2061563,1095,3,4334.67,1,5,4,154,At Risk,Medium Value
2061855,514,3,5130.9,3,5,4,354,Loyal,Top Value
2061922,414,2,7335.44,4,4,4,444,Champions,Top Value
2062180,227,2,4221.96,5,4,4,544,Champions,Medium Value
2062204,375,2,5503.95,4,4,4,444,Champions,Top Value
2062220,505,3,6257.39,3,5,4,354,Loyal,Top Value
2062344,18,5,7194.58,5,5,4,554,Champions,Top Value
2062564,515,2,3718.88,3,4,3,343,Loyal,Medium Value
2062680,186,3,5093.36,5,5,4,554,Champions,Top Value
2062768,405,1,1493.75,4,2,2,422,Loyal,Low Value
2063107,435,5,10042.43,3,5,5,355,Loyal,Top Value
2063156,8,2,4515.88,5,4,4,544,Champions,Medium Value
2063333,47,1,1505.93,5,2,2,522,Loyal,Low Value
2063343,8,5,6338.81,5,5,4,554,Champions,Top Value
2063464,1152,1,1587.76,1,2,2,122,Lost,Low Value
2063575,1486,1,1219.94,1,2,2,122,Lost,Low Value
2063821,240,3,6870.13,5,5,4,554,Champions,Top Value
2063886,20,4,4896.78,5,5,4,554,Champions,Medium Value
2064083,416,5,8032.48,4,5,5,455,Champions,Top Value
2064097,442,3,7075.969999999999,3,5,4,354,Loyal,Top Value
2064325,995,2,1599.98,1,4,2,142,Lost,Low Value
2064437,496,4,9016.85,3,5,5,355,Loyal,Top Value
2064577,435,2,4792.450000000001,3,4,4,344,Loyal,Medium Value
2064687,111,3,7257.610000000001,5,5,4,554,Champions,Top Value
2064706,655,1,3105.0,2,2,3,223,Lost,Medium Value
2064857,447,3,6820.360000000001,3,5,4,354,Loyal,Top Value
2064944,549,4,16177.95,3,5,5,355,Loyal,Top Value
2065304,519,1,359.96999999999997,3,2,1,321,Loyal,Low Value
2065362,755,2,915.3,2,4,2,242,Lost,Low Value
2065494,526,2,4773.889999999999,3,4,4,344,Loyal,Medium Value
2065513,1026,2,12322.22,1,4,5,145,At Risk,Top Value
2065524,1518,2,1690.0,1,4,2,142,Lost,Medium Value
2065817,887,3,11011.34,1,5,5,155,At Risk,Top Value
2066018,1465,2,161.95999999999998,1,4,1,141,Lost,Low Value
2066255,1109,1,1227.97,1,2,2,122,Lost,Low Value
2067035,631,3,7453.02,2,5,4,254,At Risk,Top Value
2067182,365,5,10388.91,4,5,5,455,Champions,Top Value
2067231,493,2,1384.8600000000001,3,4,2,342,Loyal,Low Value
2067348,360,1,2466.29,4,2,3,423,Loyal,Medium Value
2067371,96,6,6155.67,5,5,4,554,Champions,Top Value
2067958,514,5,10447.36,3,5,5,355,Loyal,Top Value
2067999,386,2,1441.95,4,4,2,442,Loyal,Low Value
2068640,181,3,2592.24,5,5,3,553,Loyal,Medium Value
2068819,816,1,3136.74,2,2,3,223,Lost,Medium Value
2068960,827,1,19199.94,2,2,5,225,Lost,Top Value
2069858,353,3,2467.91,4,5,3,453,Loyal,Medium Value
2069956,1010,1,1838.49,1,2,2,122,Lost,Medium Value
2069957,729,4,20179.91,2,5,5,255,At Risk,Top Value
2070233,5,1,264.89,5,2,1,521,Loyal,Low Value
2070269,628,3,10113.23,2,5,5,255,At Risk,Top Value
2070319,372,3,2225.4,4,5,3,453,Loyal,Medium Value
2070430,12,2,1179.67,5,4,2,542,Loyal,Low Value
2070455,1810,1,1705.98,1,2,2,122,Lost,Medium Value
2070483,575,2,4564.85,3,4,4,344,Loyal,Medium Value
2070495,496,2,7177.42,3,4,4,344,Loyal,Top Value
2070645,589,1,4369.9,3,2,4,324,Need Attention,Medium Value
2070898,81,4,4583.79,5,5,4,554,Champions,Medium Value
2071030,801,2,2957.88,2,4,3,243,At Risk,Medium Value
2071129,1102,1,598.0,1,2,1,121,Lost,Low Value
2071299,1703,1,1844.99,1,2,2,122,Lost,Medium Value
2071351,282,2,10288.59,5,4,5,545,Champions,Top Value
2071369,611,5,21340.62,2,5,5,255,At Risk,Top Value
2071494,643,3,12845.69,2,5,5,255,At Risk,Top Value
2071607,421,1,1512.9,4,2,2,422,Loyal,Low Value
2071975,1529,1,460.0,1,2,1,121,Lost,Low Value
2072003,355,2,1104.35,4,4,2,442,Loyal,Low Value
2072158,1205,3,3704.88,1,5,3,153,At Risk,Medium Value
2072376,788,3,1856.76,2,5,2,252,Lost,Medium Value
2072552,1685,1,1867.0,1,2,2,122,Lost,Medium Value
2072569,624,1,241.01999999999998,2,2,1,221,Lost,Low Value
2072900,890,1,7814.4400000000005,1,2,5,125,Lost,Top Value
2073064,789,2,3759.85,2,4,3,243,At Risk,Medium Value
2073192,787,1,2549.8,2,2,3,223,Lost,Medium Value
2073379,864,1,4103.96,2,2,4,224,Lost,Medium Value
2073381,353,5,1808.25,4,5,2,452,Loyal,Medium Value
2073692,735,3,3430.76,2,5,3,253,At Risk,Medium Value
2073697,295,3,5672.55,5,5,4,554,Champions,Top Value
2074070,243,1,865.73,5,2,2,522,Loyal,Low Value
2074185,778,1,2886.94,2,2,3,223,Lost,Medium Value
2074361,1093,3,967.47,1,5,2,152,Lost,Low Value
2074628,254,5,2873.65,5,5,3,553,Loyal,Medium Value
2074698,502,3,1312.61,3,5,2,352,Loyal,Low Value
2074909,1461,1,303.8,1,2,1,121,Lost,Low Value
2074980,589,2,384.4,3,4,1,341,Loyal,Low Value
2074986,162,4,8485.34,5,5,5,555,Champions,Top Value
2074996,279,3,1468.3600000000001,5,5,2,552,Loyal,Low Value
2075181,437,4,12931.11,3,5,5,355,Loyal,Top Value
2075340,645,4,8786.35,2,5,5,255,At Risk,Top Value
2075493,920,1,191.8,1,2,1,121,Lost,Low Value
2075506,918,1,306.0,1,2,1,121,Lost,Low Value
2075723,584,3,11092.39,3,5,5,355,Loyal,Top Value
2075959,1153,1,5607.15,1,2,4,124,Lost,Top Value
2076169,558,2,900.9300000000001,3,4,2,342,Loyal,Low Value
2076337,1292,2,4521.71,1,4,4,144,At Risk,Medium Value
2076403,435,5,8962.99,3,5,5,355,Loyal,Top Value
2076591,528,4,6845.55,3,5,4,354,Loyal,Top Value
2076701,846,1,128.0,2,2,1,221,Lost,Low Value
2076749,479,2,5868.66,3,4,4,344,Loyal,Top Value
2076798,807,1,26.97,2,2,1,221,Lost,Low Value
2076833,368,4,10079.65,4,5,5,455,Champions,Top Value
2076862,407,3,3557.01,4,5,3,453,Loyal,Medium Value
2077084,3,3,3650.2499999999995,5,5,3,553,Loyal,Medium Value
2077257,879,1,3394.0699999999997,1,2,3,123,Lost,Medium Value
2077261,424,2,2286.6,4,4,3,443,Loyal,Medium Value
2077860,612,4,4264.67,2,5,4,254,At Risk,Medium Value
2078014,737,3,5227.42,2,5,4,254,At Risk,Top Value
2078281,1076,1,7043.0,1,2,4,124,Lost,Top Value
2078790,393,1,38.5,4,2,1,421,Loyal,Low Value
2078894,48,5,8064.03,5,5,5,555,Champions,Top Value
2079171,709,1,618.0,2,2,1,221,Lost,Low Value
2079305,526,1,2237.5,3,2,3,323,Loyal,Medium Value
2079366,289,4,8276.9,5,5,5,555,Champions,Top Value
2079441,540,2,2462.0,3,4,3,343,Loyal,Medium Value
2079584,402,3,5124.25,4,5,4,454,Champions,Top Value
2079644,470,3,10071.619999999999,3,5,5,355,Loyal,Top Value
2079677,137,7,13433.67,5,5,5,555,Champions,Top Value
2079989,120,4,5757.14,5,5,4,554,Champions,Top Value
2080138,535,3,6860.1,3,5,4,354,Loyal,Top Value
2080157,661,2,2675.81,2,4,3,243,At Risk,Medium Value
2080241,477,3,2929.51,3,5,3,353,Loyal,Medium Value
2080355,433,2,616.1999999999999,4,4,1,441,Loyal,Low Value
2080484,124,12,19536.34,5,5,5,555,Champions,Top Value
2080735,297,4,24764.559999999998,5,5,5,555,Champions,Top Value
2080936,348,4,2273.93,4,5,3,453,Loyal,Medium Value
2081462,954,1,1263.56,1,2,2,122,Lost,Low Value
2081470,355,6,4779.04,4,5,4,454,Champions,Medium Value
2081517,585,1,2480.9,3,2,3,323,Loyal,Medium Value
2081694,504,1,2190.0,3,2,3,323,Loyal,Medium Value
2081697,569,2,380.33000000000004,3,4,1,341,Loyal,Low Value
2081773,282,2,3185.3999999999996,5,4,3,543,Loyal,Medium Value
2081995,943,1,23.0,1,2,1,121,Lost,Low Value
2082135,388,4,3516.81,4,5,3,453,Loyal,Medium Value
2082326,467,3,13665.45,3,5,5,355,Loyal,Top Value
2082335,381,3,22041.44,4,5,5,455,Champions,Top Value
2082534,464,3,3955.13,3,5,3,353,Loyal,Medium Value
2082719,946,1,1580.87,1,2,2,122,Lost,Low Value
2082954,367,3,3091.95,4,5,3,453,Loyal,Medium Value
2082962,417,2,2718.99,4,4,3,443,Loyal,Medium Value
2082986,494,1,5173.99,3,2,4,324,Need Attention,Top Value
2082991,281,5,5468.56,5,5,4,554,Champions,Top Value
2083305,424,2,380.85,4,4,1,441,Loyal,Low Value
2083307,1650,1,2711.38,1,2,3,123,Lost,Medium Value
2083381,372,3,13929.91,4,5,5,455,Champions,Top Value
2083482,418,2,1218.95,4,4,2,442,Loyal,Low Value
2083496,95,2,990.74,5,4,2,542,Loyal,Low Value
2083610,997,1,5615.43,1,2,4,124,Lost,Top Value
2083637,431,2,1810.0,4,4,2,442,Loyal,Medium Value
2083671,925,2,12780.59,1,4,5,145,At Risk,Top Value
2084056,745,1,7352.0,2,2,4,224,Lost,Top Value
2084090,642,4,12638.300000000001,2,5,5,255,At Risk,Top Value
2084140,857,1,2583.94,2,2,3,223,Lost,Medium Value
2084343,66,2,9180.45,5,4,5,545,Champions,Top Value
2084403,451,2,809.97,3,4,1,341,Loyal,Low Value
2084813,394,1,903.0,4,2,2,422,Loyal,Low Value
2085055,837,2,3556.9700000000003,2,4,3,243,At Risk,Medium Value
2085857,534,4,4682.75,3,5,4,354,Loyal,Medium Value
2086280,174,3,2877.98,5,5,3,553,Loyal,Medium Value
2086544,219,2,1891.2600000000002,5,4,2,542,Loyal,Medium Value
2086548,369,1,23268.899999999998,4,2,5,425,Need Attention,Top Value
2086596,867,1,1449.95,2,2,2,222,Lost,Low Value
2086639,57,2,3374.75,5,4,3,543,Loyal,Medium Value
2086673,347,6,5157.5599999999995,4,5,4,454,Champions,Top Value
2086759,1146,1,1229.97,1,2,2,122,Lost,Low Value
2086891,358,3,7431.35,4,5,4,454,Champions,Top Value
2087018,4,2,1951.99,5,4,2,542,Loyal,Medium Value
2087288,283,3,6465.92,5,5,4,554,Champions,Top Value
2087433,388,5,6901.21,4,5,4,454,Champions,Top Value
2087477,370,3,1802.42,4,5,2,452,Loyal,Medium Value
2087620,1459,1,1907.97,1,2,2,122,Lost,Medium Value
2087679,717,1,1499.6999999999998,2,2,2,222,Lost,Low Value
2087843,423,2,1428.83,4,4,2,442,Loyal,Low Value
2087852,127,4,7764.66,5,5,5,555,Champions,Top Value
2087937,12,2,1501.0,5,4,2,542,Loyal,Low Value
2088176,372,3,8791.92,4,5,5,455,Champions,Top Value
2088314,421,3,1757.23,4,5,2,452,Loyal,Medium Value
2088405,562,1,2480.74,3,2,3,323,Loyal,Medium Value
2088572,278,3,5178.45,5,5,4,554,Champions,Top Value
2088614,404,2,3905.84,4,4,3,443,Loyal,Medium Value
2088822,88,1,10038.46,5,2,5,525,Need Attention,Top Value
2088972,612,3,5996.79,2,5,4,254,At Risk,Top Value
2088994,396,3,8066.889999999999,4,5,5,455,Champions,Top Value
2089159,163,4,16385.46,5,5,5,555,Champions,Top Value
2089262,373,1,1740.0,4,2,2,422,Loyal,Medium Value
2089265,1,3,1642.08,5,5,2,552,Loyal,Low Value
2089881,787,4,4561.36,2,5,4,254,At Risk,Medium Value
2090023,394,3,7510.98,4,5,5,455,Champions,Top Value
2090406,173,3,13572.34,5,5,5,555,Champions,Top Value
2090423,794,1,811.98,2,2,1,221,Lost,Low Value
2090514,414,3,2022.98,4,5,2,452,Loyal,Medium Value
2090571,848,1,1749.75,2,2,2,222,Lost,Medium Value
2090623,426,3,2962.7799999999997,4,5,3,453,Loyal,Medium Value
2090627,373,6,9011.12,4,5,5,455,Champions,Top Value
2090990,628,2,3847.64,2,4,3,243,At Risk,Medium Value
2091158,360,4,8067.37,4,5,5,455,Champions,Top Value
2091204,740,5,30095.75,2,5,5,255,At Risk,Top Value
2091352,625,3,4099.26,2,5,4,254,At Risk,Medium Value
2091659,894,2,6990.06,1,4,4,144,At Risk,Top Value
2091678,890,1,799.6,1,2,1,121,Lost,Low Value
2091926,421,4,6058.929999999999,4,5,4,454,Champions,Top Value
2092033,220,7,4417.33,5,5,4,554,Champions,Medium Value
2092037,640,2,3225.92,2,4,3,243,At Risk,Medium Value
2092053,1591,1,27.52,1,2,1,121,Lost,Low Value
2092310,274,2,5692.14,5,4,4,544,Champions,Top Value
2092398,505,2,879.2900000000001,3,4,2,342,Loyal,Low Value
2092654,1160,1,1039.96,1,2,2,122,Lost,Low Value
2092935,26,1,4584.84,5,2,4,524,Need Attention,Medium Value
2092988,447,3,3837.42,3,5,3,353,Loyal,Medium Value
2093071,592,4,11135.26,3,5,5,355,Loyal,Top Value
2093086,468,2,11315.89,3,4,5,345,Loyal,Top Value
2093175,1166,1,669.0,1,2,1,121,Lost,Low Value
2093340,26,1,1676.0,5,2,2,522,Loyal,Low Value
2093665,582,1,7672.47,3,2,5,325,Need Attention,Top Value
2093741,405,2,4445.74,4,4,4,444,Champions,Medium Value
2093929,71,5,9790.29,5,5,5,555,Champions,Top Value
2094190,559,4,7990.24,3,5,5,355,Loyal,Top Value
2095098,1609,1,772.5,1,2,1,121,Lost,Low Value
2095256,415,5,8924.63,4,5,5,455,Champions,Top Value
2095309,794,2,3534.9,2,4,3,243,At Risk,Medium Value
2095351,993,1,359.98,1,2,1,121,Lost,Low Value
2095590,1016,1,199.98,1,2,1,121,Lost,Low Value
2095742,1155,2,1282.8,1,4,2,142,Lost,Low Value
2095952,553,2,3204.98,3,4,3,343,Loyal,Medium Value
2095996,946,2,1404.99,1,4,2,142,Lost,Low Value
2096104,425,5,6681.96,4,5,4,454,Champions,Top Value
2096178,1020,1,3239.11,1,2,3,123,Lost,Medium Value
2096214,380,4,7342.78,4,5,4,454,Champions,Top Value
2096292,106,3,7134.81,5,5,4,554,Champions,Top Value
2096435,1751,1,2686.49,1,2,3,123,Lost,Medium Value
2096472,51,4,16965.79,5,5,5,555,Champions,Top Value
2096492,131,3,2162.9,5,5,3,553,Loyal,Medium Value
2096777,4,4,19387.05,5,5,5,555,Champions,Top Value
2097018,416,3,16172.57,4,5,5,455,Champions,Top Value
2097084,108,1,1716.96,5,2,2,522,Loyal,Medium Value
2097135,295,2,6682.56,5,4,4,544,Champions,Top Value
2098097,374,2,13807.96,4,4,5,445,Champions,Top Value
2098212,425,4,6216.32,4,5,4,454,Champions,Top Value
2098223,229,6,21377.13,5,5,5,555,Champions,Top Value
2098404,547,3,2770.89,3,5,3,353,Loyal,Medium Value
2098879,124,3,9749.86,5,5,5,555,Champions,Top Value
2098944,661,3,10580.99,2,5,5,255,At Risk,Top Value
2099252,141,1,564.51,5,2,1,521,Loyal,Low Value
2099258,1325,1,533.86,1,2,1,121,Lost,Low Value
2099383,267,3,3739.0,5,5,3,553,Loyal,Medium Value
2099600,928,1,1270.8400000000001,1,2,2,122,Lost,Low Value
2099758,256,2,529.9100000000001,5,4,1,541,Loyal,Low Value
2099862,417,1,501.5,4,2,1,421,Loyal,Low Value
2099937,372,2,11775.39,4,4,5,445,Champions,Top Value
786,,0,0.0,0,0,0,000,Inactive,Inactive
1086,,0,0.0,0,0,0,000,Inactive,Inactive
1133,,0,0.0,0,0,0,000,Inactive,Inactive
1256,,0,0.0,0,0,0,000,Inactive,Inactive
1677,,0,0.0,0,0,0,000,Inactive,Inactive
1817,,0,0.0,0,0,0,000,Inactive,Inactive
1945,,0,0.0,0,0,0,000,Inactive,Inactive
2604,,0,0.0,0,0,0,000,Inactive,Inactive
2751,,0,0.0,0,0,0,000,Inactive,Inactive
2836,,0,0.0,0,0,0,000,Inactive,Inactive
3006,,0,0.0,0,0,0,000,Inactive,Inactive
3270,,0,0.0,0,0,0,000,Inactive,Inactive
3410,,0,0.0,0,0,0,000,Inactive,Inactive
4004,,0,0.0,0,0,0,000,Inactive,Inactive
4633,,0,0.0,0,0,0,000,Inactive,Inactive
4734,,0,0.0,0,0,0,000,Inactive,Inactive
4808,,0,0.0,0,0,0,000,Inactive,Inactive
4811,,0,0.0,0,0,0,000,Inactive,Inactive
6193,,0,0.0,0,0,0,000,Inactive,Inactive
6242,,0,0.0,0,0,0,000,Inactive,Inactive
6459,,0,0.0,0,0,0,000,Inactive,Inactive
6794,,0,0.0,0,0,0,000,Inactive,Inactive
7122,,0,0.0,0,0,0,000,Inactive,Inactive
7313,,0,0.0,0,0,0,000,Inactive,Inactive
7398,,0,0.0,0,0,0,000,Inactive,Inactive
7493,,0,0.0,0,0,0,000,Inactive,Inactive
7494,,0,0.0,0,0,0,000,Inactive,Inactive
7664,,0,0.0,0,0,0,000,Inactive,Inactive
7725,,0,0.0,0,0,0,000,Inactive,Inactive
8220,,0,0.0,0,0,0,000,Inactive,Inactive
8794,,0,0.0,0,0,0,000,Inactive,Inactive
9360,,0,0.0,0,0,0,000,Inactive,Inactive
9370,,0,0.0,0,0,0,000,Inactive,Inactive
9389,,0,0.0,0,0,0,000,Inactive,Inactive
10189,,0,0.0,0,0,0,000,Inactive,Inactive
10276,,0,0.0,0,0,0,000,Inactive,Inactive
10332,,0,0.0,0,0,0,000,Inactive,Inactive
10395,,0,0.0,0,0,0,000,Inactive,Inactive
10481,,0,0.0,0,0,0,000,Inactive,Inactive
10504,,0,0.0,0,0,0,000,Inactive,Inactive
10717,,0,0.0,0,0,0,000,Inactive,Inactive
11090,,0,0.0,0,0,0,000,Inactive,Inactive
11587,,0,0.0,0,0,0,000,Inactive,Inactive
11736,,0,0.0,0,0,0,000,Inactive,Inactive
12084,,0,0.0,0,0,0,000,Inactive,Inactive
12162,,0,0.0,0,0,0,000,Inactive,Inactive
12207,,0,0.0,0,0,0,000,Inactive,Inactive
12256,,0,0.0,0,0,0,000,Inactive,Inactive
12385,,0,0.0,0,0,0,000,Inactive,Inactive
12810,,0,0.0,0,0,0,000,Inactive,Inactive
12868,,0,0.0,0,0,0,000,Inactive,Inactive
13232,,0,0.0,0,0,0,000,Inactive,Inactive
13607,,0,0.0,0,0,0,000,Inactive,Inactive
14275,,0,0.0,0,0,0,000,Inactive,Inactive
15109,,0,0.0,0,0,0,000,Inactive,Inactive
15385,,0,0.0,0,0,0,000,Inactive,Inactive
15569,,0,0.0,0,0,0,000,Inactive,Inactive
16193,,0,0.0,0,0,0,000,Inactive,Inactive
16282,,0,0.0,0,0,0,000,Inactive,Inactive
18067,,0,0.0,0,0,0,000,Inactive,Inactive
18263,,0,0.0,0,0,0,000,Inactive,Inactive
18714,,0,0.0,0,0,0,000,Inactive,Inactive
19579,,0,0.0,0,0,0,000,Inactive,Inactive
19732,,0,0.0,0,0,0,000,Inactive,Inactive
19916,,0,0.0,0,0,0,000,Inactive,Inactive
20802,,0,0.0,0,0,0,000,Inactive,Inactive
21387,,0,0.0,0,0,0,000,Inactive,Inactive
21654,,0,0.0,0,0,0,000,Inactive,Inactive
21870,,0,0.0,0,0,0,000,Inactive,Inactive
22158,,0,0.0,0,0,0,000,Inactive,Inactive
22384,,0,0.0,0,0,0,000,Inactive,Inactive
22775,,0,0.0,0,0,0,000,Inactive,Inactive
22826,,0,0.0,0,0,0,000,Inactive,Inactive
23128,,0,0.0,0,0,0,000,Inactive,Inactive
23431,,0,0.0,0,0,0,000,Inactive,Inactive
23854,,0,0.0,0,0,0,000,Inactive,Inactive
24069,,0,0.0,0,0,0,000,Inactive,Inactive
24230,,0,0.0,0,0,0,000,Inactive,Inactive
24575,,0,0.0,0,0,0,000,Inactive,Inactive
24920,,0,0.0,0,0,0,000,Inactive,Inactive
25308,,0,0.0,0,0,0,000,Inactive,Inactive
25935,,0,0.0,0,0,0,000,Inactive,Inactive
26458,,0,0.0,0,0,0,000,Inactive,Inactive
26906,,0,0.0,0,0,0,000,Inactive,Inactive
26914,,0,0.0,0,0,0,000,Inactive,Inactive
26970,,0,0.0,0,0,0,000,Inactive,Inactive
27125,,0,0.0,0,0,0,000,Inactive,Inactive
27210,,0,0.0,0,0,0,000,Inactive,Inactive
27432,,0,0.0,0,0,0,000,Inactive,Inactive
27896,,0,0.0,0,0,0,000,Inactive,Inactive
28076,,0,0.0,0,0,0,000,Inactive,Inactive
28559,,0,0.0,0,0,0,000,Inactive,Inactive
28702,,0,0.0,0,0,0,000,Inactive,Inactive
29303,,0,0.0,0,0,0,000,Inactive,Inactive
29320,,0,0.0,0,0,0,000,Inactive,Inactive
29593,,0,0.0,0,0,0,000,Inactive,Inactive
29837,,0,0.0,0,0,0,000,Inactive,Inactive
30278,,0,0.0,0,0,0,000,Inactive,Inactive
30428,,0,0.0,0,0,0,000,Inactive,Inactive
31288,,0,0.0,0,0,0,000,Inactive,Inactive
31374,,0,0.0,0,0,0,000,Inactive,Inactive
31721,,0,0.0,0,0,0,000,Inactive,Inactive
32190,,0,0.0,0,0,0,000,Inactive,Inactive
32259,,0,0.0,0,0,0,000,Inactive,Inactive
32294,,0,0.0,0,0,0,000,Inactive,Inactive
32939,,0,0.0,0,0,0,000,Inactive,Inactive
34126,,0,0.0,0,0,0,000,Inactive,Inactive
34451,,0,0.0,0,0,0,000,Inactive,Inactive
34462,,0,0.0,0,0,0,000,Inactive,Inactive
35479,,0,0.0,0,0,0,000,Inactive,Inactive
36816,,0,0.0,0,0,0,000,Inactive,Inactive
36918,,0,0.0,0,0,0,000,Inactive,Inactive
38183,,0,0.0,0,0,0,000,Inactive,Inactive
38558,,0,0.0,0,0,0,000,Inactive,Inactive
38865,,0,0.0,0,0,0,000,Inactive,Inactive
38950,,0,0.0,0,0,0,000,Inactive,Inactive
39183,,0,0.0,0,0,0,000,Inactive,Inactive
39498,,0,0.0,0,0,0,000,Inactive,Inactive
39996,,0,0.0,0,0,0,000,Inactive,Inactive
40052,,0,0.0,0,0,0,000,Inactive,Inactive
40221,,0,0.0,0,0,0,000,Inactive,Inactive
40327,,0,0.0,0,0,0,000,Inactive,Inactive
40662,,0,0.0,0,0,0,000,Inactive,Inactive
40741,,0,0.0,0,0,0,000,Inactive,Inactive
41386,,0,0.0,0,0,0,000,Inactive,Inactive
41674,,0,0.0,0,0,0,000,Inactive,Inactive
41707,,0,0.0,0,0,0,000,Inactive,Inactive
41892,,0,0.0,0,0,0,000,Inactive,Inactive
42134,,0,0.0,0,0,0,000,Inactive,Inactive
42474,,0,0.0,0,0,0,000,Inactive,Inactive
42603,,0,0.0,0,0,0,000,Inactive,Inactive
43798,,0,0.0,0,0,0,000,Inactive,Inactive
44080,,0,0.0,0,0,0,000,Inactive,Inactive
44195,,0,0.0,0,0,0,000,Inactive,Inactive
44207,,0,0.0,0,0,0,000,Inactive,Inactive
44301,,0,0.0,0,0,0,000,Inactive,Inactive
44496,,0,0.0,0,0,0,000,Inactive,Inactive
44906,,0,0.0,0,0,0,000,Inactive,Inactive
45169,,0,0.0,0,0,0,000,Inactive,Inactive
45522,,0,0.0,0,0,0,000,Inactive,Inactive
47382,,0,0.0,0,0,0,000,Inactive,Inactive
47712,,0,0.0,0,0,0,000,Inactive,Inactive
48080,,0,0.0,0,0,0,000,Inactive,Inactive
48247,,0,0.0,0,0,0,000,Inactive,Inactive
48367,,0,0.0,0,0,0,000,Inactive,Inactive
48846,,0,0.0,0,0,0,000,Inactive,Inactive
48925,,0,0.0,0,0,0,000,Inactive,Inactive
49501,,0,0.0,0,0,0,000,Inactive,Inactive
49748,,0,0.0,0,0,0,000,Inactive,Inactive
50122,,0,0.0,0,0,0,000,Inactive,Inactive
50705,,0,0.0,0,0,0,000,Inactive,Inactive
50719,,0,0.0,0,0,0,000,Inactive,Inactive
51201,,0,0.0,0,0,0,000,Inactive,Inactive
51228,,0,0.0,0,0,0,000,Inactive,Inactive
51429,,0,0.0,0,0,0,000,Inactive,Inactive
51648,,0,0.0,0,0,0,000,Inactive,Inactive
51649,,0,0.0,0,0,0,000,Inactive,Inactive
52435,,0,0.0,0,0,0,000,Inactive,Inactive
53168,,0,0.0,0,0,0,000,Inactive,Inactive
53260,,0,0.0,0,0,0,000,Inactive,Inactive
53891,,0,0.0,0,0,0,000,Inactive,Inactive
54535,,0,0.0,0,0,0,000,Inactive,Inactive
54560,,0,0.0,0,0,0,000,Inactive,Inactive
54582,,0,0.0,0,0,0,000,Inactive,Inactive
54627,,0,0.0,0,0,0,000,Inactive,Inactive
54704,,0,0.0,0,0,0,000,Inactive,Inactive
54794,,0,0.0,0,0,0,000,Inactive,Inactive
55464,,0,0.0,0,0,0,000,Inactive,Inactive
55715,,0,0.0,0,0,0,000,Inactive,Inactive
56161,,0,0.0,0,0,0,000,Inactive,Inactive
56480,,0,0.0,0,0,0,000,Inactive,Inactive
56562,,0,0.0,0,0,0,000,Inactive,Inactive
56951,,0,0.0,0,0,0,000,Inactive,Inactive
57093,,0,0.0,0,0,0,000,Inactive,Inactive
57246,,0,0.0,0,0,0,000,Inactive,Inactive
57294,,0,0.0,0,0,0,000,Inactive,Inactive
57491,,0,0.0,0,0,0,000,Inactive,Inactive
57662,,0,0.0,0,0,0,000,Inactive,Inactive
57681,,0,0.0,0,0,0,000,Inactive,Inactive
57820,,0,0.0,0,0,0,000,Inactive,Inactive
57938,,0,0.0,0,0,0,000,Inactive,Inactive
58105,,0,0.0,0,0,0,000,Inactive,Inactive
58212,,0,0.0,0,0,0,000,Inactive,Inactive
60009,,0,0.0,0,0,0,000,Inactive,Inactive
60088,,0,0.0,0,0,0,000,Inactive,Inactive
60475,,0,0.0,0,0,0,000,Inactive,Inactive
60995,,0,0.0,0,0,0,000,Inactive,Inactive
61546,,0,0.0,0,0,0,000,Inactive,Inactive
61776,,0,0.0,0,0,0,000,Inactive,Inactive
61825,,0,0.0,0,0,0,000,Inactive,Inactive
62035,,0,0.0,0,0,0,000,Inactive,Inactive
62038,,0,0.0,0,0,0,000,Inactive,Inactive
62133,,0,0.0,0,0,0,000,Inactive,Inactive
62473,,0,0.0,0,0,0,000,Inactive,Inactive
62537,,0,0.0,0,0,0,000,Inactive,Inactive
63597,,0,0.0,0,0,0,000,Inactive,Inactive
63807,,0,0.0,0,0,0,000,Inactive,Inactive
63957,,0,0.0,0,0,0,000,Inactive,Inactive
64017,,0,0.0,0,0,0,000,Inactive,Inactive
64104,,0,0.0,0,0,0,000,Inactive,Inactive
64210,,0,0.0,0,0,0,000,Inactive,Inactive
64491,,0,0.0,0,0,0,000,Inactive,Inactive
64989,,0,0.0,0,0,0,000,Inactive,Inactive
65112,,0,0.0,0,0,0,000,Inactive,Inactive
65210,,0,0.0,0,0,0,000,Inactive,Inactive
65544,,0,0.0,0,0,0,000,Inactive,Inactive
65856,,0,0.0,0,0,0,000,Inactive,Inactive
66610,,0,0.0,0,0,0,000,Inactive,Inactive
66677,,0,0.0,0,0,0,000,Inactive,Inactive
67380,,0,0.0,0,0,0,000,Inactive,Inactive
67398,,0,0.0,0,0,0,000,Inactive,Inactive
67481,,0,0.0,0,0,0,000,Inactive,Inactive
68000,,0,0.0,0,0,0,000,Inactive,Inactive
68745,,0,0.0,0,0,0,000,Inactive,Inactive
69280,,0,0.0,0,0,0,000,Inactive,Inactive
69954,,0,0.0,0,0,0,000,Inactive,Inactive
70130,,0,0.0,0,0,0,000,Inactive,Inactive
71941,,0,0.0,0,0,0,000,Inactive,Inactive
72571,,0,0.0,0,0,0,000,Inactive,Inactive
72645,,0,0.0,0,0,0,000,Inactive,Inactive
72719,,0,0.0,0,0,0,000,Inactive,Inactive
72959,,0,0.0,0,0,0,000,Inactive,Inactive
73324,,0,0.0,0,0,0,000,Inactive,Inactive
73515,,0,0.0,0,0,0,000,Inactive,Inactive
73955,,0,0.0,0,0,0,000,Inactive,Inactive
74210,,0,0.0,0,0,0,000,Inactive,Inactive
74240,,0,0.0,0,0,0,000,Inactive,Inactive
74606,,0,0.0,0,0,0,000,Inactive,Inactive
74715,,0,0.0,0,0,0,000,Inactive,Inactive
75216,,0,0.0,0,0,0,000,Inactive,Inactive
75712,,0,0.0,0,0,0,000,Inactive,Inactive
75832,,0,0.0,0,0,0,000,Inactive,Inactive
76526,,0,0.0,0,0,0,000,Inactive,Inactive
76531,,0,0.0,0,0,0,000,Inactive,Inactive
76532,,0,0.0,0,0,0,000,Inactive,Inactive
76618,,0,0.0,0,0,0,000,Inactive,Inactive
77128,,0,0.0,0,0,0,000,Inactive,Inactive
77303,,0,0.0,0,0,0,000,Inactive,Inactive
77409,,0,0.0,0,0,0,000,Inactive,Inactive
77685,,0,0.0,0,0,0,000,Inactive,Inactive
77709,,0,0.0,0,0,0,000,Inactive,Inactive
77742,,0,0.0,0,0,0,000,Inactive,Inactive
77832,,0,0.0,0,0,0,000,Inactive,Inactive
79667,,0,0.0,0,0,0,000,Inactive,Inactive
79808,,0,0.0,0,0,0,000,Inactive,Inactive
80279,,0,0.0,0,0,0,000,Inactive,Inactive
80578,,0,0.0,0,0,0,000,Inactive,Inactive
81173,,0,0.0,0,0,0,000,Inactive,Inactive
81518,,0,0.0,0,0,0,000,Inactive,Inactive
81524,,0,0.0,0,0,0,000,Inactive,Inactive
81748,,0,0.0,0,0,0,000,Inactive,Inactive
81993,,0,0.0,0,0,0,000,Inactive,Inactive
82507,,0,0.0,0,0,0,000,Inactive,Inactive
82689,,0,0.0,0,0,0,000,Inactive,Inactive
83201,,0,0.0,0,0,0,000,Inactive,Inactive
83347,,0,0.0,0,0,0,000,Inactive,Inactive
83739,,0,0.0,0,0,0,000,Inactive,Inactive
83840,,0,0.0,0,0,0,000,Inactive,Inactive
83861,,0,0.0,0,0,0,000,Inactive,Inactive
84017,,0,0.0,0,0,0,000,Inactive,Inactive
85165,,0,0.0,0,0,0,000,Inactive,Inactive
85207,,0,0.0,0,0,0,000,Inactive,Inactive
85220,,0,0.0,0,0,0,000,Inactive,Inactive
85381,,0,0.0,0,0,0,000,Inactive,Inactive
85561,,0,0.0,0,0,0,000,Inactive,Inactive
86207,,0,0.0,0,0,0,000,Inactive,Inactive
86297,,0,0.0,0,0,0,000,Inactive,Inactive
86358,,0,0.0,0,0,0,000,Inactive,Inactive
86903,,0,0.0,0,0,0,000,Inactive,Inactive
87032,,0,0.0,0,0,0,000,Inactive,Inactive
87210,,0,0.0,0,0,0,000,Inactive,Inactive
87277,,0,0.0,0,0,0,000,Inactive,Inactive
87290,,0,0.0,0,0,0,000,Inactive,Inactive
87414,,0,0.0,0,0,0,000,Inactive,Inactive
87464,,0,0.0,0,0,0,000,Inactive,Inactive
87861,,0,0.0,0,0,0,000,Inactive,Inactive
87895,,0,0.0,0,0,0,000,Inactive,Inactive
88769,,0,0.0,0,0,0,000,Inactive,Inactive
88838,,0,0.0,0,0,0,000,Inactive,Inactive
90066,,0,0.0,0,0,0,000,Inactive,Inactive
90281,,0,0.0,0,0,0,000,Inactive,Inactive
90388,,0,0.0,0,0,0,000,Inactive,Inactive
90630,,0,0.0,0,0,0,000,Inactive,Inactive
90814,,0,0.0,0,0,0,000,Inactive,Inactive
91932,,0,0.0,0,0,0,000,Inactive,Inactive
93296,,0,0.0,0,0,0,000,Inactive,Inactive
93644,,0,0.0,0,0,0,000,Inactive,Inactive
93765,,0,0.0,0,0,0,000,Inactive,Inactive
93897,,0,0.0,0,0,0,000,Inactive,Inactive
94445,,0,0.0,0,0,0,000,Inactive,Inactive
94455,,0,0.0,0,0,0,000,Inactive,Inactive
96201,,0,0.0,0,0,0,000,Inactive,Inactive
96426,,0,0.0,0,0,0,000,Inactive,Inactive
98220,,0,0.0,0,0,0,000,Inactive,Inactive
98337,,0,0.0,0,0,0,000,Inactive,Inactive
98396,,0,0.0,0,0,0,000,Inactive,Inactive
98584,,0,0.0,0,0,0,000,Inactive,Inactive
99344,,0,0.0,0,0,0,000,Inactive,Inactive
99856,,0,0.0,0,0,0,000,Inactive,Inactive
101173,,0,0.0,0,0,0,000,Inactive,Inactive
102224,,0,0.0,0,0,0,000,Inactive,Inactive
102603,,0,0.0,0,0,0,000,Inactive,Inactive
102774,,0,0.0,0,0,0,000,Inactive,Inactive
102999,,0,0.0,0,0,0,000,Inactive,Inactive
103176,,0,0.0,0,0,0,000,Inactive,Inactive
103223,,0,0.0,0,0,0,000,Inactive,Inactive
103427,,0,0.0,0,0,0,000,Inactive,Inactive
104168,,0,0.0,0,0,0,000,Inactive,Inactive
104218,,0,0.0,0,0,0,000,Inactive,Inactive
104233,,0,0.0,0,0,0,000,Inactive,Inactive
104247,,0,0.0,0,0,0,000,Inactive,Inactive
104331,,0,0.0,0,0,0,000,Inactive,Inactive
104553,,0,0.0,0,0,0,000,Inactive,Inactive
104794,,0,0.0,0,0,0,000,Inactive,Inactive
105190,,0,0.0,0,0,0,000,Inactive,Inactive
105208,,0,0.0,0,0,0,000,Inactive,Inactive
105274,,0,0.0,0,0,0,000,Inactive,Inactive
105551,,0,0.0,0,0,0,000,Inactive,Inactive
105856,,0,0.0,0,0,0,000,Inactive,Inactive
106011,,0,0.0,0,0,0,000,Inactive,Inactive
106226,,0,0.0,0,0,0,000,Inactive,Inactive
106598,,0,0.0,0,0,0,000,Inactive,Inactive
106959,,0,0.0,0,0,0,000,Inactive,Inactive
106983,,0,0.0,0,0,0,000,Inactive,Inactive
107606,,0,0.0,0,0,0,000,Inactive,Inactive
107777,,0,0.0,0,0,0,000,Inactive,Inactive
107969,,0,0.0,0,0,0,000,Inactive,Inactive
108819,,0,0.0,0,0,0,000,Inactive,Inactive
109051,,0,0.0,0,0,0,000,Inactive,Inactive
109206,,0,0.0,0,0,0,000,Inactive,Inactive
109212,,0,0.0,0,0,0,000,Inactive,Inactive
109281,,0,0.0,0,0,0,000,Inactive,Inactive
109522,,0,0.0,0,0,0,000,Inactive,Inactive
109628,,0,0.0,0,0,0,000,Inactive,Inactive
110362,,0,0.0,0,0,0,000,Inactive,Inactive
110499,,0,0.0,0,0,0,000,Inactive,Inactive
110988,,0,0.0,0,0,0,000,Inactive,Inactive
111025,,0,0.0,0,0,0,000,Inactive,Inactive
111334,,0,0.0,0,0,0,000,Inactive,Inactive
111357,,0,0.0,0,0,0,000,Inactive,Inactive
112073,,0,0.0,0,0,0,000,Inactive,Inactive
112464,,0,0.0,0,0,0,000,Inactive,Inactive
112590,,0,0.0,0,0,0,000,Inactive,Inactive
112989,,0,0.0,0,0,0,000,Inactive,Inactive
112993,,0,0.0,0,0,0,000,Inactive,Inactive
113032,,0,0.0,0,0,0,000,Inactive,Inactive
113334,,0,0.0,0,0,0,000,Inactive,Inactive
113531,,0,0.0,0,0,0,000,Inactive,Inactive
114551,,0,0.0,0,0,0,000,Inactive,Inactive
114709,,0,0.0,0,0,0,000,Inactive,Inactive
115505,,0,0.0,0,0,0,000,Inactive,Inactive
115688,,0,0.0,0,0,0,000,Inactive,Inactive
115869,,0,0.0,0,0,0,000,Inactive,Inactive
115895,,0,0.0,0,0,0,000,Inactive,Inactive
116294,,0,0.0,0,0,0,000,Inactive,Inactive
116383,,0,0.0,0,0,0,000,Inactive,Inactive
116408,,0,0.0,0,0,0,000,Inactive,Inactive
117769,,0,0.0,0,0,0,000,Inactive,Inactive
118084,,0,0.0,0,0,0,000,Inactive,Inactive
118229,,0,0.0,0,0,0,000,Inactive,Inactive
118428,,0,0.0,0,0,0,000,Inactive,Inactive
119095,,0,0.0,0,0,0,000,Inactive,Inactive
119449,,0,0.0,0,0,0,000,Inactive,Inactive
119505,,0,0.0,0,0,0,000,Inactive,Inactive
119544,,0,0.0,0,0,0,000,Inactive,Inactive
119547,,0,0.0,0,0,0,000,Inactive,Inactive
119828,,0,0.0,0,0,0,000,Inactive,Inactive
120030,,0,0.0,0,0,0,000,Inactive,Inactive
120664,,0,0.0,0,0,0,000,Inactive,Inactive
121948,,0,0.0,0,0,0,000,Inactive,Inactive
122705,,0,0.0,0,0,0,000,Inactive,Inactive
122709,,0,0.0,0,0,0,000,Inactive,Inactive
123251,,0,0.0,0,0,0,000,Inactive,Inactive
123894,,0,0.0,0,0,0,000,Inactive,Inactive
124162,,0,0.0,0,0,0,000,Inactive,Inactive
124591,,0,0.0,0,0,0,000,Inactive,Inactive
124680,,0,0.0,0,0,0,000,Inactive,Inactive
124825,,0,0.0,0,0,0,000,Inactive,Inactive
125149,,0,0.0,0,0,0,000,Inactive,Inactive
125242,,0,0.0,0,0,0,000,Inactive,Inactive
125389,,0,0.0,0,0,0,000,Inactive,Inactive
126469,,0,0.0,0,0,0,000,Inactive,Inactive
126817,,0,0.0,0,0,0,000,Inactive,Inactive
126916,,0,0.0,0,0,0,000,Inactive,Inactive
126979,,0,0.0,0,0,0,000,Inactive,Inactive
127554,,0,0.0,0,0,0,000,Inactive,Inactive
128007,,0,0.0,0,0,0,000,Inactive,Inactive
128354,,0,0.0,0,0,0,000,Inactive,Inactive
128362,,0,0.0,0,0,0,000,Inactive,Inactive
128538,,0,0.0,0,0,0,000,Inactive,Inactive
128585,,0,0.0,0,0,0,000,Inactive,Inactive
129199,,0,0.0,0,0,0,000,Inactive,Inactive
129240,,0,0.0,0,0,0,000,Inactive,Inactive
129405,,0,0.0,0,0,0,000,Inactive,Inactive
129583,,0,0.0,0,0,0,000,Inactive,Inactive
129738,,0,0.0,0,0,0,000,Inactive,Inactive
129786,,0,0.0,0,0,0,000,Inactive,Inactive
129948,,0,0.0,0,0,0,000,Inactive,Inactive
130962,,0,0.0,0,0,0,000,Inactive,Inactive
131907,,0,0.0,0,0,0,000,Inactive,Inactive
132012,,0,0.0,0,0,0,000,Inactive,Inactive
132027,,0,0.0,0,0,0,000,Inactive,Inactive
132403,,0,0.0,0,0,0,000,Inactive,Inactive
132630,,0,0.0,0,0,0,000,Inactive,Inactive
132858,,0,0.0,0,0,0,000,Inactive,Inactive
133258,,0,0.0,0,0,0,000,Inactive,Inactive
133315,,0,0.0,0,0,0,000,Inactive,Inactive
133608,,0,0.0,0,0,0,000,Inactive,Inactive
134688,,0,0.0,0,0,0,000,Inactive,Inactive
134935,,0,0.0,0,0,0,000,Inactive,Inactive
135081,,0,0.0,0,0,0,000,Inactive,Inactive
135131,,0,0.0,0,0,0,000,Inactive,Inactive
135142,,0,0.0,0,0,0,000,Inactive,Inactive
135272,,0,0.0,0,0,0,000,Inactive,Inactive
135371,,0,0.0,0,0,0,000,Inactive,Inactive
135531,,0,0.0,0,0,0,000,Inactive,Inactive
135671,,0,0.0,0,0,0,000,Inactive,Inactive
135914,,0,0.0,0,0,0,000,Inactive,Inactive
135967,,0,0.0,0,0,0,000,Inactive,Inactive
135975,,0,0.0,0,0,0,000,Inactive,Inactive
136300,,0,0.0,0,0,0,000,Inactive,Inactive
136823,,0,0.0,0,0,0,000,Inactive,Inactive
137153,,0,0.0,0,0,0,000,Inactive,Inactive
137661,,0,0.0,0,0,0,000,Inactive,Inactive
137734,,0,0.0,0,0,0,000,Inactive,Inactive
137846,,0,0.0,0,0,0,000,Inactive,Inactive
138130,,0,0.0,0,0,0,000,Inactive,Inactive
138611,,0,0.0,0,0,0,000,Inactive,Inactive
138767,,0,0.0,0,0,0,000,Inactive,Inactive
139176,,0,0.0,0,0,0,000,Inactive,Inactive
140208,,0,0.0,0,0,0,000,Inactive,Inactive
140225,,0,0.0,0,0,0,000,Inactive,Inactive
140457,,0,0.0,0,0,0,000,Inactive,Inactive
141371,,0,0.0,0,0,0,000,Inactive,Inactive
141431,,0,0.0,0,0,0,000,Inactive,Inactive
141645,,0,0.0,0,0,0,000,Inactive,Inactive
141859,,0,0.0,0,0,0,000,Inactive,Inactive
142288,,0,0.0,0,0,0,000,Inactive,Inactive
142425,,0,0.0,0,0,0,000,Inactive,Inactive
143135,,0,0.0,0,0,0,000,Inactive,Inactive
143287,,0,0.0,0,0,0,000,Inactive,Inactive
143500,,0,0.0,0,0,0,000,Inactive,Inactive
143514,,0,0.0,0,0,0,000,Inactive,Inactive
143646,,0,0.0,0,0,0,000,Inactive,Inactive
143836,,0,0.0,0,0,0,000,Inactive,Inactive
143939,,0,0.0,0,0,0,000,Inactive,Inactive
144057,,0,0.0,0,0,0,000,Inactive,Inactive
144178,,0,0.0,0,0,0,000,Inactive,Inactive
144328,,0,0.0,0,0,0,000,Inactive,Inactive
144468,,0,0.0,0,0,0,000,Inactive,Inactive
145424,,0,0.0,0,0,0,000,Inactive,Inactive
145431,,0,0.0,0,0,0,000,Inactive,Inactive
145988,,0,0.0,0,0,0,000,Inactive,Inactive
146218,,0,0.0,0,0,0,000,Inactive,Inactive
146506,,0,0.0,0,0,0,000,Inactive,Inactive
147016,,0,0.0,0,0,0,000,Inactive,Inactive
147149,,0,0.0,0,0,0,000,Inactive,Inactive
147240,,0,0.0,0,0,0,000,Inactive,Inactive
147579,,0,0.0,0,0,0,000,Inactive,Inactive
147621,,0,0.0,0,0,0,000,Inactive,Inactive
147790,,0,0.0,0,0,0,000,Inactive,Inactive
148266,,0,0.0,0,0,0,000,Inactive,Inactive
148470,,0,0.0,0,0,0,000,Inactive,Inactive
148478,,0,0.0,0,0,0,000,Inactive,Inactive
148583,,0,0.0,0,0,0,000,Inactive,Inactive
148825,,0,0.0,0,0,0,000,Inactive,Inactive
148931,,0,0.0,0,0,0,000,Inactive,Inactive
149084,,0,0.0,0,0,0,000,Inactive,Inactive
149914,,0,0.0,0,0,0,000,Inactive,Inactive
150602,,0,0.0,0,0,0,000,Inactive,Inactive
150857,,0,0.0,0,0,0,000,Inactive,Inactive
151431,,0,0.0,0,0,0,000,Inactive,Inactive
152044,,0,0.0,0,0,0,000,Inactive,Inactive
152306,,0,0.0,0,0,0,000,Inactive,Inactive
152352,,0,0.0,0,0,0,000,Inactive,Inactive
152700,,0,0.0,0,0,0,000,Inactive,Inactive
153114,,0,0.0,0,0,0,000,Inactive,Inactive
153296,,0,0.0,0,0,0,000,Inactive,Inactive
154040,,0,0.0,0,0,0,000,Inactive,Inactive
154326,,0,0.0,0,0,0,000,Inactive,Inactive
154546,,0,0.0,0,0,0,000,Inactive,Inactive
154874,,0,0.0,0,0,0,000,Inactive,Inactive
155098,,0,0.0,0,0,0,000,Inactive,Inactive
155362,,0,0.0,0,0,0,000,Inactive,Inactive
155726,,0,0.0,0,0,0,000,Inactive,Inactive
155879,,0,0.0,0,0,0,000,Inactive,Inactive
156564,,0,0.0,0,0,0,000,Inactive,Inactive
157191,,0,0.0,0,0,0,000,Inactive,Inactive
157721,,0,0.0,0,0,0,000,Inactive,Inactive
157796,,0,0.0,0,0,0,000,Inactive,Inactive
157938,,0,0.0,0,0,0,000,Inactive,Inactive
157968,,0,0.0,0,0,0,000,Inactive,Inactive
158035,,0,0.0,0,0,0,000,Inactive,Inactive
158407,,0,0.0,0,0,0,000,Inactive,Inactive
158590,,0,0.0,0,0,0,000,Inactive,Inactive
158639,,0,0.0,0,0,0,000,Inactive,Inactive
159176,,0,0.0,0,0,0,000,Inactive,Inactive
159509,,0,0.0,0,0,0,000,Inactive,Inactive
159643,,0,0.0,0,0,0,000,Inactive,Inactive
159836,,0,0.0,0,0,0,000,Inactive,Inactive
159981,,0,0.0,0,0,0,000,Inactive,Inactive
161462,,0,0.0,0,0,0,000,Inactive,Inactive
161503,,0,0.0,0,0,0,000,Inactive,Inactive
161701,,0,0.0,0,0,0,000,Inactive,Inactive
162182,,0,0.0,0,0,0,000,Inactive,Inactive
162754,,0,0.0,0,0,0,000,Inactive,Inactive
163213,,0,0.0,0,0,0,000,Inactive,Inactive
163247,,0,0.0,0,0,0,000,Inactive,Inactive
163294,,0,0.0,0,0,0,000,Inactive,Inactive
163571,,0,0.0,0,0,0,000,Inactive,Inactive
164102,,0,0.0,0,0,0,000,Inactive,Inactive
164153,,0,0.0,0,0,0,000,Inactive,Inactive
164201,,0,0.0,0,0,0,000,Inactive,Inactive
164607,,0,0.0,0,0,0,000,Inactive,Inactive
164862,,0,0.0,0,0,0,000,Inactive,Inactive
165193,,0,0.0,0,0,0,000,Inactive,Inactive
165350,,0,0.0,0,0,0,000,Inactive,Inactive
165585,,0,0.0,0,0,0,000,Inactive,Inactive
165798,,0,0.0,0,0,0,000,Inactive,Inactive
166494,,0,0.0,0,0,0,000,Inactive,Inactive
166809,,0,0.0,0,0,0,000,Inactive,Inactive
167963,,0,0.0,0,0,0,000,Inactive,Inactive
168067,,0,0.0,0,0,0,000,Inactive,Inactive
168341,,0,0.0,0,0,0,000,Inactive,Inactive
168734,,0,0.0,0,0,0,000,Inactive,Inactive
168895,,0,0.0,0,0,0,000,Inactive,Inactive
169240,,0,0.0,0,0,0,000,Inactive,Inactive
169751,,0,0.0,0,0,0,000,Inactive,Inactive
169844,,0,0.0,0,0,0,000,Inactive,Inactive
169925,,0,0.0,0,0,0,000,Inactive,Inactive
170074,,0,0.0,0,0,0,000,Inactive,Inactive
170156,,0,0.0,0,0,0,000,Inactive,Inactive
170206,,0,0.0,0,0,0,000,Inactive,Inactive
170330,,0,0.0,0,0,0,000,Inactive,Inactive
170468,,0,0.0,0,0,0,000,Inactive,Inactive
170881,,0,0.0,0,0,0,000,Inactive,Inactive
171324,,0,0.0,0,0,0,000,Inactive,Inactive
171370,,0,0.0,0,0,0,000,Inactive,Inactive
171547,,0,0.0,0,0,0,000,Inactive,Inactive
171571,,0,0.0,0,0,0,000,Inactive,Inactive
171804,,0,0.0,0,0,0,000,Inactive,Inactive
171900,,0,0.0,0,0,0,000,Inactive,Inactive
171984,,0,0.0,0,0,0,000,Inactive,Inactive
172051,,0,0.0,0,0,0,000,Inactive,Inactive
172772,,0,0.0,0,0,0,000,Inactive,Inactive
172845,,0,0.0,0,0,0,000,Inactive,Inactive
173441,,0,0.0,0,0,0,000,Inactive,Inactive
173569,,0,0.0,0,0,0,000,Inactive,Inactive
173831,,0,0.0,0,0,0,000,Inactive,Inactive
174141,,0,0.0,0,0,0,000,Inactive,Inactive
174437,,0,0.0,0,0,0,000,Inactive,Inactive
174850,,0,0.0,0,0,0,000,Inactive,Inactive
174937,,0,0.0,0,0,0,000,Inactive,Inactive
176362,,0,0.0,0,0,0,000,Inactive,Inactive
176395,,0,0.0,0,0,0,000,Inactive,Inactive
176447,,0,0.0,0,0,0,000,Inactive,Inactive
176465,,0,0.0,0,0,0,000,Inactive,Inactive
176707,,0,0.0,0,0,0,000,Inactive,Inactive
176973,,0,0.0,0,0,0,000,Inactive,Inactive
177214,,0,0.0,0,0,0,000,Inactive,Inactive
177393,,0,0.0,0,0,0,000,Inactive,Inactive
177516,,0,0.0,0,0,0,000,Inactive,Inactive
177645,,0,0.0,0,0,0,000,Inactive,Inactive
177658,,0,0.0,0,0,0,000,Inactive,Inactive
179032,,0,0.0,0,0,0,000,Inactive,Inactive
179083,,0,0.0,0,0,0,000,Inactive,Inactive
179217,,0,0.0,0,0,0,000,Inactive,Inactive
179517,,0,0.0,0,0,0,000,Inactive,Inactive
179852,,0,0.0,0,0,0,000,Inactive,Inactive
180122,,0,0.0,0,0,0,000,Inactive,Inactive
180581,,0,0.0,0,0,0,000,Inactive,Inactive
180783,,0,0.0,0,0,0,000,Inactive,Inactive
181140,,0,0.0,0,0,0,000,Inactive,Inactive
181213,,0,0.0,0,0,0,000,Inactive,Inactive
181398,,0,0.0,0,0,0,000,Inactive,Inactive
181946,,0,0.0,0,0,0,000,Inactive,Inactive
182056,,0,0.0,0,0,0,000,Inactive,Inactive
182224,,0,0.0,0,0,0,000,Inactive,Inactive
182289,,0,0.0,0,0,0,000,Inactive,Inactive
182309,,0,0.0,0,0,0,000,Inactive,Inactive
182464,,0,0.0,0,0,0,000,Inactive,Inactive
182756,,0,0.0,0,0,0,000,Inactive,Inactive
182966,,0,0.0,0,0,0,000,Inactive,Inactive
183472,,0,0.0,0,0,0,000,Inactive,Inactive
183653,,0,0.0,0,0,0,000,Inactive,Inactive
183675,,0,0.0,0,0,0,000,Inactive,Inactive
184041,,0,0.0,0,0,0,000,Inactive,Inactive
184494,,0,0.0,0,0,0,000,Inactive,Inactive
184596,,0,0.0,0,0,0,000,Inactive,Inactive
185062,,0,0.0,0,0,0,000,Inactive,Inactive
185313,,0,0.0,0,0,0,000,Inactive,Inactive
185572,,0,0.0,0,0,0,000,Inactive,Inactive
185945,,0,0.0,0,0,0,000,Inactive,Inactive
186331,,0,0.0,0,0,0,000,Inactive,Inactive
186385,,0,0.0,0,0,0,000,Inactive,Inactive
186467,,0,0.0,0,0,0,000,Inactive,Inactive
186547,,0,0.0,0,0,0,000,Inactive,Inactive
186576,,0,0.0,0,0,0,000,Inactive,Inactive
187048,,0,0.0,0,0,0,000,Inactive,Inactive
187209,,0,0.0,0,0,0,000,Inactive,Inactive
187354,,0,0.0,0,0,0,000,Inactive,Inactive
187569,,0,0.0,0,0,0,000,Inactive,Inactive
187840,,0,0.0,0,0,0,000,Inactive,Inactive
189058,,0,0.0,0,0,0,000,Inactive,Inactive
189271,,0,0.0,0,0,0,000,Inactive,Inactive
190744,,0,0.0,0,0,0,000,Inactive,Inactive
190747,,0,0.0,0,0,0,000,Inactive,Inactive
191655,,0,0.0,0,0,0,000,Inactive,Inactive
191936,,0,0.0,0,0,0,000,Inactive,Inactive
191938,,0,0.0,0,0,0,000,Inactive,Inactive
191968,,0,0.0,0,0,0,000,Inactive,Inactive
192287,,0,0.0,0,0,0,000,Inactive,Inactive
192735,,0,0.0,0,0,0,000,Inactive,Inactive
193222,,0,0.0,0,0,0,000,Inactive,Inactive
193251,,0,0.0,0,0,0,000,Inactive,Inactive
193284,,0,0.0,0,0,0,000,Inactive,Inactive
193563,,0,0.0,0,0,0,000,Inactive,Inactive
194450,,0,0.0,0,0,0,000,Inactive,Inactive
194617,,0,0.0,0,0,0,000,Inactive,Inactive
194692,,0,0.0,0,0,0,000,Inactive,Inactive
195133,,0,0.0,0,0,0,000,Inactive,Inactive
195925,,0,0.0,0,0,0,000,Inactive,Inactive
196383,,0,0.0,0,0,0,000,Inactive,Inactive
196800,,0,0.0,0,0,0,000,Inactive,Inactive
196833,,0,0.0,0,0,0,000,Inactive,Inactive
196946,,0,0.0,0,0,0,000,Inactive,Inactive
197044,,0,0.0,0,0,0,000,Inactive,Inactive
197125,,0,0.0,0,0,0,000,Inactive,Inactive
197555,,0,0.0,0,0,0,000,Inactive,Inactive
197730,,0,0.0,0,0,0,000,Inactive,Inactive
197750,,0,0.0,0,0,0,000,Inactive,Inactive
198019,,0,0.0,0,0,0,000,Inactive,Inactive
198667,,0,0.0,0,0,0,000,Inactive,Inactive
198819,,0,0.0,0,0,0,000,Inactive,Inactive
199016,,0,0.0,0,0,0,000,Inactive,Inactive
199251,,0,0.0,0,0,0,000,Inactive,Inactive
199409,,0,0.0,0,0,0,000,Inactive,Inactive
199538,,0,0.0,0,0,0,000,Inactive,Inactive
199559,,0,0.0,0,0,0,000,Inactive,Inactive
199641,,0,0.0,0,0,0,000,Inactive,Inactive
200079,,0,0.0,0,0,0,000,Inactive,Inactive
200631,,0,0.0,0,0,0,000,Inactive,Inactive
200688,,0,0.0,0,0,0,000,Inactive,Inactive
200751,,0,0.0,0,0,0,000,Inactive,Inactive
200786,,0,0.0,0,0,0,000,Inactive,Inactive
201086,,0,0.0,0,0,0,000,Inactive,Inactive
201832,,0,0.0,0,0,0,000,Inactive,Inactive
202578,,0,0.0,0,0,0,000,Inactive,Inactive
202929,,0,0.0,0,0,0,000,Inactive,Inactive
203708,,0,0.0,0,0,0,000,Inactive,Inactive
203863,,0,0.0,0,0,0,000,Inactive,Inactive
203957,,0,0.0,0,0,0,000,Inactive,Inactive
204378,,0,0.0,0,0,0,000,Inactive,Inactive
204419,,0,0.0,0,0,0,000,Inactive,Inactive
204556,,0,0.0,0,0,0,000,Inactive,Inactive
204792,,0,0.0,0,0,0,000,Inactive,Inactive
205035,,0,0.0,0,0,0,000,Inactive,Inactive
206369,,0,0.0,0,0,0,000,Inactive,Inactive
206956,,0,0.0,0,0,0,000,Inactive,Inactive
209804,,0,0.0,0,0,0,000,Inactive,Inactive
209875,,0,0.0,0,0,0,000,Inactive,Inactive
210214,,0,0.0,0,0,0,000,Inactive,Inactive
210469,,0,0.0,0,0,0,000,Inactive,Inactive
210959,,0,0.0,0,0,0,000,Inactive,Inactive
211197,,0,0.0,0,0,0,000,Inactive,Inactive
211976,,0,0.0,0,0,0,000,Inactive,Inactive
213261,,0,0.0,0,0,0,000,Inactive,Inactive
213787,,0,0.0,0,0,0,000,Inactive,Inactive
213892,,0,0.0,0,0,0,000,Inactive,Inactive
215309,,0,0.0,0,0,0,000,Inactive,Inactive
215385,,0,0.0,0,0,0,000,Inactive,Inactive
215548,,0,0.0,0,0,0,000,Inactive,Inactive
215613,,0,0.0,0,0,0,000,Inactive,Inactive
216389,,0,0.0,0,0,0,000,Inactive,Inactive
216458,,0,0.0,0,0,0,000,Inactive,Inactive
216767,,0,0.0,0,0,0,000,Inactive,Inactive
216806,,0,0.0,0,0,0,000,Inactive,Inactive
217725,,0,0.0,0,0,0,000,Inactive,Inactive
218186,,0,0.0,0,0,0,000,Inactive,Inactive
218678,,0,0.0,0,0,0,000,Inactive,Inactive
219394,,0,0.0,0,0,0,000,Inactive,Inactive
221684,,0,0.0,0,0,0,000,Inactive,Inactive
222611,,0,0.0,0,0,0,000,Inactive,Inactive
222659,,0,0.0,0,0,0,000,Inactive,Inactive
224398,,0,0.0,0,0,0,000,Inactive,Inactive
224535,,0,0.0,0,0,0,000,Inactive,Inactive
225593,,0,0.0,0,0,0,000,Inactive,Inactive
225634,,0,0.0,0,0,0,000,Inactive,Inactive
226367,,0,0.0,0,0,0,000,Inactive,Inactive
229136,,0,0.0,0,0,0,000,Inactive,Inactive
229987,,0,0.0,0,0,0,000,Inactive,Inactive
230457,,0,0.0,0,0,0,000,Inactive,Inactive
230779,,0,0.0,0,0,0,000,Inactive,Inactive
233643,,0,0.0,0,0,0,000,Inactive,Inactive
233728,,0,0.0,0,0,0,000,Inactive,Inactive
234493,,0,0.0,0,0,0,000,Inactive,Inactive
234620,,0,0.0,0,0,0,000,Inactive,Inactive
235093,,0,0.0,0,0,0,000,Inactive,Inactive
235607,,0,0.0,0,0,0,000,Inactive,Inactive
236846,,0,0.0,0,0,0,000,Inactive,Inactive
236974,,0,0.0,0,0,0,000,Inactive,Inactive
237000,,0,0.0,0,0,0,000,Inactive,Inactive
237358,,0,0.0,0,0,0,000,Inactive,Inactive
237911,,0,0.0,0,0,0,000,Inactive,Inactive
238624,,0,0.0,0,0,0,000,Inactive,Inactive
238806,,0,0.0,0,0,0,000,Inactive,Inactive
238820,,0,0.0,0,0,0,000,Inactive,Inactive
238986,,0,0.0,0,0,0,000,Inactive,Inactive
239934,,0,0.0,0,0,0,000,Inactive,Inactive
240344,,0,0.0,0,0,0,000,Inactive,Inactive
241136,,0,0.0,0,0,0,000,Inactive,Inactive
241724,,0,0.0,0,0,0,000,Inactive,Inactive
242985,,0,0.0,0,0,0,000,Inactive,Inactive
243073,,0,0.0,0,0,0,000,Inactive,Inactive
243170,,0,0.0,0,0,0,000,Inactive,Inactive
243807,,0,0.0,0,0,0,000,Inactive,Inactive
244065,,0,0.0,0,0,0,000,Inactive,Inactive
244179,,0,0.0,0,0,0,000,Inactive,Inactive
244354,,0,0.0,0,0,0,000,Inactive,Inactive
244462,,0,0.0,0,0,0,000,Inactive,Inactive
244601,,0,0.0,0,0,0,000,Inactive,Inactive
244737,,0,0.0,0,0,0,000,Inactive,Inactive
244792,,0,0.0,0,0,0,000,Inactive,Inactive
244931,,0,0.0,0,0,0,000,Inactive,Inactive
245372,,0,0.0,0,0,0,000,Inactive,Inactive
245808,,0,0.0,0,0,0,000,Inactive,Inactive
247171,,0,0.0,0,0,0,000,Inactive,Inactive
248283,,0,0.0,0,0,0,000,Inactive,Inactive
249120,,0,0.0,0,0,0,000,Inactive,Inactive
250739,,0,0.0,0,0,0,000,Inactive,Inactive
250804,,0,0.0,0,0,0,000,Inactive,Inactive
250824,,0,0.0,0,0,0,000,Inactive,Inactive
251252,,0,0.0,0,0,0,000,Inactive,Inactive
251344,,0,0.0,0,0,0,000,Inactive,Inactive
252611,,0,0.0,0,0,0,000,Inactive,Inactive
252662,,0,0.0,0,0,0,000,Inactive,Inactive
253281,,0,0.0,0,0,0,000,Inactive,Inactive
253377,,0,0.0,0,0,0,000,Inactive,Inactive
254331,,0,0.0,0,0,0,000,Inactive,Inactive
254816,,0,0.0,0,0,0,000,Inactive,Inactive
255089,,0,0.0,0,0,0,000,Inactive,Inactive
255161,,0,0.0,0,0,0,000,Inactive,Inactive
255267,,0,0.0,0,0,0,000,Inactive,Inactive
255284,,0,0.0,0,0,0,000,Inactive,Inactive
255406,,0,0.0,0,0,0,000,Inactive,Inactive
256828,,0,0.0,0,0,0,000,Inactive,Inactive
257225,,0,0.0,0,0,0,000,Inactive,Inactive
258135,,0,0.0,0,0,0,000,Inactive,Inactive
259411,,0,0.0,0,0,0,000,Inactive,Inactive
260002,,0,0.0,0,0,0,000,Inactive,Inactive
260373,,0,0.0,0,0,0,000,Inactive,Inactive
261272,,0,0.0,0,0,0,000,Inactive,Inactive
261295,,0,0.0,0,0,0,000,Inactive,Inactive
262393,,0,0.0,0,0,0,000,Inactive,Inactive
262645,,0,0.0,0,0,0,000,Inactive,Inactive
262802,,0,0.0,0,0,0,000,Inactive,Inactive
263446,,0,0.0,0,0,0,000,Inactive,Inactive
264866,,0,0.0,0,0,0,000,Inactive,Inactive
265704,,0,0.0,0,0,0,000,Inactive,Inactive
266212,,0,0.0,0,0,0,000,Inactive,Inactive
268251,,0,0.0,0,0,0,000,Inactive,Inactive
268520,,0,0.0,0,0,0,000,Inactive,Inactive
268745,,0,0.0,0,0,0,000,Inactive,Inactive
268787,,0,0.0,0,0,0,000,Inactive,Inactive
270509,,0,0.0,0,0,0,000,Inactive,Inactive
271355,,0,0.0,0,0,0,000,Inactive,Inactive
271865,,0,0.0,0,0,0,000,Inactive,Inactive
271994,,0,0.0,0,0,0,000,Inactive,Inactive
272087,,0,0.0,0,0,0,000,Inactive,Inactive
272362,,0,0.0,0,0,0,000,Inactive,Inactive
272828,,0,0.0,0,0,0,000,Inactive,Inactive
272995,,0,0.0,0,0,0,000,Inactive,Inactive
273939,,0,0.0,0,0,0,000,Inactive,Inactive
274778,,0,0.0,0,0,0,000,Inactive,Inactive
276205,,0,0.0,0,0,0,000,Inactive,Inactive
276912,,0,0.0,0,0,0,000,Inactive,Inactive
277189,,0,0.0,0,0,0,000,Inactive,Inactive
277215,,0,0.0,0,0,0,000,Inactive,Inactive
278568,,0,0.0,0,0,0,000,Inactive,Inactive
278695,,0,0.0,0,0,0,000,Inactive,Inactive
279068,,0,0.0,0,0,0,000,Inactive,Inactive
279490,,0,0.0,0,0,0,000,Inactive,Inactive
280305,,0,0.0,0,0,0,000,Inactive,Inactive
283594,,0,0.0,0,0,0,000,Inactive,Inactive
283716,,0,0.0,0,0,0,000,Inactive,Inactive
283894,,0,0.0,0,0,0,000,Inactive,Inactive
284037,,0,0.0,0,0,0,000,Inactive,Inactive
284118,,0,0.0,0,0,0,000,Inactive,Inactive
284942,,0,0.0,0,0,0,000,Inactive,Inactive
285106,,0,0.0,0,0,0,000,Inactive,Inactive
285844,,0,0.0,0,0,0,000,Inactive,Inactive
286075,,0,0.0,0,0,0,000,Inactive,Inactive
286350,,0,0.0,0,0,0,000,Inactive,Inactive
286542,,0,0.0,0,0,0,000,Inactive,Inactive
286900,,0,0.0,0,0,0,000,Inactive,Inactive
287889,,0,0.0,0,0,0,000,Inactive,Inactive
288302,,0,0.0,0,0,0,000,Inactive,Inactive
288532,,0,0.0,0,0,0,000,Inactive,Inactive
288614,,0,0.0,0,0,0,000,Inactive,Inactive
289230,,0,0.0,0,0,0,000,Inactive,Inactive
289616,,0,0.0,0,0,0,000,Inactive,Inactive
290166,,0,0.0,0,0,0,000,Inactive,Inactive
290918,,0,0.0,0,0,0,000,Inactive,Inactive
291149,,0,0.0,0,0,0,000,Inactive,Inactive
292261,,0,0.0,0,0,0,000,Inactive,Inactive
292301,,0,0.0,0,0,0,000,Inactive,Inactive
292812,,0,0.0,0,0,0,000,Inactive,Inactive
292894,,0,0.0,0,0,0,000,Inactive,Inactive
293139,,0,0.0,0,0,0,000,Inactive,Inactive
293152,,0,0.0,0,0,0,000,Inactive,Inactive
293746,,0,0.0,0,0,0,000,Inactive,Inactive
294123,,0,0.0,0,0,0,000,Inactive,Inactive
294837,,0,0.0,0,0,0,000,Inactive,Inactive
294877,,0,0.0,0,0,0,000,Inactive,Inactive
295279,,0,0.0,0,0,0,000,Inactive,Inactive
296522,,0,0.0,0,0,0,000,Inactive,Inactive
296620,,0,0.0,0,0,0,000,Inactive,Inactive
297418,,0,0.0,0,0,0,000,Inactive,Inactive
298153,,0,0.0,0,0,0,000,Inactive,Inactive
298661,,0,0.0,0,0,0,000,Inactive,Inactive
299057,,0,0.0,0,0,0,000,Inactive,Inactive
299724,,0,0.0,0,0,0,000,Inactive,Inactive
299741,,0,0.0,0,0,0,000,Inactive,Inactive
300336,,0,0.0,0,0,0,000,Inactive,Inactive
300543,,0,0.0,0,0,0,000,Inactive,Inactive
301063,,0,0.0,0,0,0,000,Inactive,Inactive
302229,,0,0.0,0,0,0,000,Inactive,Inactive
302427,,0,0.0,0,0,0,000,Inactive,Inactive
302582,,0,0.0,0,0,0,000,Inactive,Inactive
302990,,0,0.0,0,0,0,000,Inactive,Inactive
303921,,0,0.0,0,0,0,000,Inactive,Inactive
304034,,0,0.0,0,0,0,000,Inactive,Inactive
304323,,0,0.0,0,0,0,000,Inactive,Inactive
304576,,0,0.0,0,0,0,000,Inactive,Inactive
305153,,0,0.0,0,0,0,000,Inactive,Inactive
305956,,0,0.0,0,0,0,000,Inactive,Inactive
306444,,0,0.0,0,0,0,000,Inactive,Inactive
306521,,0,0.0,0,0,0,000,Inactive,Inactive
307838,,0,0.0,0,0,0,000,Inactive,Inactive
308523,,0,0.0,0,0,0,000,Inactive,Inactive
308827,,0,0.0,0,0,0,000,Inactive,Inactive
309829,,0,0.0,0,0,0,000,Inactive,Inactive
310861,,0,0.0,0,0,0,000,Inactive,Inactive
311312,,0,0.0,0,0,0,000,Inactive,Inactive
311640,,0,0.0,0,0,0,000,Inactive,Inactive
311659,,0,0.0,0,0,0,000,Inactive,Inactive
311990,,0,0.0,0,0,0,000,Inactive,Inactive
312067,,0,0.0,0,0,0,000,Inactive,Inactive
312432,,0,0.0,0,0,0,000,Inactive,Inactive
314239,,0,0.0,0,0,0,000,Inactive,Inactive
315729,,0,0.0,0,0,0,000,Inactive,Inactive
317276,,0,0.0,0,0,0,000,Inactive,Inactive
317620,,0,0.0,0,0,0,000,Inactive,Inactive
318016,,0,0.0,0,0,0,000,Inactive,Inactive
320355,,0,0.0,0,0,0,000,Inactive,Inactive
320919,,0,0.0,0,0,0,000,Inactive,Inactive
320954,,0,0.0,0,0,0,000,Inactive,Inactive
321501,,0,0.0,0,0,0,000,Inactive,Inactive
321814,,0,0.0,0,0,0,000,Inactive,Inactive
322616,,0,0.0,0,0,0,000,Inactive,Inactive
322971,,0,0.0,0,0,0,000,Inactive,Inactive
323084,,0,0.0,0,0,0,000,Inactive,Inactive
323150,,0,0.0,0,0,0,000,Inactive,Inactive
323653,,0,0.0,0,0,0,000,Inactive,Inactive
323898,,0,0.0,0,0,0,000,Inactive,Inactive
325564,,0,0.0,0,0,0,000,Inactive,Inactive
326173,,0,0.0,0,0,0,000,Inactive,Inactive
326244,,0,0.0,0,0,0,000,Inactive,Inactive
327037,,0,0.0,0,0,0,000,Inactive,Inactive
327832,,0,0.0,0,0,0,000,Inactive,Inactive
328265,,0,0.0,0,0,0,000,Inactive,Inactive
328872,,0,0.0,0,0,0,000,Inactive,Inactive
329056,,0,0.0,0,0,0,000,Inactive,Inactive
329216,,0,0.0,0,0,0,000,Inactive,Inactive
329348,,0,0.0,0,0,0,000,Inactive,Inactive
329350,,0,0.0,0,0,0,000,Inactive,Inactive
329570,,0,0.0,0,0,0,000,Inactive,Inactive
331910,,0,0.0,0,0,0,000,Inactive,Inactive
332616,,0,0.0,0,0,0,000,Inactive,Inactive
333259,,0,0.0,0,0,0,000,Inactive,Inactive
333496,,0,0.0,0,0,0,000,Inactive,Inactive
333545,,0,0.0,0,0,0,000,Inactive,Inactive
333927,,0,0.0,0,0,0,000,Inactive,Inactive
334155,,0,0.0,0,0,0,000,Inactive,Inactive
334231,,0,0.0,0,0,0,000,Inactive,Inactive
334975,,0,0.0,0,0,0,000,Inactive,Inactive
335432,,0,0.0,0,0,0,000,Inactive,Inactive
336053,,0,0.0,0,0,0,000,Inactive,Inactive
336582,,0,0.0,0,0,0,000,Inactive,Inactive
337518,,0,0.0,0,0,0,000,Inactive,Inactive
337783,,0,0.0,0,0,0,000,Inactive,Inactive
337903,,0,0.0,0,0,0,000,Inactive,Inactive
338278,,0,0.0,0,0,0,000,Inactive,Inactive
338420,,0,0.0,0,0,0,000,Inactive,Inactive
339412,,0,0.0,0,0,0,000,Inactive,Inactive
340288,,0,0.0,0,0,0,000,Inactive,Inactive
341134,,0,0.0,0,0,0,000,Inactive,Inactive
341265,,0,0.0,0,0,0,000,Inactive,Inactive
342674,,0,0.0,0,0,0,000,Inactive,Inactive
343400,,0,0.0,0,0,0,000,Inactive,Inactive
344745,,0,0.0,0,0,0,000,Inactive,Inactive
344864,,0,0.0,0,0,0,000,Inactive,Inactive
345744,,0,0.0,0,0,0,000,Inactive,Inactive
345862,,0,0.0,0,0,0,000,Inactive,Inactive
345942,,0,0.0,0,0,0,000,Inactive,Inactive
346321,,0,0.0,0,0,0,000,Inactive,Inactive
346632,,0,0.0,0,0,0,000,Inactive,Inactive
349155,,0,0.0,0,0,0,000,Inactive,Inactive
349364,,0,0.0,0,0,0,000,Inactive,Inactive
349379,,0,0.0,0,0,0,000,Inactive,Inactive
349665,,0,0.0,0,0,0,000,Inactive,Inactive
350201,,0,0.0,0,0,0,000,Inactive,Inactive
350588,,0,0.0,0,0,0,000,Inactive,Inactive
351068,,0,0.0,0,0,0,000,Inactive,Inactive
351396,,0,0.0,0,0,0,000,Inactive,Inactive
351613,,0,0.0,0,0,0,000,Inactive,Inactive
351665,,0,0.0,0,0,0,000,Inactive,Inactive
351994,,0,0.0,0,0,0,000,Inactive,Inactive
353918,,0,0.0,0,0,0,000,Inactive,Inactive
354272,,0,0.0,0,0,0,000,Inactive,Inactive
354278,,0,0.0,0,0,0,000,Inactive,Inactive
354518,,0,0.0,0,0,0,000,Inactive,Inactive
355102,,0,0.0,0,0,0,000,Inactive,Inactive
355513,,0,0.0,0,0,0,000,Inactive,Inactive
355542,,0,0.0,0,0,0,000,Inactive,Inactive
356618,,0,0.0,0,0,0,000,Inactive,Inactive
356660,,0,0.0,0,0,0,000,Inactive,Inactive
357041,,0,0.0,0,0,0,000,Inactive,Inactive
357409,,0,0.0,0,0,0,000,Inactive,Inactive
357541,,0,0.0,0,0,0,000,Inactive,Inactive
357970,,0,0.0,0,0,0,000,Inactive,Inactive
357973,,0,0.0,0,0,0,000,Inactive,Inactive
358635,,0,0.0,0,0,0,000,Inactive,Inactive
358665,,0,0.0,0,0,0,000,Inactive,Inactive
358861,,0,0.0,0,0,0,000,Inactive,Inactive
360378,,0,0.0,0,0,0,000,Inactive,Inactive
361237,,0,0.0,0,0,0,000,Inactive,Inactive
362993,,0,0.0,0,0,0,000,Inactive,Inactive
363382,,0,0.0,0,0,0,000,Inactive,Inactive
363524,,0,0.0,0,0,0,000,Inactive,Inactive
364718,,0,0.0,0,0,0,000,Inactive,Inactive
364812,,0,0.0,0,0,0,000,Inactive,Inactive
365906,,0,0.0,0,0,0,000,Inactive,Inactive
365927,,0,0.0,0,0,0,000,Inactive,Inactive
366019,,0,0.0,0,0,0,000,Inactive,Inactive
367214,,0,0.0,0,0,0,000,Inactive,Inactive
367215,,0,0.0,0,0,0,000,Inactive,Inactive
367880,,0,0.0,0,0,0,000,Inactive,Inactive
368181,,0,0.0,0,0,0,000,Inactive,Inactive
368405,,0,0.0,0,0,0,000,Inactive,Inactive
368445,,0,0.0,0,0,0,000,Inactive,Inactive
368957,,0,0.0,0,0,0,000,Inactive,Inactive
369604,,0,0.0,0,0,0,000,Inactive,Inactive
371706,,0,0.0,0,0,0,000,Inactive,Inactive
372075,,0,0.0,0,0,0,000,Inactive,Inactive
372476,,0,0.0,0,0,0,000,Inactive,Inactive
372516,,0,0.0,0,0,0,000,Inactive,Inactive
373738,,0,0.0,0,0,0,000,Inactive,Inactive
373822,,0,0.0,0,0,0,000,Inactive,Inactive
373938,,0,0.0,0,0,0,000,Inactive,Inactive
374192,,0,0.0,0,0,0,000,Inactive,Inactive
374580,,0,0.0,0,0,0,000,Inactive,Inactive
374823,,0,0.0,0,0,0,000,Inactive,Inactive
375225,,0,0.0,0,0,0,000,Inactive,Inactive
375359,,0,0.0,0,0,0,000,Inactive,Inactive
375770,,0,0.0,0,0,0,000,Inactive,Inactive
376862,,0,0.0,0,0,0,000,Inactive,Inactive
378059,,0,0.0,0,0,0,000,Inactive,Inactive
378064,,0,0.0,0,0,0,000,Inactive,Inactive
378610,,0,0.0,0,0,0,000,Inactive,Inactive
378751,,0,0.0,0,0,0,000,Inactive,Inactive
379021,,0,0.0,0,0,0,000,Inactive,Inactive
380462,,0,0.0,0,0,0,000,Inactive,Inactive
380675,,0,0.0,0,0,0,000,Inactive,Inactive
381061,,0,0.0,0,0,0,000,Inactive,Inactive
381255,,0,0.0,0,0,0,000,Inactive,Inactive
381991,,0,0.0,0,0,0,000,Inactive,Inactive
382089,,0,0.0,0,0,0,000,Inactive,Inactive
382291,,0,0.0,0,0,0,000,Inactive,Inactive
382538,,0,0.0,0,0,0,000,Inactive,Inactive
382932,,0,0.0,0,0,0,000,Inactive,Inactive
384493,,0,0.0,0,0,0,000,Inactive,Inactive
385255,,0,0.0,0,0,0,000,Inactive,Inactive
385893,,0,0.0,0,0,0,000,Inactive,Inactive
386574,,0,0.0,0,0,0,000,Inactive,Inactive
386609,,0,0.0,0,0,0,000,Inactive,Inactive
386720,,0,0.0,0,0,0,000,Inactive,Inactive
387136,,0,0.0,0,0,0,000,Inactive,Inactive
387530,,0,0.0,0,0,0,000,Inactive,Inactive
387809,,0,0.0,0,0,0,000,Inactive,Inactive
388855,,0,0.0,0,0,0,000,Inactive,Inactive
388990,,0,0.0,0,0,0,000,Inactive,Inactive
389130,,0,0.0,0,0,0,000,Inactive,Inactive
389421,,0,0.0,0,0,0,000,Inactive,Inactive
389592,,0,0.0,0,0,0,000,Inactive,Inactive
390804,,0,0.0,0,0,0,000,Inactive,Inactive
391003,,0,0.0,0,0,0,000,Inactive,Inactive
391619,,0,0.0,0,0,0,000,Inactive,Inactive
392041,,0,0.0,0,0,0,000,Inactive,Inactive
392372,,0,0.0,0,0,0,000,Inactive,Inactive
392703,,0,0.0,0,0,0,000,Inactive,Inactive
394434,,0,0.0,0,0,0,000,Inactive,Inactive
394530,,0,0.0,0,0,0,000,Inactive,Inactive
394778,,0,0.0,0,0,0,000,Inactive,Inactive
394802,,0,0.0,0,0,0,000,Inactive,Inactive
395073,,0,0.0,0,0,0,000,Inactive,Inactive
395280,,0,0.0,0,0,0,000,Inactive,Inactive
395963,,0,0.0,0,0,0,000,Inactive,Inactive
396567,,0,0.0,0,0,0,000,Inactive,Inactive
396631,,0,0.0,0,0,0,000,Inactive,Inactive
398085,,0,0.0,0,0,0,000,Inactive,Inactive
398100,,0,0.0,0,0,0,000,Inactive,Inactive
398196,,0,0.0,0,0,0,000,Inactive,Inactive
398311,,0,0.0,0,0,0,000,Inactive,Inactive
400062,,0,0.0,0,0,0,000,Inactive,Inactive
401026,,0,0.0,0,0,0,000,Inactive,Inactive
401389,,0,0.0,0,0,0,000,Inactive,Inactive
401492,,0,0.0,0,0,0,000,Inactive,Inactive
401904,,0,0.0,0,0,0,000,Inactive,Inactive
402306,,0,0.0,0,0,0,000,Inactive,Inactive
402355,,0,0.0,0,0,0,000,Inactive,Inactive
402375,,0,0.0,0,0,0,000,Inactive,Inactive
403313,,0,0.0,0,0,0,000,Inactive,Inactive
403540,,0,0.0,0,0,0,000,Inactive,Inactive
403702,,0,0.0,0,0,0,000,Inactive,Inactive
403740,,0,0.0,0,0,0,000,Inactive,Inactive
404266,,0,0.0,0,0,0,000,Inactive,Inactive
404431,,0,0.0,0,0,0,000,Inactive,Inactive
404911,,0,0.0,0,0,0,000,Inactive,Inactive
405032,,0,0.0,0,0,0,000,Inactive,Inactive
407021,,0,0.0,0,0,0,000,Inactive,Inactive
409270,,0,0.0,0,0,0,000,Inactive,Inactive
409591,,0,0.0,0,0,0,000,Inactive,Inactive
410429,,0,0.0,0,0,0,000,Inactive,Inactive
411312,,0,0.0,0,0,0,000,Inactive,Inactive
411778,,0,0.0,0,0,0,000,Inactive,Inactive
412280,,0,0.0,0,0,0,000,Inactive,Inactive
412514,,0,0.0,0,0,0,000,Inactive,Inactive
413289,,0,0.0,0,0,0,000,Inactive,Inactive
413919,,0,0.0,0,0,0,000,Inactive,Inactive
416655,,0,0.0,0,0,0,000,Inactive,Inactive
417129,,0,0.0,0,0,0,000,Inactive,Inactive
419191,,0,0.0,0,0,0,000,Inactive,Inactive
420259,,0,0.0,0,0,0,000,Inactive,Inactive
421207,,0,0.0,0,0,0,000,Inactive,Inactive
421418,,0,0.0,0,0,0,000,Inactive,Inactive
421862,,0,0.0,0,0,0,000,Inactive,Inactive
421944,,0,0.0,0,0,0,000,Inactive,Inactive
422093,,0,0.0,0,0,0,000,Inactive,Inactive
424102,,0,0.0,0,0,0,000,Inactive,Inactive
424438,,0,0.0,0,0,0,000,Inactive,Inactive
424866,,0,0.0,0,0,0,000,Inactive,Inactive
426989,,0,0.0,0,0,0,000,Inactive,Inactive
428420,,0,0.0,0,0,0,000,Inactive,Inactive
428901,,0,0.0,0,0,0,000,Inactive,Inactive
429450,,0,0.0,0,0,0,000,Inactive,Inactive
429783,,0,0.0,0,0,0,000,Inactive,Inactive
429862,,0,0.0,0,0,0,000,Inactive,Inactive
429934,,0,0.0,0,0,0,000,Inactive,Inactive
431161,,0,0.0,0,0,0,000,Inactive,Inactive
431386,,0,0.0,0,0,0,000,Inactive,Inactive
432823,,0,0.0,0,0,0,000,Inactive,Inactive
433457,,0,0.0,0,0,0,000,Inactive,Inactive
433532,,0,0.0,0,0,0,000,Inactive,Inactive
433922,,0,0.0,0,0,0,000,Inactive,Inactive
434211,,0,0.0,0,0,0,000,Inactive,Inactive
434370,,0,0.0,0,0,0,000,Inactive,Inactive
434441,,0,0.0,0,0,0,000,Inactive,Inactive
434626,,0,0.0,0,0,0,000,Inactive,Inactive
435094,,0,0.0,0,0,0,000,Inactive,Inactive
435410,,0,0.0,0,0,0,000,Inactive,Inactive
435987,,0,0.0,0,0,0,000,Inactive,Inactive
436167,,0,0.0,0,0,0,000,Inactive,Inactive
436579,,0,0.0,0,0,0,000,Inactive,Inactive
436849,,0,0.0,0,0,0,000,Inactive,Inactive
437380,,0,0.0,0,0,0,000,Inactive,Inactive
437651,,0,0.0,0,0,0,000,Inactive,Inactive
438049,,0,0.0,0,0,0,000,Inactive,Inactive
439935,,0,0.0,0,0,0,000,Inactive,Inactive
441568,,0,0.0,0,0,0,000,Inactive,Inactive
441933,,0,0.0,0,0,0,000,Inactive,Inactive
442111,,0,0.0,0,0,0,000,Inactive,Inactive
442351,,0,0.0,0,0,0,000,Inactive,Inactive
443951,,0,0.0,0,0,0,000,Inactive,Inactive
444852,,0,0.0,0,0,0,000,Inactive,Inactive
445098,,0,0.0,0,0,0,000,Inactive,Inactive
445348,,0,0.0,0,0,0,000,Inactive,Inactive
445434,,0,0.0,0,0,0,000,Inactive,Inactive
445445,,0,0.0,0,0,0,000,Inactive,Inactive
446069,,0,0.0,0,0,0,000,Inactive,Inactive
446227,,0,0.0,0,0,0,000,Inactive,Inactive
447201,,0,0.0,0,0,0,000,Inactive,Inactive
447309,,0,0.0,0,0,0,000,Inactive,Inactive
447329,,0,0.0,0,0,0,000,Inactive,Inactive
447492,,0,0.0,0,0,0,000,Inactive,Inactive
448594,,0,0.0,0,0,0,000,Inactive,Inactive
448665,,0,0.0,0,0,0,000,Inactive,Inactive
450633,,0,0.0,0,0,0,000,Inactive,Inactive
451467,,0,0.0,0,0,0,000,Inactive,Inactive
452968,,0,0.0,0,0,0,000,Inactive,Inactive
453291,,0,0.0,0,0,0,000,Inactive,Inactive
455085,,0,0.0,0,0,0,000,Inactive,Inactive
455271,,0,0.0,0,0,0,000,Inactive,Inactive
455542,,0,0.0,0,0,0,000,Inactive,Inactive
455916,,0,0.0,0,0,0,000,Inactive,Inactive
456573,,0,0.0,0,0,0,000,Inactive,Inactive
457537,,0,0.0,0,0,0,000,Inactive,Inactive
457592,,0,0.0,0,0,0,000,Inactive,Inactive
458211,,0,0.0,0,0,0,000,Inactive,Inactive
459914,,0,0.0,0,0,0,000,Inactive,Inactive
460522,,0,0.0,0,0,0,000,Inactive,Inactive
460634,,0,0.0,0,0,0,000,Inactive,Inactive
460814,,0,0.0,0,0,0,000,Inactive,Inactive
461350,,0,0.0,0,0,0,000,Inactive,Inactive
462096,,0,0.0,0,0,0,000,Inactive,Inactive
463961,,0,0.0,0,0,0,000,Inactive,Inactive
465680,,0,0.0,0,0,0,000,Inactive,Inactive
466390,,0,0.0,0,0,0,000,Inactive,Inactive
466718,,0,0.0,0,0,0,000,Inactive,Inactive
467296,,0,0.0,0,0,0,000,Inactive,Inactive
467314,,0,0.0,0,0,0,000,Inactive,Inactive
467323,,0,0.0,0,0,0,000,Inactive,Inactive
472265,,0,0.0,0,0,0,000,Inactive,Inactive
473468,,0,0.0,0,0,0,000,Inactive,Inactive
474151,,0,0.0,0,0,0,000,Inactive,Inactive
474169,,0,0.0,0,0,0,000,Inactive,Inactive
474490,,0,0.0,0,0,0,000,Inactive,Inactive
475049,,0,0.0,0,0,0,000,Inactive,Inactive
475108,,0,0.0,0,0,0,000,Inactive,Inactive
475441,,0,0.0,0,0,0,000,Inactive,Inactive
475655,,0,0.0,0,0,0,000,Inactive,Inactive
475721,,0,0.0,0,0,0,000,Inactive,Inactive
475953,,0,0.0,0,0,0,000,Inactive,Inactive
476744,,0,0.0,0,0,0,000,Inactive,Inactive
476840,,0,0.0,0,0,0,000,Inactive,Inactive
477301,,0,0.0,0,0,0,000,Inactive,Inactive
477820,,0,0.0,0,0,0,000,Inactive,Inactive
478234,,0,0.0,0,0,0,000,Inactive,Inactive
478490,,0,0.0,0,0,0,000,Inactive,Inactive
479359,,0,0.0,0,0,0,000,Inactive,Inactive
481268,,0,0.0,0,0,0,000,Inactive,Inactive
481702,,0,0.0,0,0,0,000,Inactive,Inactive
481915,,0,0.0,0,0,0,000,Inactive,Inactive
481982,,0,0.0,0,0,0,000,Inactive,Inactive
482377,,0,0.0,0,0,0,000,Inactive,Inactive
482879,,0,0.0,0,0,0,000,Inactive,Inactive
484506,,0,0.0,0,0,0,000,Inactive,Inactive
484511,,0,0.0,0,0,0,000,Inactive,Inactive
485061,,0,0.0,0,0,0,000,Inactive,Inactive
485267,,0,0.0,0,0,0,000,Inactive,Inactive
486086,,0,0.0,0,0,0,000,Inactive,Inactive
486945,,0,0.0,0,0,0,000,Inactive,Inactive
488175,,0,0.0,0,0,0,000,Inactive,Inactive
489948,,0,0.0,0,0,0,000,Inactive,Inactive
489998,,0,0.0,0,0,0,000,Inactive,Inactive
490672,,0,0.0,0,0,0,000,Inactive,Inactive
490984,,0,0.0,0,0,0,000,Inactive,Inactive
492062,,0,0.0,0,0,0,000,Inactive,Inactive
493183,,0,0.0,0,0,0,000,Inactive,Inactive
493779,,0,0.0,0,0,0,000,Inactive,Inactive
493927,,0,0.0,0,0,0,000,Inactive,Inactive
495236,,0,0.0,0,0,0,000,Inactive,Inactive
495843,,0,0.0,0,0,0,000,Inactive,Inactive
496903,,0,0.0,0,0,0,000,Inactive,Inactive
498120,,0,0.0,0,0,0,000,Inactive,Inactive
498540,,0,0.0,0,0,0,000,Inactive,Inactive
498598,,0,0.0,0,0,0,000,Inactive,Inactive
498798,,0,0.0,0,0,0,000,Inactive,Inactive
498842,,0,0.0,0,0,0,000,Inactive,Inactive
499171,,0,0.0,0,0,0,000,Inactive,Inactive
499230,,0,0.0,0,0,0,000,Inactive,Inactive
500583,,0,0.0,0,0,0,000,Inactive,Inactive
502131,,0,0.0,0,0,0,000,Inactive,Inactive
502444,,0,0.0,0,0,0,000,Inactive,Inactive
502446,,0,0.0,0,0,0,000,Inactive,Inactive
503220,,0,0.0,0,0,0,000,Inactive,Inactive
503389,,0,0.0,0,0,0,000,Inactive,Inactive
504901,,0,0.0,0,0,0,000,Inactive,Inactive
506742,,0,0.0,0,0,0,000,Inactive,Inactive
507044,,0,0.0,0,0,0,000,Inactive,Inactive
507223,,0,0.0,0,0,0,000,Inactive,Inactive
507287,,0,0.0,0,0,0,000,Inactive,Inactive
508139,,0,0.0,0,0,0,000,Inactive,Inactive
508213,,0,0.0,0,0,0,000,Inactive,Inactive
508522,,0,0.0,0,0,0,000,Inactive,Inactive
509529,,0,0.0,0,0,0,000,Inactive,Inactive
509930,,0,0.0,0,0,0,000,Inactive,Inactive
509986,,0,0.0,0,0,0,000,Inactive,Inactive
510534,,0,0.0,0,0,0,000,Inactive,Inactive
510737,,0,0.0,0,0,0,000,Inactive,Inactive
511323,,0,0.0,0,0,0,000,Inactive,Inactive
513056,,0,0.0,0,0,0,000,Inactive,Inactive
513064,,0,0.0,0,0,0,000,Inactive,Inactive
513348,,0,0.0,0,0,0,000,Inactive,Inactive
514685,,0,0.0,0,0,0,000,Inactive,Inactive
514912,,0,0.0,0,0,0,000,Inactive,Inactive
515150,,0,0.0,0,0,0,000,Inactive,Inactive
515976,,0,0.0,0,0,0,000,Inactive,Inactive
516071,,0,0.0,0,0,0,000,Inactive,Inactive
516256,,0,0.0,0,0,0,000,Inactive,Inactive
516442,,0,0.0,0,0,0,000,Inactive,Inactive
517276,,0,0.0,0,0,0,000,Inactive,Inactive
518169,,0,0.0,0,0,0,000,Inactive,Inactive
520286,,0,0.0,0,0,0,000,Inactive,Inactive
520626,,0,0.0,0,0,0,000,Inactive,Inactive
521655,,0,0.0,0,0,0,000,Inactive,Inactive
521839,,0,0.0,0,0,0,000,Inactive,Inactive
524394,,0,0.0,0,0,0,000,Inactive,Inactive
525115,,0,0.0,0,0,0,000,Inactive,Inactive
525859,,0,0.0,0,0,0,000,Inactive,Inactive
526421,,0,0.0,0,0,0,000,Inactive,Inactive
526519,,0,0.0,0,0,0,000,Inactive,Inactive
526547,,0,0.0,0,0,0,000,Inactive,Inactive
527612,,0,0.0,0,0,0,000,Inactive,Inactive
528034,,0,0.0,0,0,0,000,Inactive,Inactive
528542,,0,0.0,0,0,0,000,Inactive,Inactive
528953,,0,0.0,0,0,0,000,Inactive,Inactive
528991,,0,0.0,0,0,0,000,Inactive,Inactive
530431,,0,0.0,0,0,0,000,Inactive,Inactive
530901,,0,0.0,0,0,0,000,Inactive,Inactive
531151,,0,0.0,0,0,0,000,Inactive,Inactive
531203,,0,0.0,0,0,0,000,Inactive,Inactive
531777,,0,0.0,0,0,0,000,Inactive,Inactive
532673,,0,0.0,0,0,0,000,Inactive,Inactive
533829,,0,0.0,0,0,0,000,Inactive,Inactive
533957,,0,0.0,0,0,0,000,Inactive,Inactive
534775,,0,0.0,0,0,0,000,Inactive,Inactive
535128,,0,0.0,0,0,0,000,Inactive,Inactive
535186,,0,0.0,0,0,0,000,Inactive,Inactive
535336,,0,0.0,0,0,0,000,Inactive,Inactive
535376,,0,0.0,0,0,0,000,Inactive,Inactive
537795,,0,0.0,0,0,0,000,Inactive,Inactive
537947,,0,0.0,0,0,0,000,Inactive,Inactive
538068,,0,0.0,0,0,0,000,Inactive,Inactive
538843,,0,0.0,0,0,0,000,Inactive,Inactive
539038,,0,0.0,0,0,0,000,Inactive,Inactive
539161,,0,0.0,0,0,0,000,Inactive,Inactive
539209,,0,0.0,0,0,0,000,Inactive,Inactive
539665,,0,0.0,0,0,0,000,Inactive,Inactive
540237,,0,0.0,0,0,0,000,Inactive,Inactive
540539,,0,0.0,0,0,0,000,Inactive,Inactive
540542,,0,0.0,0,0,0,000,Inactive,Inactive
541419,,0,0.0,0,0,0,000,Inactive,Inactive
542187,,0,0.0,0,0,0,000,Inactive,Inactive
542475,,0,0.0,0,0,0,000,Inactive,Inactive
542637,,0,0.0,0,0,0,000,Inactive,Inactive
542773,,0,0.0,0,0,0,000,Inactive,Inactive
543261,,0,0.0,0,0,0,000,Inactive,Inactive
543672,,0,0.0,0,0,0,000,Inactive,Inactive
544725,,0,0.0,0,0,0,000,Inactive,Inactive
544970,,0,0.0,0,0,0,000,Inactive,Inactive
545119,,0,0.0,0,0,0,000,Inactive,Inactive
545414,,0,0.0,0,0,0,000,Inactive,Inactive
545671,,0,0.0,0,0,0,000,Inactive,Inactive
545935,,0,0.0,0,0,0,000,Inactive,Inactive
546153,,0,0.0,0,0,0,000,Inactive,Inactive
548971,,0,0.0,0,0,0,000,Inactive,Inactive
549755,,0,0.0,0,0,0,000,Inactive,Inactive
550515,,0,0.0,0,0,0,000,Inactive,Inactive
550568,,0,0.0,0,0,0,000,Inactive,Inactive
550794,,0,0.0,0,0,0,000,Inactive,Inactive
551067,,0,0.0,0,0,0,000,Inactive,Inactive
553487,,0,0.0,0,0,0,000,Inactive,Inactive
553778,,0,0.0,0,0,0,000,Inactive,Inactive
555701,,0,0.0,0,0,0,000,Inactive,Inactive
556711,,0,0.0,0,0,0,000,Inactive,Inactive
556887,,0,0.0,0,0,0,000,Inactive,Inactive
557039,,0,0.0,0,0,0,000,Inactive,Inactive
557044,,0,0.0,0,0,0,000,Inactive,Inactive
557497,,0,0.0,0,0,0,000,Inactive,Inactive
558643,,0,0.0,0,0,0,000,Inactive,Inactive
558961,,0,0.0,0,0,0,000,Inactive,Inactive
559219,,0,0.0,0,0,0,000,Inactive,Inactive
559770,,0,0.0,0,0,0,000,Inactive,Inactive
561994,,0,0.0,0,0,0,000,Inactive,Inactive
562377,,0,0.0,0,0,0,000,Inactive,Inactive
563426,,0,0.0,0,0,0,000,Inactive,Inactive
563682,,0,0.0,0,0,0,000,Inactive,Inactive
563710,,0,0.0,0,0,0,000,Inactive,Inactive
564266,,0,0.0,0,0,0,000,Inactive,Inactive
565075,,0,0.0,0,0,0,000,Inactive,Inactive
565306,,0,0.0,0,0,0,000,Inactive,Inactive
565772,,0,0.0,0,0,0,000,Inactive,Inactive
566198,,0,0.0,0,0,0,000,Inactive,Inactive
567243,,0,0.0,0,0,0,000,Inactive,Inactive
567740,,0,0.0,0,0,0,000,Inactive,Inactive
568157,,0,0.0,0,0,0,000,Inactive,Inactive
568908,,0,0.0,0,0,0,000,Inactive,Inactive
569215,,0,0.0,0,0,0,000,Inactive,Inactive
570247,,0,0.0,0,0,0,000,Inactive,Inactive
570365,,0,0.0,0,0,0,000,Inactive,Inactive
570550,,0,0.0,0,0,0,000,Inactive,Inactive
570655,,0,0.0,0,0,0,000,Inactive,Inactive
570741,,0,0.0,0,0,0,000,Inactive,Inactive
571533,,0,0.0,0,0,0,000,Inactive,Inactive
573622,,0,0.0,0,0,0,000,Inactive,Inactive
573961,,0,0.0,0,0,0,000,Inactive,Inactive
573990,,0,0.0,0,0,0,000,Inactive,Inactive
574759,,0,0.0,0,0,0,000,Inactive,Inactive
575551,,0,0.0,0,0,0,000,Inactive,Inactive
575847,,0,0.0,0,0,0,000,Inactive,Inactive
576528,,0,0.0,0,0,0,000,Inactive,Inactive
577303,,0,0.0,0,0,0,000,Inactive,Inactive
577418,,0,0.0,0,0,0,000,Inactive,Inactive
578439,,0,0.0,0,0,0,000,Inactive,Inactive
578579,,0,0.0,0,0,0,000,Inactive,Inactive
578721,,0,0.0,0,0,0,000,Inactive,Inactive
578922,,0,0.0,0,0,0,000,Inactive,Inactive
579026,,0,0.0,0,0,0,000,Inactive,Inactive
579141,,0,0.0,0,0,0,000,Inactive,Inactive
579944,,0,0.0,0,0,0,000,Inactive,Inactive
580348,,0,0.0,0,0,0,000,Inactive,Inactive
581463,,0,0.0,0,0,0,000,Inactive,Inactive
581794,,0,0.0,0,0,0,000,Inactive,Inactive
582004,,0,0.0,0,0,0,000,Inactive,Inactive
582259,,0,0.0,0,0,0,000,Inactive,Inactive
582521,,0,0.0,0,0,0,000,Inactive,Inactive
582654,,0,0.0,0,0,0,000,Inactive,Inactive
582761,,0,0.0,0,0,0,000,Inactive,Inactive
584225,,0,0.0,0,0,0,000,Inactive,Inactive
586057,,0,0.0,0,0,0,000,Inactive,Inactive
587854,,0,0.0,0,0,0,000,Inactive,Inactive
587891,,0,0.0,0,0,0,000,Inactive,Inactive
588436,,0,0.0,0,0,0,000,Inactive,Inactive
588547,,0,0.0,0,0,0,000,Inactive,Inactive
588761,,0,0.0,0,0,0,000,Inactive,Inactive
589021,,0,0.0,0,0,0,000,Inactive,Inactive
589354,,0,0.0,0,0,0,000,Inactive,Inactive
589710,,0,0.0,0,0,0,000,Inactive,Inactive
591804,,0,0.0,0,0,0,000,Inactive,Inactive
591906,,0,0.0,0,0,0,000,Inactive,Inactive
592229,,0,0.0,0,0,0,000,Inactive,Inactive
596143,,0,0.0,0,0,0,000,Inactive,Inactive
598961,,0,0.0,0,0,0,000,Inactive,Inactive
599083,,0,0.0,0,0,0,000,Inactive,Inactive
599777,,0,0.0,0,0,0,000,Inactive,Inactive
599994,,0,0.0,0,0,0,000,Inactive,Inactive
600343,,0,0.0,0,0,0,000,Inactive,Inactive
600885,,0,0.0,0,0,0,000,Inactive,Inactive
601901,,0,0.0,0,0,0,000,Inactive,Inactive
602347,,0,0.0,0,0,0,000,Inactive,Inactive
602407,,0,0.0,0,0,0,000,Inactive,Inactive
602422,,0,0.0,0,0,0,000,Inactive,Inactive
602665,,0,0.0,0,0,0,000,Inactive,Inactive
603309,,0,0.0,0,0,0,000,Inactive,Inactive
603405,,0,0.0,0,0,0,000,Inactive,Inactive
604089,,0,0.0,0,0,0,000,Inactive,Inactive
604127,,0,0.0,0,0,0,000,Inactive,Inactive
605053,,0,0.0,0,0,0,000,Inactive,Inactive
605474,,0,0.0,0,0,0,000,Inactive,Inactive
605686,,0,0.0,0,0,0,000,Inactive,Inactive
605739,,0,0.0,0,0,0,000,Inactive,Inactive
605752,,0,0.0,0,0,0,000,Inactive,Inactive
606036,,0,0.0,0,0,0,000,Inactive,Inactive
606955,,0,0.0,0,0,0,000,Inactive,Inactive
607284,,0,0.0,0,0,0,000,Inactive,Inactive
607737,,0,0.0,0,0,0,000,Inactive,Inactive
608477,,0,0.0,0,0,0,000,Inactive,Inactive
608600,,0,0.0,0,0,0,000,Inactive,Inactive
609136,,0,0.0,0,0,0,000,Inactive,Inactive
609253,,0,0.0,0,0,0,000,Inactive,Inactive
609750,,0,0.0,0,0,0,000,Inactive,Inactive
609993,,0,0.0,0,0,0,000,Inactive,Inactive
610473,,0,0.0,0,0,0,000,Inactive,Inactive
610564,,0,0.0,0,0,0,000,Inactive,Inactive
611010,,0,0.0,0,0,0,000,Inactive,Inactive
611015,,0,0.0,0,0,0,000,Inactive,Inactive
611291,,0,0.0,0,0,0,000,Inactive,Inactive
611570,,0,0.0,0,0,0,000,Inactive,Inactive
612432,,0,0.0,0,0,0,000,Inactive,Inactive
612537,,0,0.0,0,0,0,000,Inactive,Inactive
613394,,0,0.0,0,0,0,000,Inactive,Inactive
613549,,0,0.0,0,0,0,000,Inactive,Inactive
613719,,0,0.0,0,0,0,000,Inactive,Inactive
614244,,0,0.0,0,0,0,000,Inactive,Inactive
616162,,0,0.0,0,0,0,000,Inactive,Inactive
616629,,0,0.0,0,0,0,000,Inactive,Inactive
616891,,0,0.0,0,0,0,000,Inactive,Inactive
617061,,0,0.0,0,0,0,000,Inactive,Inactive
618764,,0,0.0,0,0,0,000,Inactive,Inactive
619574,,0,0.0,0,0,0,000,Inactive,Inactive
619713,,0,0.0,0,0,0,000,Inactive,Inactive
620352,,0,0.0,0,0,0,000,Inactive,Inactive
620399,,0,0.0,0,0,0,000,Inactive,Inactive
620659,,0,0.0,0,0,0,000,Inactive,Inactive
620992,,0,0.0,0,0,0,000,Inactive,Inactive
621906,,0,0.0,0,0,0,000,Inactive,Inactive
622087,,0,0.0,0,0,0,000,Inactive,Inactive
622211,,0,0.0,0,0,0,000,Inactive,Inactive
622527,,0,0.0,0,0,0,000,Inactive,Inactive
623267,,0,0.0,0,0,0,000,Inactive,Inactive
623940,,0,0.0,0,0,0,000,Inactive,Inactive
624109,,0,0.0,0,0,0,000,Inactive,Inactive
625275,,0,0.0,0,0,0,000,Inactive,Inactive
625442,,0,0.0,0,0,0,000,Inactive,Inactive
625725,,0,0.0,0,0,0,000,Inactive,Inactive
625741,,0,0.0,0,0,0,000,Inactive,Inactive
626069,,0,0.0,0,0,0,000,Inactive,Inactive
626519,,0,0.0,0,0,0,000,Inactive,Inactive
626564,,0,0.0,0,0,0,000,Inactive,Inactive
626636,,0,0.0,0,0,0,000,Inactive,Inactive
626665,,0,0.0,0,0,0,000,Inactive,Inactive
628070,,0,0.0,0,0,0,000,Inactive,Inactive
629113,,0,0.0,0,0,0,000,Inactive,Inactive
629651,,0,0.0,0,0,0,000,Inactive,Inactive
630217,,0,0.0,0,0,0,000,Inactive,Inactive
630282,,0,0.0,0,0,0,000,Inactive,Inactive
631235,,0,0.0,0,0,0,000,Inactive,Inactive
631696,,0,0.0,0,0,0,000,Inactive,Inactive
632259,,0,0.0,0,0,0,000,Inactive,Inactive
632448,,0,0.0,0,0,0,000,Inactive,Inactive
632584,,0,0.0,0,0,0,000,Inactive,Inactive
633263,,0,0.0,0,0,0,000,Inactive,Inactive
633738,,0,0.0,0,0,0,000,Inactive,Inactive
634198,,0,0.0,0,0,0,000,Inactive,Inactive
634294,,0,0.0,0,0,0,000,Inactive,Inactive
635054,,0,0.0,0,0,0,000,Inactive,Inactive
635253,,0,0.0,0,0,0,000,Inactive,Inactive
635602,,0,0.0,0,0,0,000,Inactive,Inactive
635651,,0,0.0,0,0,0,000,Inactive,Inactive
635913,,0,0.0,0,0,0,000,Inactive,Inactive
636104,,0,0.0,0,0,0,000,Inactive,Inactive
636310,,0,0.0,0,0,0,000,Inactive,Inactive
636517,,0,0.0,0,0,0,000,Inactive,Inactive
636655,,0,0.0,0,0,0,000,Inactive,Inactive
637008,,0,0.0,0,0,0,000,Inactive,Inactive
637744,,0,0.0,0,0,0,000,Inactive,Inactive
638010,,0,0.0,0,0,0,000,Inactive,Inactive
638674,,0,0.0,0,0,0,000,Inactive,Inactive
639038,,0,0.0,0,0,0,000,Inactive,Inactive
639831,,0,0.0,0,0,0,000,Inactive,Inactive
639956,,0,0.0,0,0,0,000,Inactive,Inactive
639979,,0,0.0,0,0,0,000,Inactive,Inactive
640037,,0,0.0,0,0,0,000,Inactive,Inactive
640210,,0,0.0,0,0,0,000,Inactive,Inactive
640472,,0,0.0,0,0,0,000,Inactive,Inactive
640746,,0,0.0,0,0,0,000,Inactive,Inactive
640851,,0,0.0,0,0,0,000,Inactive,Inactive
640953,,0,0.0,0,0,0,000,Inactive,Inactive
641871,,0,0.0,0,0,0,000,Inactive,Inactive
642859,,0,0.0,0,0,0,000,Inactive,Inactive
642878,,0,0.0,0,0,0,000,Inactive,Inactive
643261,,0,0.0,0,0,0,000,Inactive,Inactive
643400,,0,0.0,0,0,0,000,Inactive,Inactive
643744,,0,0.0,0,0,0,000,Inactive,Inactive
645673,,0,0.0,0,0,0,000,Inactive,Inactive
646301,,0,0.0,0,0,0,000,Inactive,Inactive
646476,,0,0.0,0,0,0,000,Inactive,Inactive
647425,,0,0.0,0,0,0,000,Inactive,Inactive
648006,,0,0.0,0,0,0,000,Inactive,Inactive
648370,,0,0.0,0,0,0,000,Inactive,Inactive
648664,,0,0.0,0,0,0,000,Inactive,Inactive
648911,,0,0.0,0,0,0,000,Inactive,Inactive
649098,,0,0.0,0,0,0,000,Inactive,Inactive
649475,,0,0.0,0,0,0,000,Inactive,Inactive
649515,,0,0.0,0,0,0,000,Inactive,Inactive
649641,,0,0.0,0,0,0,000,Inactive,Inactive
650695,,0,0.0,0,0,0,000,Inactive,Inactive
650789,,0,0.0,0,0,0,000,Inactive,Inactive
651118,,0,0.0,0,0,0,000,Inactive,Inactive
651125,,0,0.0,0,0,0,000,Inactive,Inactive
651145,,0,0.0,0,0,0,000,Inactive,Inactive
651996,,0,0.0,0,0,0,000,Inactive,Inactive
652114,,0,0.0,0,0,0,000,Inactive,Inactive
652645,,0,0.0,0,0,0,000,Inactive,Inactive
653941,,0,0.0,0,0,0,000,Inactive,Inactive
653971,,0,0.0,0,0,0,000,Inactive,Inactive
654658,,0,0.0,0,0,0,000,Inactive,Inactive
654908,,0,0.0,0,0,0,000,Inactive,Inactive
655272,,0,0.0,0,0,0,000,Inactive,Inactive
655432,,0,0.0,0,0,0,000,Inactive,Inactive
656331,,0,0.0,0,0,0,000,Inactive,Inactive
656569,,0,0.0,0,0,0,000,Inactive,Inactive
656712,,0,0.0,0,0,0,000,Inactive,Inactive
658090,,0,0.0,0,0,0,000,Inactive,Inactive
658750,,0,0.0,0,0,0,000,Inactive,Inactive
659567,,0,0.0,0,0,0,000,Inactive,Inactive
659899,,0,0.0,0,0,0,000,Inactive,Inactive
660604,,0,0.0,0,0,0,000,Inactive,Inactive
661359,,0,0.0,0,0,0,000,Inactive,Inactive
661606,,0,0.0,0,0,0,000,Inactive,Inactive
662681,,0,0.0,0,0,0,000,Inactive,Inactive
662816,,0,0.0,0,0,0,000,Inactive,Inactive
663025,,0,0.0,0,0,0,000,Inactive,Inactive
663202,,0,0.0,0,0,0,000,Inactive,Inactive
663613,,0,0.0,0,0,0,000,Inactive,Inactive
663768,,0,0.0,0,0,0,000,Inactive,Inactive
664086,,0,0.0,0,0,0,000,Inactive,Inactive
664116,,0,0.0,0,0,0,000,Inactive,Inactive
664585,,0,0.0,0,0,0,000,Inactive,Inactive
664632,,0,0.0,0,0,0,000,Inactive,Inactive
665222,,0,0.0,0,0,0,000,Inactive,Inactive
665437,,0,0.0,0,0,0,000,Inactive,Inactive
666515,,0,0.0,0,0,0,000,Inactive,Inactive
666801,,0,0.0,0,0,0,000,Inactive,Inactive
667069,,0,0.0,0,0,0,000,Inactive,Inactive
667168,,0,0.0,0,0,0,000,Inactive,Inactive
667496,,0,0.0,0,0,0,000,Inactive,Inactive
669505,,0,0.0,0,0,0,000,Inactive,Inactive
669524,,0,0.0,0,0,0,000,Inactive,Inactive
669726,,0,0.0,0,0,0,000,Inactive,Inactive
670016,,0,0.0,0,0,0,000,Inactive,Inactive
670613,,0,0.0,0,0,0,000,Inactive,Inactive
670724,,0,0.0,0,0,0,000,Inactive,Inactive
670996,,0,0.0,0,0,0,000,Inactive,Inactive
671075,,0,0.0,0,0,0,000,Inactive,Inactive
671619,,0,0.0,0,0,0,000,Inactive,Inactive
672546,,0,0.0,0,0,0,000,Inactive,Inactive
672856,,0,0.0,0,0,0,000,Inactive,Inactive
673337,,0,0.0,0,0,0,000,Inactive,Inactive
673591,,0,0.0,0,0,0,000,Inactive,Inactive
673770,,0,0.0,0,0,0,000,Inactive,Inactive
674015,,0,0.0,0,0,0,000,Inactive,Inactive
674161,,0,0.0,0,0,0,000,Inactive,Inactive
674223,,0,0.0,0,0,0,000,Inactive,Inactive
674234,,0,0.0,0,0,0,000,Inactive,Inactive
675045,,0,0.0,0,0,0,000,Inactive,Inactive
675720,,0,0.0,0,0,0,000,Inactive,Inactive
676028,,0,0.0,0,0,0,000,Inactive,Inactive
676614,,0,0.0,0,0,0,000,Inactive,Inactive
676783,,0,0.0,0,0,0,000,Inactive,Inactive
677175,,0,0.0,0,0,0,000,Inactive,Inactive
677238,,0,0.0,0,0,0,000,Inactive,Inactive
677966,,0,0.0,0,0,0,000,Inactive,Inactive
678075,,0,0.0,0,0,0,000,Inactive,Inactive
678256,,0,0.0,0,0,0,000,Inactive,Inactive
679134,,0,0.0,0,0,0,000,Inactive,Inactive
679714,,0,0.0,0,0,0,000,Inactive,Inactive
680201,,0,0.0,0,0,0,000,Inactive,Inactive
680571,,0,0.0,0,0,0,000,Inactive,Inactive
680795,,0,0.0,0,0,0,000,Inactive,Inactive
680904,,0,0.0,0,0,0,000,Inactive,Inactive
681025,,0,0.0,0,0,0,000,Inactive,Inactive
681762,,0,0.0,0,0,0,000,Inactive,Inactive
682570,,0,0.0,0,0,0,000,Inactive,Inactive
682803,,0,0.0,0,0,0,000,Inactive,Inactive
684131,,0,0.0,0,0,0,000,Inactive,Inactive
685016,,0,0.0,0,0,0,000,Inactive,Inactive
685809,,0,0.0,0,0,0,000,Inactive,Inactive
686333,,0,0.0,0,0,0,000,Inactive,Inactive
686863,,0,0.0,0,0,0,000,Inactive,Inactive
687475,,0,0.0,0,0,0,000,Inactive,Inactive
687949,,0,0.0,0,0,0,000,Inactive,Inactive
689879,,0,0.0,0,0,0,000,Inactive,Inactive
690019,,0,0.0,0,0,0,000,Inactive,Inactive
690811,,0,0.0,0,0,0,000,Inactive,Inactive
691117,,0,0.0,0,0,0,000,Inactive,Inactive
692410,,0,0.0,0,0,0,000,Inactive,Inactive
692629,,0,0.0,0,0,0,000,Inactive,Inactive
692655,,0,0.0,0,0,0,000,Inactive,Inactive
693192,,0,0.0,0,0,0,000,Inactive,Inactive
693577,,0,0.0,0,0,0,000,Inactive,Inactive
695035,,0,0.0,0,0,0,000,Inactive,Inactive
696060,,0,0.0,0,0,0,000,Inactive,Inactive
696406,,0,0.0,0,0,0,000,Inactive,Inactive
696567,,0,0.0,0,0,0,000,Inactive,Inactive
696590,,0,0.0,0,0,0,000,Inactive,Inactive
696600,,0,0.0,0,0,0,000,Inactive,Inactive
696756,,0,0.0,0,0,0,000,Inactive,Inactive
696937,,0,0.0,0,0,0,000,Inactive,Inactive
697393,,0,0.0,0,0,0,000,Inactive,Inactive
698036,,0,0.0,0,0,0,000,Inactive,Inactive
698055,,0,0.0,0,0,0,000,Inactive,Inactive
698159,,0,0.0,0,0,0,000,Inactive,Inactive
698488,,0,0.0,0,0,0,000,Inactive,Inactive
698517,,0,0.0,0,0,0,000,Inactive,Inactive
698538,,0,0.0,0,0,0,000,Inactive,Inactive
699486,,0,0.0,0,0,0,000,Inactive,Inactive
699864,,0,0.0,0,0,0,000,Inactive,Inactive
700309,,0,0.0,0,0,0,000,Inactive,Inactive
701368,,0,0.0,0,0,0,000,Inactive,Inactive
702602,,0,0.0,0,0,0,000,Inactive,Inactive
704034,,0,0.0,0,0,0,000,Inactive,Inactive
704242,,0,0.0,0,0,0,000,Inactive,Inactive
705889,,0,0.0,0,0,0,000,Inactive,Inactive
707986,,0,0.0,0,0,0,000,Inactive,Inactive
709043,,0,0.0,0,0,0,000,Inactive,Inactive
709262,,0,0.0,0,0,0,000,Inactive,Inactive
709684,,0,0.0,0,0,0,000,Inactive,Inactive
709785,,0,0.0,0,0,0,000,Inactive,Inactive
710062,,0,0.0,0,0,0,000,Inactive,Inactive
710500,,0,0.0,0,0,0,000,Inactive,Inactive
713229,,0,0.0,0,0,0,000,Inactive,Inactive
715459,,0,0.0,0,0,0,000,Inactive,Inactive
715903,,0,0.0,0,0,0,000,Inactive,Inactive
716672,,0,0.0,0,0,0,000,Inactive,Inactive
717437,,0,0.0,0,0,0,000,Inactive,Inactive
718397,,0,0.0,0,0,0,000,Inactive,Inactive
718695,,0,0.0,0,0,0,000,Inactive,Inactive
718997,,0,0.0,0,0,0,000,Inactive,Inactive
719411,,0,0.0,0,0,0,000,Inactive,Inactive
720034,,0,0.0,0,0,0,000,Inactive,Inactive
720845,,0,0.0,0,0,0,000,Inactive,Inactive
722550,,0,0.0,0,0,0,000,Inactive,Inactive
723189,,0,0.0,0,0,0,000,Inactive,Inactive
724179,,0,0.0,0,0,0,000,Inactive,Inactive
724954,,0,0.0,0,0,0,000,Inactive,Inactive
725053,,0,0.0,0,0,0,000,Inactive,Inactive
725150,,0,0.0,0,0,0,000,Inactive,Inactive
725358,,0,0.0,0,0,0,000,Inactive,Inactive
725372,,0,0.0,0,0,0,000,Inactive,Inactive
727604,,0,0.0,0,0,0,000,Inactive,Inactive
727710,,0,0.0,0,0,0,000,Inactive,Inactive
729139,,0,0.0,0,0,0,000,Inactive,Inactive
734633,,0,0.0,0,0,0,000,Inactive,Inactive
735651,,0,0.0,0,0,0,000,Inactive,Inactive
737469,,0,0.0,0,0,0,000,Inactive,Inactive
738919,,0,0.0,0,0,0,000,Inactive,Inactive
739573,,0,0.0,0,0,0,000,Inactive,Inactive
742042,,0,0.0,0,0,0,000,Inactive,Inactive
742120,,0,0.0,0,0,0,000,Inactive,Inactive
742239,,0,0.0,0,0,0,000,Inactive,Inactive
742408,,0,0.0,0,0,0,000,Inactive,Inactive
742596,,0,0.0,0,0,0,000,Inactive,Inactive
743507,,0,0.0,0,0,0,000,Inactive,Inactive
743762,,0,0.0,0,0,0,000,Inactive,Inactive
745544,,0,0.0,0,0,0,000,Inactive,Inactive
746008,,0,0.0,0,0,0,000,Inactive,Inactive
746828,,0,0.0,0,0,0,000,Inactive,Inactive
747435,,0,0.0,0,0,0,000,Inactive,Inactive
748459,,0,0.0,0,0,0,000,Inactive,Inactive
750656,,0,0.0,0,0,0,000,Inactive,Inactive
750900,,0,0.0,0,0,0,000,Inactive,Inactive
751405,,0,0.0,0,0,0,000,Inactive,Inactive
752582,,0,0.0,0,0,0,000,Inactive,Inactive
753684,,0,0.0,0,0,0,000,Inactive,Inactive
754412,,0,0.0,0,0,0,000,Inactive,Inactive
754773,,0,0.0,0,0,0,000,Inactive,Inactive
757270,,0,0.0,0,0,0,000,Inactive,Inactive
758690,,0,0.0,0,0,0,000,Inactive,Inactive
759566,,0,0.0,0,0,0,000,Inactive,Inactive
759780,,0,0.0,0,0,0,000,Inactive,Inactive
760377,,0,0.0,0,0,0,000,Inactive,Inactive
761197,,0,0.0,0,0,0,000,Inactive,Inactive
761687,,0,0.0,0,0,0,000,Inactive,Inactive
762315,,0,0.0,0,0,0,000,Inactive,Inactive
762483,,0,0.0,0,0,0,000,Inactive,Inactive
765374,,0,0.0,0,0,0,000,Inactive,Inactive
765945,,0,0.0,0,0,0,000,Inactive,Inactive
766456,,0,0.0,0,0,0,000,Inactive,Inactive
766535,,0,0.0,0,0,0,000,Inactive,Inactive
767055,,0,0.0,0,0,0,000,Inactive,Inactive
767263,,0,0.0,0,0,0,000,Inactive,Inactive
767692,,0,0.0,0,0,0,000,Inactive,Inactive
767821,,0,0.0,0,0,0,000,Inactive,Inactive
769833,,0,0.0,0,0,0,000,Inactive,Inactive
774726,,0,0.0,0,0,0,000,Inactive,Inactive
775557,,0,0.0,0,0,0,000,Inactive,Inactive
775867,,0,0.0,0,0,0,000,Inactive,Inactive
776083,,0,0.0,0,0,0,000,Inactive,Inactive
776961,,0,0.0,0,0,0,000,Inactive,Inactive
777338,,0,0.0,0,0,0,000,Inactive,Inactive
777412,,0,0.0,0,0,0,000,Inactive,Inactive
778847,,0,0.0,0,0,0,000,Inactive,Inactive
780091,,0,0.0,0,0,0,000,Inactive,Inactive
781795,,0,0.0,0,0,0,000,Inactive,Inactive
782934,,0,0.0,0,0,0,000,Inactive,Inactive
783166,,0,0.0,0,0,0,000,Inactive,Inactive
783336,,0,0.0,0,0,0,000,Inactive,Inactive
783405,,0,0.0,0,0,0,000,Inactive,Inactive
783645,,0,0.0,0,0,0,000,Inactive,Inactive
783763,,0,0.0,0,0,0,000,Inactive,Inactive
783886,,0,0.0,0,0,0,000,Inactive,Inactive
784393,,0,0.0,0,0,0,000,Inactive,Inactive
785215,,0,0.0,0,0,0,000,Inactive,Inactive
786218,,0,0.0,0,0,0,000,Inactive,Inactive
786821,,0,0.0,0,0,0,000,Inactive,Inactive
787839,,0,0.0,0,0,0,000,Inactive,Inactive
788230,,0,0.0,0,0,0,000,Inactive,Inactive
788416,,0,0.0,0,0,0,000,Inactive,Inactive
788645,,0,0.0,0,0,0,000,Inactive,Inactive
789828,,0,0.0,0,0,0,000,Inactive,Inactive
791209,,0,0.0,0,0,0,000,Inactive,Inactive
792023,,0,0.0,0,0,0,000,Inactive,Inactive
792990,,0,0.0,0,0,0,000,Inactive,Inactive
793334,,0,0.0,0,0,0,000,Inactive,Inactive
793612,,0,0.0,0,0,0,000,Inactive,Inactive
793974,,0,0.0,0,0,0,000,Inactive,Inactive
794456,,0,0.0,0,0,0,000,Inactive,Inactive
795817,,0,0.0,0,0,0,000,Inactive,Inactive
796620,,0,0.0,0,0,0,000,Inactive,Inactive
796865,,0,0.0,0,0,0,000,Inactive,Inactive
798869,,0,0.0,0,0,0,000,Inactive,Inactive
799112,,0,0.0,0,0,0,000,Inactive,Inactive
800737,,0,0.0,0,0,0,000,Inactive,Inactive
801710,,0,0.0,0,0,0,000,Inactive,Inactive
802035,,0,0.0,0,0,0,000,Inactive,Inactive
802697,,0,0.0,0,0,0,000,Inactive,Inactive
803711,,0,0.0,0,0,0,000,Inactive,Inactive
803774,,0,0.0,0,0,0,000,Inactive,Inactive
803999,,0,0.0,0,0,0,000,Inactive,Inactive
804423,,0,0.0,0,0,0,000,Inactive,Inactive
804595,,0,0.0,0,0,0,000,Inactive,Inactive
804981,,0,0.0,0,0,0,000,Inactive,Inactive
805188,,0,0.0,0,0,0,000,Inactive,Inactive
805262,,0,0.0,0,0,0,000,Inactive,Inactive
805373,,0,0.0,0,0,0,000,Inactive,Inactive
805576,,0,0.0,0,0,0,000,Inactive,Inactive
805695,,0,0.0,0,0,0,000,Inactive,Inactive
807067,,0,0.0,0,0,0,000,Inactive,Inactive
808735,,0,0.0,0,0,0,000,Inactive,Inactive
809001,,0,0.0,0,0,0,000,Inactive,Inactive
809725,,0,0.0,0,0,0,000,Inactive,Inactive
810814,,0,0.0,0,0,0,000,Inactive,Inactive
811006,,0,0.0,0,0,0,000,Inactive,Inactive
811476,,0,0.0,0,0,0,000,Inactive,Inactive
812364,,0,0.0,0,0,0,000,Inactive,Inactive
812965,,0,0.0,0,0,0,000,Inactive,Inactive
813135,,0,0.0,0,0,0,000,Inactive,Inactive
813584,,0,0.0,0,0,0,000,Inactive,Inactive
814123,,0,0.0,0,0,0,000,Inactive,Inactive
814140,,0,0.0,0,0,0,000,Inactive,Inactive
814233,,0,0.0,0,0,0,000,Inactive,Inactive
814529,,0,0.0,0,0,0,000,Inactive,Inactive
814970,,0,0.0,0,0,0,000,Inactive,Inactive
815310,,0,0.0,0,0,0,000,Inactive,Inactive
816106,,0,0.0,0,0,0,000,Inactive,Inactive
816615,,0,0.0,0,0,0,000,Inactive,Inactive
816695,,0,0.0,0,0,0,000,Inactive,Inactive
816929,,0,0.0,0,0,0,000,Inactive,Inactive
818098,,0,0.0,0,0,0,000,Inactive,Inactive
818137,,0,0.0,0,0,0,000,Inactive,Inactive
818404,,0,0.0,0,0,0,000,Inactive,Inactive
818453,,0,0.0,0,0,0,000,Inactive,Inactive
818545,,0,0.0,0,0,0,000,Inactive,Inactive
819052,,0,0.0,0,0,0,000,Inactive,Inactive
819157,,0,0.0,0,0,0,000,Inactive,Inactive
820357,,0,0.0,0,0,0,000,Inactive,Inactive
820822,,0,0.0,0,0,0,000,Inactive,Inactive
821764,,0,0.0,0,0,0,000,Inactive,Inactive
821915,,0,0.0,0,0,0,000,Inactive,Inactive
822262,,0,0.0,0,0,0,000,Inactive,Inactive
822686,,0,0.0,0,0,0,000,Inactive,Inactive
822776,,0,0.0,0,0,0,000,Inactive,Inactive
823278,,0,0.0,0,0,0,000,Inactive,Inactive
823699,,0,0.0,0,0,0,000,Inactive,Inactive
825098,,0,0.0,0,0,0,000,Inactive,Inactive
826058,,0,0.0,0,0,0,000,Inactive,Inactive
826222,,0,0.0,0,0,0,000,Inactive,Inactive
826354,,0,0.0,0,0,0,000,Inactive,Inactive
826514,,0,0.0,0,0,0,000,Inactive,Inactive
827166,,0,0.0,0,0,0,000,Inactive,Inactive
827352,,0,0.0,0,0,0,000,Inactive,Inactive
828051,,0,0.0,0,0,0,000,Inactive,Inactive
828400,,0,0.0,0,0,0,000,Inactive,Inactive
830129,,0,0.0,0,0,0,000,Inactive,Inactive
830166,,0,0.0,0,0,0,000,Inactive,Inactive
830202,,0,0.0,0,0,0,000,Inactive,Inactive
830272,,0,0.0,0,0,0,000,Inactive,Inactive
830463,,0,0.0,0,0,0,000,Inactive,Inactive
830901,,0,0.0,0,0,0,000,Inactive,Inactive
831130,,0,0.0,0,0,0,000,Inactive,Inactive
831370,,0,0.0,0,0,0,000,Inactive,Inactive
831385,,0,0.0,0,0,0,000,Inactive,Inactive
831398,,0,0.0,0,0,0,000,Inactive,Inactive
832262,,0,0.0,0,0,0,000,Inactive,Inactive
832912,,0,0.0,0,0,0,000,Inactive,Inactive
833478,,0,0.0,0,0,0,000,Inactive,Inactive
833763,,0,0.0,0,0,0,000,Inactive,Inactive
834134,,0,0.0,0,0,0,000,Inactive,Inactive
834325,,0,0.0,0,0,0,000,Inactive,Inactive
834571,,0,0.0,0,0,0,000,Inactive,Inactive
834697,,0,0.0,0,0,0,000,Inactive,Inactive
835177,,0,0.0,0,0,0,000,Inactive,Inactive
835761,,0,0.0,0,0,0,000,Inactive,Inactive
836312,,0,0.0,0,0,0,000,Inactive,Inactive
837080,,0,0.0,0,0,0,000,Inactive,Inactive
837101,,0,0.0,0,0,0,000,Inactive,Inactive
837714,,0,0.0,0,0,0,000,Inactive,Inactive
838454,,0,0.0,0,0,0,000,Inactive,Inactive
838654,,0,0.0,0,0,0,000,Inactive,Inactive
838774,,0,0.0,0,0,0,000,Inactive,Inactive
839590,,0,0.0,0,0,0,000,Inactive,Inactive
839832,,0,0.0,0,0,0,000,Inactive,Inactive
840311,,0,0.0,0,0,0,000,Inactive,Inactive
840601,,0,0.0,0,0,0,000,Inactive,Inactive
840847,,0,0.0,0,0,0,000,Inactive,Inactive
840855,,0,0.0,0,0,0,000,Inactive,Inactive
841840,,0,0.0,0,0,0,000,Inactive,Inactive
842514,,0,0.0,0,0,0,000,Inactive,Inactive
842539,,0,0.0,0,0,0,000,Inactive,Inactive
842584,,0,0.0,0,0,0,000,Inactive,Inactive
843307,,0,0.0,0,0,0,000,Inactive,Inactive
843686,,0,0.0,0,0,0,000,Inactive,Inactive
844011,,0,0.0,0,0,0,000,Inactive,Inactive
844714,,0,0.0,0,0,0,000,Inactive,Inactive
844862,,0,0.0,0,0,0,000,Inactive,Inactive
845401,,0,0.0,0,0,0,000,Inactive,Inactive
846011,,0,0.0,0,0,0,000,Inactive,Inactive
846382,,0,0.0,0,0,0,000,Inactive,Inactive
846799,,0,0.0,0,0,0,000,Inactive,Inactive
847877,,0,0.0,0,0,0,000,Inactive,Inactive
848037,,0,0.0,0,0,0,000,Inactive,Inactive
848878,,0,0.0,0,0,0,000,Inactive,Inactive
849113,,0,0.0,0,0,0,000,Inactive,Inactive
849119,,0,0.0,0,0,0,000,Inactive,Inactive
849490,,0,0.0,0,0,0,000,Inactive,Inactive
849604,,0,0.0,0,0,0,000,Inactive,Inactive
850299,,0,0.0,0,0,0,000,Inactive,Inactive
851023,,0,0.0,0,0,0,000,Inactive,Inactive
851095,,0,0.0,0,0,0,000,Inactive,Inactive
851654,,0,0.0,0,0,0,000,Inactive,Inactive
851797,,0,0.0,0,0,0,000,Inactive,Inactive
852502,,0,0.0,0,0,0,000,Inactive,Inactive
852859,,0,0.0,0,0,0,000,Inactive,Inactive
854622,,0,0.0,0,0,0,000,Inactive,Inactive
854688,,0,0.0,0,0,0,000,Inactive,Inactive
854932,,0,0.0,0,0,0,000,Inactive,Inactive
855192,,0,0.0,0,0,0,000,Inactive,Inactive
855195,,0,0.0,0,0,0,000,Inactive,Inactive
857231,,0,0.0,0,0,0,000,Inactive,Inactive
857604,,0,0.0,0,0,0,000,Inactive,Inactive
858620,,0,0.0,0,0,0,000,Inactive,Inactive
858959,,0,0.0,0,0,0,000,Inactive,Inactive
862441,,0,0.0,0,0,0,000,Inactive,Inactive
862573,,0,0.0,0,0,0,000,Inactive,Inactive
863041,,0,0.0,0,0,0,000,Inactive,Inactive
863138,,0,0.0,0,0,0,000,Inactive,Inactive
863192,,0,0.0,0,0,0,000,Inactive,Inactive
863429,,0,0.0,0,0,0,000,Inactive,Inactive
864569,,0,0.0,0,0,0,000,Inactive,Inactive
864815,,0,0.0,0,0,0,000,Inactive,Inactive
865065,,0,0.0,0,0,0,000,Inactive,Inactive
865848,,0,0.0,0,0,0,000,Inactive,Inactive
865864,,0,0.0,0,0,0,000,Inactive,Inactive
866583,,0,0.0,0,0,0,000,Inactive,Inactive
867096,,0,0.0,0,0,0,000,Inactive,Inactive
868290,,0,0.0,0,0,0,000,Inactive,Inactive
868703,,0,0.0,0,0,0,000,Inactive,Inactive
868743,,0,0.0,0,0,0,000,Inactive,Inactive
868827,,0,0.0,0,0,0,000,Inactive,Inactive
869116,,0,0.0,0,0,0,000,Inactive,Inactive
869885,,0,0.0,0,0,0,000,Inactive,Inactive
870062,,0,0.0,0,0,0,000,Inactive,Inactive
870079,,0,0.0,0,0,0,000,Inactive,Inactive
870271,,0,0.0,0,0,0,000,Inactive,Inactive
870613,,0,0.0,0,0,0,000,Inactive,Inactive
870820,,0,0.0,0,0,0,000,Inactive,Inactive
871641,,0,0.0,0,0,0,000,Inactive,Inactive
871947,,0,0.0,0,0,0,000,Inactive,Inactive
873069,,0,0.0,0,0,0,000,Inactive,Inactive
873584,,0,0.0,0,0,0,000,Inactive,Inactive
876947,,0,0.0,0,0,0,000,Inactive,Inactive
879136,,0,0.0,0,0,0,000,Inactive,Inactive
879156,,0,0.0,0,0,0,000,Inactive,Inactive
880064,,0,0.0,0,0,0,000,Inactive,Inactive
880587,,0,0.0,0,0,0,000,Inactive,Inactive
881120,,0,0.0,0,0,0,000,Inactive,Inactive
881275,,0,0.0,0,0,0,000,Inactive,Inactive
881593,,0,0.0,0,0,0,000,Inactive,Inactive
881859,,0,0.0,0,0,0,000,Inactive,Inactive
882920,,0,0.0,0,0,0,000,Inactive,Inactive
882930,,0,0.0,0,0,0,000,Inactive,Inactive
883134,,0,0.0,0,0,0,000,Inactive,Inactive
883582,,0,0.0,0,0,0,000,Inactive,Inactive
883840,,0,0.0,0,0,0,000,Inactive,Inactive
884236,,0,0.0,0,0,0,000,Inactive,Inactive
884961,,0,0.0,0,0,0,000,Inactive,Inactive
885360,,0,0.0,0,0,0,000,Inactive,Inactive
886136,,0,0.0,0,0,0,000,Inactive,Inactive
886250,,0,0.0,0,0,0,000,Inactive,Inactive
886266,,0,0.0,0,0,0,000,Inactive,Inactive
887381,,0,0.0,0,0,0,000,Inactive,Inactive
887426,,0,0.0,0,0,0,000,Inactive,Inactive
887571,,0,0.0,0,0,0,000,Inactive,Inactive
890348,,0,0.0,0,0,0,000,Inactive,Inactive
891068,,0,0.0,0,0,0,000,Inactive,Inactive
891689,,0,0.0,0,0,0,000,Inactive,Inactive
891733,,0,0.0,0,0,0,000,Inactive,Inactive
891805,,0,0.0,0,0,0,000,Inactive,Inactive
892457,,0,0.0,0,0,0,000,Inactive,Inactive
892725,,0,0.0,0,0,0,000,Inactive,Inactive
893256,,0,0.0,0,0,0,000,Inactive,Inactive
894291,,0,0.0,0,0,0,000,Inactive,Inactive
894366,,0,0.0,0,0,0,000,Inactive,Inactive
894590,,0,0.0,0,0,0,000,Inactive,Inactive
894610,,0,0.0,0,0,0,000,Inactive,Inactive
894987,,0,0.0,0,0,0,000,Inactive,Inactive
895008,,0,0.0,0,0,0,000,Inactive,Inactive
895997,,0,0.0,0,0,0,000,Inactive,Inactive
896221,,0,0.0,0,0,0,000,Inactive,Inactive
896855,,0,0.0,0,0,0,000,Inactive,Inactive
897432,,0,0.0,0,0,0,000,Inactive,Inactive
900827,,0,0.0,0,0,0,000,Inactive,Inactive
902361,,0,0.0,0,0,0,000,Inactive,Inactive
903629,,0,0.0,0,0,0,000,Inactive,Inactive
904480,,0,0.0,0,0,0,000,Inactive,Inactive
905552,,0,0.0,0,0,0,000,Inactive,Inactive
907007,,0,0.0,0,0,0,000,Inactive,Inactive
908283,,0,0.0,0,0,0,000,Inactive,Inactive
909253,,0,0.0,0,0,0,000,Inactive,Inactive
909828,,0,0.0,0,0,0,000,Inactive,Inactive
909906,,0,0.0,0,0,0,000,Inactive,Inactive
911045,,0,0.0,0,0,0,000,Inactive,Inactive
911088,,0,0.0,0,0,0,000,Inactive,Inactive
911452,,0,0.0,0,0,0,000,Inactive,Inactive
912120,,0,0.0,0,0,0,000,Inactive,Inactive
912150,,0,0.0,0,0,0,000,Inactive,Inactive
912627,,0,0.0,0,0,0,000,Inactive,Inactive
912954,,0,0.0,0,0,0,000,Inactive,Inactive
913777,,0,0.0,0,0,0,000,Inactive,Inactive
913808,,0,0.0,0,0,0,000,Inactive,Inactive
914370,,0,0.0,0,0,0,000,Inactive,Inactive
916249,,0,0.0,0,0,0,000,Inactive,Inactive
916367,,0,0.0,0,0,0,000,Inactive,Inactive
916487,,0,0.0,0,0,0,000,Inactive,Inactive
916814,,0,0.0,0,0,0,000,Inactive,Inactive
917380,,0,0.0,0,0,0,000,Inactive,Inactive
918685,,0,0.0,0,0,0,000,Inactive,Inactive
918744,,0,0.0,0,0,0,000,Inactive,Inactive
919370,,0,0.0,0,0,0,000,Inactive,Inactive
919906,,0,0.0,0,0,0,000,Inactive,Inactive
921143,,0,0.0,0,0,0,000,Inactive,Inactive
921607,,0,0.0,0,0,0,000,Inactive,Inactive
924598,,0,0.0,0,0,0,000,Inactive,Inactive
924674,,0,0.0,0,0,0,000,Inactive,Inactive
928520,,0,0.0,0,0,0,000,Inactive,Inactive
929066,,0,0.0,0,0,0,000,Inactive,Inactive
929346,,0,0.0,0,0,0,000,Inactive,Inactive
929470,,0,0.0,0,0,0,000,Inactive,Inactive
930700,,0,0.0,0,0,0,000,Inactive,Inactive
930923,,0,0.0,0,0,0,000,Inactive,Inactive
931973,,0,0.0,0,0,0,000,Inactive,Inactive
932534,,0,0.0,0,0,0,000,Inactive,Inactive
933168,,0,0.0,0,0,0,000,Inactive,Inactive
933241,,0,0.0,0,0,0,000,Inactive,Inactive
934161,,0,0.0,0,0,0,000,Inactive,Inactive
935047,,0,0.0,0,0,0,000,Inactive,Inactive
937722,,0,0.0,0,0,0,000,Inactive,Inactive
938788,,0,0.0,0,0,0,000,Inactive,Inactive
939019,,0,0.0,0,0,0,000,Inactive,Inactive
939116,,0,0.0,0,0,0,000,Inactive,Inactive
939504,,0,0.0,0,0,0,000,Inactive,Inactive
939953,,0,0.0,0,0,0,000,Inactive,Inactive
940282,,0,0.0,0,0,0,000,Inactive,Inactive
942817,,0,0.0,0,0,0,000,Inactive,Inactive
943293,,0,0.0,0,0,0,000,Inactive,Inactive
943470,,0,0.0,0,0,0,000,Inactive,Inactive
944154,,0,0.0,0,0,0,000,Inactive,Inactive
945002,,0,0.0,0,0,0,000,Inactive,Inactive
945756,,0,0.0,0,0,0,000,Inactive,Inactive
945880,,0,0.0,0,0,0,000,Inactive,Inactive
946241,,0,0.0,0,0,0,000,Inactive,Inactive
947891,,0,0.0,0,0,0,000,Inactive,Inactive
947995,,0,0.0,0,0,0,000,Inactive,Inactive
948846,,0,0.0,0,0,0,000,Inactive,Inactive
949054,,0,0.0,0,0,0,000,Inactive,Inactive
949089,,0,0.0,0,0,0,000,Inactive,Inactive
949246,,0,0.0,0,0,0,000,Inactive,Inactive
949330,,0,0.0,0,0,0,000,Inactive,Inactive
949426,,0,0.0,0,0,0,000,Inactive,Inactive
949539,,0,0.0,0,0,0,000,Inactive,Inactive
949636,,0,0.0,0,0,0,000,Inactive,Inactive
950408,,0,0.0,0,0,0,000,Inactive,Inactive
952285,,0,0.0,0,0,0,000,Inactive,Inactive
952924,,0,0.0,0,0,0,000,Inactive,Inactive
953947,,0,0.0,0,0,0,000,Inactive,Inactive
953998,,0,0.0,0,0,0,000,Inactive,Inactive
954452,,0,0.0,0,0,0,000,Inactive,Inactive
955170,,0,0.0,0,0,0,000,Inactive,Inactive
955962,,0,0.0,0,0,0,000,Inactive,Inactive
956527,,0,0.0,0,0,0,000,Inactive,Inactive
956614,,0,0.0,0,0,0,000,Inactive,Inactive
956648,,0,0.0,0,0,0,000,Inactive,Inactive
960618,,0,0.0,0,0,0,000,Inactive,Inactive
960767,,0,0.0,0,0,0,000,Inactive,Inactive
961239,,0,0.0,0,0,0,000,Inactive,Inactive
962156,,0,0.0,0,0,0,000,Inactive,Inactive
963812,,0,0.0,0,0,0,000,Inactive,Inactive
965344,,0,0.0,0,0,0,000,Inactive,Inactive
966133,,0,0.0,0,0,0,000,Inactive,Inactive
967309,,0,0.0,0,0,0,000,Inactive,Inactive
969093,,0,0.0,0,0,0,000,Inactive,Inactive
969428,,0,0.0,0,0,0,000,Inactive,Inactive
970441,,0,0.0,0,0,0,000,Inactive,Inactive
970585,,0,0.0,0,0,0,000,Inactive,Inactive
971940,,0,0.0,0,0,0,000,Inactive,Inactive
972212,,0,0.0,0,0,0,000,Inactive,Inactive
972947,,0,0.0,0,0,0,000,Inactive,Inactive
974345,,0,0.0,0,0,0,000,Inactive,Inactive
975361,,0,0.0,0,0,0,000,Inactive,Inactive
975548,,0,0.0,0,0,0,000,Inactive,Inactive
976240,,0,0.0,0,0,0,000,Inactive,Inactive
976964,,0,0.0,0,0,0,000,Inactive,Inactive
977379,,0,0.0,0,0,0,000,Inactive,Inactive
980388,,0,0.0,0,0,0,000,Inactive,Inactive
980577,,0,0.0,0,0,0,000,Inactive,Inactive
980790,,0,0.0,0,0,0,000,Inactive,Inactive
982430,,0,0.0,0,0,0,000,Inactive,Inactive
982941,,0,0.0,0,0,0,000,Inactive,Inactive
983137,,0,0.0,0,0,0,000,Inactive,Inactive
983643,,0,0.0,0,0,0,000,Inactive,Inactive
985184,,0,0.0,0,0,0,000,Inactive,Inactive
985951,,0,0.0,0,0,0,000,Inactive,Inactive
986467,,0,0.0,0,0,0,000,Inactive,Inactive
987997,,0,0.0,0,0,0,000,Inactive,Inactive
988098,,0,0.0,0,0,0,000,Inactive,Inactive
988286,,0,0.0,0,0,0,000,Inactive,Inactive
988613,,0,0.0,0,0,0,000,Inactive,Inactive
989669,,0,0.0,0,0,0,000,Inactive,Inactive
989781,,0,0.0,0,0,0,000,Inactive,Inactive
990858,,0,0.0,0,0,0,000,Inactive,Inactive
991951,,0,0.0,0,0,0,000,Inactive,Inactive
991991,,0,0.0,0,0,0,000,Inactive,Inactive
993746,,0,0.0,0,0,0,000,Inactive,Inactive
996047,,0,0.0,0,0,0,000,Inactive,Inactive
997483,,0,0.0,0,0,0,000,Inactive,Inactive
997601,,0,0.0,0,0,0,000,Inactive,Inactive
997898,,0,0.0,0,0,0,000,Inactive,Inactive
998882,,0,0.0,0,0,0,000,Inactive,Inactive
999613,,0,0.0,0,0,0,000,Inactive,Inactive
1000548,,0,0.0,0,0,0,000,Inactive,Inactive
1000632,,0,0.0,0,0,0,000,Inactive,Inactive
1000924,,0,0.0,0,0,0,000,Inactive,Inactive
1002540,,0,0.0,0,0,0,000,Inactive,Inactive
1002747,,0,0.0,0,0,0,000,Inactive,Inactive
1003320,,0,0.0,0,0,0,000,Inactive,Inactive
1003952,,0,0.0,0,0,0,000,Inactive,Inactive
1005516,,0,0.0,0,0,0,000,Inactive,Inactive
1006149,,0,0.0,0,0,0,000,Inactive,Inactive
1007218,,0,0.0,0,0,0,000,Inactive,Inactive
1007753,,0,0.0,0,0,0,000,Inactive,Inactive
1009398,,0,0.0,0,0,0,000,Inactive,Inactive
1011065,,0,0.0,0,0,0,000,Inactive,Inactive
1011274,,0,0.0,0,0,0,000,Inactive,Inactive
1011925,,0,0.0,0,0,0,000,Inactive,Inactive
1013295,,0,0.0,0,0,0,000,Inactive,Inactive
1013849,,0,0.0,0,0,0,000,Inactive,Inactive
1014240,,0,0.0,0,0,0,000,Inactive,Inactive
1014716,,0,0.0,0,0,0,000,Inactive,Inactive
1014908,,0,0.0,0,0,0,000,Inactive,Inactive
1015624,,0,0.0,0,0,0,000,Inactive,Inactive
1015703,,0,0.0,0,0,0,000,Inactive,Inactive
1016953,,0,0.0,0,0,0,000,Inactive,Inactive
1017650,,0,0.0,0,0,0,000,Inactive,Inactive
1017731,,0,0.0,0,0,0,000,Inactive,Inactive
1020047,,0,0.0,0,0,0,000,Inactive,Inactive
1020432,,0,0.0,0,0,0,000,Inactive,Inactive
1020873,,0,0.0,0,0,0,000,Inactive,Inactive
1021386,,0,0.0,0,0,0,000,Inactive,Inactive
1021459,,0,0.0,0,0,0,000,Inactive,Inactive
1021869,,0,0.0,0,0,0,000,Inactive,Inactive
1022570,,0,0.0,0,0,0,000,Inactive,Inactive
1023228,,0,0.0,0,0,0,000,Inactive,Inactive
1025551,,0,0.0,0,0,0,000,Inactive,Inactive
1025798,,0,0.0,0,0,0,000,Inactive,Inactive
1027592,,0,0.0,0,0,0,000,Inactive,Inactive
1028257,,0,0.0,0,0,0,000,Inactive,Inactive
1028562,,0,0.0,0,0,0,000,Inactive,Inactive
1029045,,0,0.0,0,0,0,000,Inactive,Inactive
1029569,,0,0.0,0,0,0,000,Inactive,Inactive
1030225,,0,0.0,0,0,0,000,Inactive,Inactive
1030520,,0,0.0,0,0,0,000,Inactive,Inactive
1030803,,0,0.0,0,0,0,000,Inactive,Inactive
1030944,,0,0.0,0,0,0,000,Inactive,Inactive
1031390,,0,0.0,0,0,0,000,Inactive,Inactive
1033440,,0,0.0,0,0,0,000,Inactive,Inactive
1033718,,0,0.0,0,0,0,000,Inactive,Inactive
1036102,,0,0.0,0,0,0,000,Inactive,Inactive
1036864,,0,0.0,0,0,0,000,Inactive,Inactive
1037466,,0,0.0,0,0,0,000,Inactive,Inactive
1037478,,0,0.0,0,0,0,000,Inactive,Inactive
1038165,,0,0.0,0,0,0,000,Inactive,Inactive
1038647,,0,0.0,0,0,0,000,Inactive,Inactive
1040147,,0,0.0,0,0,0,000,Inactive,Inactive
1040993,,0,0.0,0,0,0,000,Inactive,Inactive
1041435,,0,0.0,0,0,0,000,Inactive,Inactive
1041513,,0,0.0,0,0,0,000,Inactive,Inactive
1043088,,0,0.0,0,0,0,000,Inactive,Inactive
1045471,,0,0.0,0,0,0,000,Inactive,Inactive
1045834,,0,0.0,0,0,0,000,Inactive,Inactive
1047053,,0,0.0,0,0,0,000,Inactive,Inactive
1048374,,0,0.0,0,0,0,000,Inactive,Inactive
1048471,,0,0.0,0,0,0,000,Inactive,Inactive
1048878,,0,0.0,0,0,0,000,Inactive,Inactive
1048905,,0,0.0,0,0,0,000,Inactive,Inactive
1049522,,0,0.0,0,0,0,000,Inactive,Inactive
1052902,,0,0.0,0,0,0,000,Inactive,Inactive
1053517,,0,0.0,0,0,0,000,Inactive,Inactive
1054437,,0,0.0,0,0,0,000,Inactive,Inactive
1056268,,0,0.0,0,0,0,000,Inactive,Inactive
1056710,,0,0.0,0,0,0,000,Inactive,Inactive
1058571,,0,0.0,0,0,0,000,Inactive,Inactive
1059923,,0,0.0,0,0,0,000,Inactive,Inactive
1060433,,0,0.0,0,0,0,000,Inactive,Inactive
1061489,,0,0.0,0,0,0,000,Inactive,Inactive
1062159,,0,0.0,0,0,0,000,Inactive,Inactive
1062699,,0,0.0,0,0,0,000,Inactive,Inactive
1063343,,0,0.0,0,0,0,000,Inactive,Inactive
1063570,,0,0.0,0,0,0,000,Inactive,Inactive
1068250,,0,0.0,0,0,0,000,Inactive,Inactive
1068260,,0,0.0,0,0,0,000,Inactive,Inactive
1069369,,0,0.0,0,0,0,000,Inactive,Inactive
1070914,,0,0.0,0,0,0,000,Inactive,Inactive
1071606,,0,0.0,0,0,0,000,Inactive,Inactive
1074435,,0,0.0,0,0,0,000,Inactive,Inactive
1076110,,0,0.0,0,0,0,000,Inactive,Inactive
1077050,,0,0.0,0,0,0,000,Inactive,Inactive
1077235,,0,0.0,0,0,0,000,Inactive,Inactive
1077880,,0,0.0,0,0,0,000,Inactive,Inactive
1078071,,0,0.0,0,0,0,000,Inactive,Inactive
1079549,,0,0.0,0,0,0,000,Inactive,Inactive
1079617,,0,0.0,0,0,0,000,Inactive,Inactive
1080830,,0,0.0,0,0,0,000,Inactive,Inactive
1080962,,0,0.0,0,0,0,000,Inactive,Inactive
1081332,,0,0.0,0,0,0,000,Inactive,Inactive
1083377,,0,0.0,0,0,0,000,Inactive,Inactive
1084495,,0,0.0,0,0,0,000,Inactive,Inactive
1086837,,0,0.0,0,0,0,000,Inactive,Inactive
1086872,,0,0.0,0,0,0,000,Inactive,Inactive
1087046,,0,0.0,0,0,0,000,Inactive,Inactive
1087593,,0,0.0,0,0,0,000,Inactive,Inactive
1088560,,0,0.0,0,0,0,000,Inactive,Inactive
1088630,,0,0.0,0,0,0,000,Inactive,Inactive
1089852,,0,0.0,0,0,0,000,Inactive,Inactive
1090072,,0,0.0,0,0,0,000,Inactive,Inactive
1090397,,0,0.0,0,0,0,000,Inactive,Inactive
1090569,,0,0.0,0,0,0,000,Inactive,Inactive
1090854,,0,0.0,0,0,0,000,Inactive,Inactive
1091328,,0,0.0,0,0,0,000,Inactive,Inactive
1092621,,0,0.0,0,0,0,000,Inactive,Inactive
1092628,,0,0.0,0,0,0,000,Inactive,Inactive
1093865,,0,0.0,0,0,0,000,Inactive,Inactive
1094349,,0,0.0,0,0,0,000,Inactive,Inactive
1094646,,0,0.0,0,0,0,000,Inactive,Inactive
1094849,,0,0.0,0,0,0,000,Inactive,Inactive
1095024,,0,0.0,0,0,0,000,Inactive,Inactive
1095173,,0,0.0,0,0,0,000,Inactive,Inactive
1095293,,0,0.0,0,0,0,000,Inactive,Inactive
1096010,,0,0.0,0,0,0,000,Inactive,Inactive
1097513,,0,0.0,0,0,0,000,Inactive,Inactive
1098445,,0,0.0,0,0,0,000,Inactive,Inactive
1098857,,0,0.0,0,0,0,000,Inactive,Inactive
1099360,,0,0.0,0,0,0,000,Inactive,Inactive
1100227,,0,0.0,0,0,0,000,Inactive,Inactive
1100862,,0,0.0,0,0,0,000,Inactive,Inactive
1103275,,0,0.0,0,0,0,000,Inactive,Inactive
1105084,,0,0.0,0,0,0,000,Inactive,Inactive
1105709,,0,0.0,0,0,0,000,Inactive,Inactive
1106753,,0,0.0,0,0,0,000,Inactive,Inactive
1107665,,0,0.0,0,0,0,000,Inactive,Inactive
1108425,,0,0.0,0,0,0,000,Inactive,Inactive
1108520,,0,0.0,0,0,0,000,Inactive,Inactive
1109781,,0,0.0,0,0,0,000,Inactive,Inactive
1110200,,0,0.0,0,0,0,000,Inactive,Inactive
1110748,,0,0.0,0,0,0,000,Inactive,Inactive
1111667,,0,0.0,0,0,0,000,Inactive,Inactive
1111822,,0,0.0,0,0,0,000,Inactive,Inactive
1113068,,0,0.0,0,0,0,000,Inactive,Inactive
1113467,,0,0.0,0,0,0,000,Inactive,Inactive
1114169,,0,0.0,0,0,0,000,Inactive,Inactive
1114211,,0,0.0,0,0,0,000,Inactive,Inactive
1117835,,0,0.0,0,0,0,000,Inactive,Inactive
1117917,,0,0.0,0,0,0,000,Inactive,Inactive
1118100,,0,0.0,0,0,0,000,Inactive,Inactive
1118390,,0,0.0,0,0,0,000,Inactive,Inactive
1119452,,0,0.0,0,0,0,000,Inactive,Inactive
1120113,,0,0.0,0,0,0,000,Inactive,Inactive
1121059,,0,0.0,0,0,0,000,Inactive,Inactive
1122318,,0,0.0,0,0,0,000,Inactive,Inactive
1122420,,0,0.0,0,0,0,000,Inactive,Inactive
1123051,,0,0.0,0,0,0,000,Inactive,Inactive
1123649,,0,0.0,0,0,0,000,Inactive,Inactive
1123707,,0,0.0,0,0,0,000,Inactive,Inactive
1124214,,0,0.0,0,0,0,000,Inactive,Inactive
1124946,,0,0.0,0,0,0,000,Inactive,Inactive
1125015,,0,0.0,0,0,0,000,Inactive,Inactive
1125564,,0,0.0,0,0,0,000,Inactive,Inactive
1126681,,0,0.0,0,0,0,000,Inactive,Inactive
1127170,,0,0.0,0,0,0,000,Inactive,Inactive
1127326,,0,0.0,0,0,0,000,Inactive,Inactive
1127513,,0,0.0,0,0,0,000,Inactive,Inactive
1127552,,0,0.0,0,0,0,000,Inactive,Inactive
1127771,,0,0.0,0,0,0,000,Inactive,Inactive
1128900,,0,0.0,0,0,0,000,Inactive,Inactive
1129866,,0,0.0,0,0,0,000,Inactive,Inactive
1130106,,0,0.0,0,0,0,000,Inactive,Inactive
1131031,,0,0.0,0,0,0,000,Inactive,Inactive
1132443,,0,0.0,0,0,0,000,Inactive,Inactive
1133899,,0,0.0,0,0,0,000,Inactive,Inactive
1134022,,0,0.0,0,0,0,000,Inactive,Inactive
1134829,,0,0.0,0,0,0,000,Inactive,Inactive
1134835,,0,0.0,0,0,0,000,Inactive,Inactive
1135331,,0,0.0,0,0,0,000,Inactive,Inactive
1136549,,0,0.0,0,0,0,000,Inactive,Inactive
1137103,,0,0.0,0,0,0,000,Inactive,Inactive
1138153,,0,0.0,0,0,0,000,Inactive,Inactive
1138267,,0,0.0,0,0,0,000,Inactive,Inactive
1139005,,0,0.0,0,0,0,000,Inactive,Inactive
1140100,,0,0.0,0,0,0,000,Inactive,Inactive
1140782,,0,0.0,0,0,0,000,Inactive,Inactive
1140927,,0,0.0,0,0,0,000,Inactive,Inactive
1141118,,0,0.0,0,0,0,000,Inactive,Inactive
1141402,,0,0.0,0,0,0,000,Inactive,Inactive
1141723,,0,0.0,0,0,0,000,Inactive,Inactive
1142474,,0,0.0,0,0,0,000,Inactive,Inactive
1143094,,0,0.0,0,0,0,000,Inactive,Inactive
1143409,,0,0.0,0,0,0,000,Inactive,Inactive
1143865,,0,0.0,0,0,0,000,Inactive,Inactive
1144076,,0,0.0,0,0,0,000,Inactive,Inactive
1144443,,0,0.0,0,0,0,000,Inactive,Inactive
1145760,,0,0.0,0,0,0,000,Inactive,Inactive
1145984,,0,0.0,0,0,0,000,Inactive,Inactive
1147113,,0,0.0,0,0,0,000,Inactive,Inactive
1147157,,0,0.0,0,0,0,000,Inactive,Inactive
1147621,,0,0.0,0,0,0,000,Inactive,Inactive
1147749,,0,0.0,0,0,0,000,Inactive,Inactive
1148651,,0,0.0,0,0,0,000,Inactive,Inactive
1150320,,0,0.0,0,0,0,000,Inactive,Inactive
1151037,,0,0.0,0,0,0,000,Inactive,Inactive
1151806,,0,0.0,0,0,0,000,Inactive,Inactive
1153661,,0,0.0,0,0,0,000,Inactive,Inactive
1156654,,0,0.0,0,0,0,000,Inactive,Inactive
1158051,,0,0.0,0,0,0,000,Inactive,Inactive
1158660,,0,0.0,0,0,0,000,Inactive,Inactive
1159485,,0,0.0,0,0,0,000,Inactive,Inactive
1163520,,0,0.0,0,0,0,000,Inactive,Inactive
1163787,,0,0.0,0,0,0,000,Inactive,Inactive
1166093,,0,0.0,0,0,0,000,Inactive,Inactive
1167270,,0,0.0,0,0,0,000,Inactive,Inactive
1168605,,0,0.0,0,0,0,000,Inactive,Inactive
1169781,,0,0.0,0,0,0,000,Inactive,Inactive
1170337,,0,0.0,0,0,0,000,Inactive,Inactive
1171803,,0,0.0,0,0,0,000,Inactive,Inactive
1172776,,0,0.0,0,0,0,000,Inactive,Inactive
1173325,,0,0.0,0,0,0,000,Inactive,Inactive
1173674,,0,0.0,0,0,0,000,Inactive,Inactive
1174053,,0,0.0,0,0,0,000,Inactive,Inactive
1174241,,0,0.0,0,0,0,000,Inactive,Inactive
1175458,,0,0.0,0,0,0,000,Inactive,Inactive
1175808,,0,0.0,0,0,0,000,Inactive,Inactive
1175980,,0,0.0,0,0,0,000,Inactive,Inactive
1176199,,0,0.0,0,0,0,000,Inactive,Inactive
1176767,,0,0.0,0,0,0,000,Inactive,Inactive
1177869,,0,0.0,0,0,0,000,Inactive,Inactive
1180361,,0,0.0,0,0,0,000,Inactive,Inactive
1180507,,0,0.0,0,0,0,000,Inactive,Inactive
1182041,,0,0.0,0,0,0,000,Inactive,Inactive
1182123,,0,0.0,0,0,0,000,Inactive,Inactive
1182788,,0,0.0,0,0,0,000,Inactive,Inactive
1184490,,0,0.0,0,0,0,000,Inactive,Inactive
1184872,,0,0.0,0,0,0,000,Inactive,Inactive
1185340,,0,0.0,0,0,0,000,Inactive,Inactive
1185374,,0,0.0,0,0,0,000,Inactive,Inactive
1186946,,0,0.0,0,0,0,000,Inactive,Inactive
1189261,,0,0.0,0,0,0,000,Inactive,Inactive
1191395,,0,0.0,0,0,0,000,Inactive,Inactive
1191921,,0,0.0,0,0,0,000,Inactive,Inactive
1192764,,0,0.0,0,0,0,000,Inactive,Inactive
1192790,,0,0.0,0,0,0,000,Inactive,Inactive
1194652,,0,0.0,0,0,0,000,Inactive,Inactive
1195057,,0,0.0,0,0,0,000,Inactive,Inactive
1195387,,0,0.0,0,0,0,000,Inactive,Inactive
1196171,,0,0.0,0,0,0,000,Inactive,Inactive
1196966,,0,0.0,0,0,0,000,Inactive,Inactive
1197162,,0,0.0,0,0,0,000,Inactive,Inactive
1199518,,0,0.0,0,0,0,000,Inactive,Inactive
1200334,,0,0.0,0,0,0,000,Inactive,Inactive
1201988,,0,0.0,0,0,0,000,Inactive,Inactive
1203183,,0,0.0,0,0,0,000,Inactive,Inactive
1203747,,0,0.0,0,0,0,000,Inactive,Inactive
1204360,,0,0.0,0,0,0,000,Inactive,Inactive
1207010,,0,0.0,0,0,0,000,Inactive,Inactive
1207419,,0,0.0,0,0,0,000,Inactive,Inactive
1207969,,0,0.0,0,0,0,000,Inactive,Inactive
1208498,,0,0.0,0,0,0,000,Inactive,Inactive
1210460,,0,0.0,0,0,0,000,Inactive,Inactive
1210824,,0,0.0,0,0,0,000,Inactive,Inactive
1210946,,0,0.0,0,0,0,000,Inactive,Inactive
1212613,,0,0.0,0,0,0,000,Inactive,Inactive
1212831,,0,0.0,0,0,0,000,Inactive,Inactive
1214559,,0,0.0,0,0,0,000,Inactive,Inactive
1215013,,0,0.0,0,0,0,000,Inactive,Inactive
1215225,,0,0.0,0,0,0,000,Inactive,Inactive
1215617,,0,0.0,0,0,0,000,Inactive,Inactive
1218806,,0,0.0,0,0,0,000,Inactive,Inactive
1218895,,0,0.0,0,0,0,000,Inactive,Inactive
1220494,,0,0.0,0,0,0,000,Inactive,Inactive
1222380,,0,0.0,0,0,0,000,Inactive,Inactive
1224434,,0,0.0,0,0,0,000,Inactive,Inactive
1226594,,0,0.0,0,0,0,000,Inactive,Inactive
1226835,,0,0.0,0,0,0,000,Inactive,Inactive
1227648,,0,0.0,0,0,0,000,Inactive,Inactive
1227874,,0,0.0,0,0,0,000,Inactive,Inactive
1228153,,0,0.0,0,0,0,000,Inactive,Inactive
1229883,,0,0.0,0,0,0,000,Inactive,Inactive
1230214,,0,0.0,0,0,0,000,Inactive,Inactive
1230541,,0,0.0,0,0,0,000,Inactive,Inactive
1233069,,0,0.0,0,0,0,000,Inactive,Inactive
1234949,,0,0.0,0,0,0,000,Inactive,Inactive
1235189,,0,0.0,0,0,0,000,Inactive,Inactive
1235343,,0,0.0,0,0,0,000,Inactive,Inactive
1239615,,0,0.0,0,0,0,000,Inactive,Inactive
1240089,,0,0.0,0,0,0,000,Inactive,Inactive
1241253,,0,0.0,0,0,0,000,Inactive,Inactive
1241863,,0,0.0,0,0,0,000,Inactive,Inactive
1242026,,0,0.0,0,0,0,000,Inactive,Inactive
1242225,,0,0.0,0,0,0,000,Inactive,Inactive
1243560,,0,0.0,0,0,0,000,Inactive,Inactive
1244511,,0,0.0,0,0,0,000,Inactive,Inactive
1244669,,0,0.0,0,0,0,000,Inactive,Inactive
1245745,,0,0.0,0,0,0,000,Inactive,Inactive
1246263,,0,0.0,0,0,0,000,Inactive,Inactive
1246662,,0,0.0,0,0,0,000,Inactive,Inactive
1247234,,0,0.0,0,0,0,000,Inactive,Inactive
1247531,,0,0.0,0,0,0,000,Inactive,Inactive
1248360,,0,0.0,0,0,0,000,Inactive,Inactive
1249186,,0,0.0,0,0,0,000,Inactive,Inactive
1249680,,0,0.0,0,0,0,000,Inactive,Inactive
1250507,,0,0.0,0,0,0,000,Inactive,Inactive
1251791,,0,0.0,0,0,0,000,Inactive,Inactive
1253429,,0,0.0,0,0,0,000,Inactive,Inactive
1253625,,0,0.0,0,0,0,000,Inactive,Inactive
1253680,,0,0.0,0,0,0,000,Inactive,Inactive
1254624,,0,0.0,0,0,0,000,Inactive,Inactive
1255266,,0,0.0,0,0,0,000,Inactive,Inactive
1255374,,0,0.0,0,0,0,000,Inactive,Inactive
1255494,,0,0.0,0,0,0,000,Inactive,Inactive
1255674,,0,0.0,0,0,0,000,Inactive,Inactive
1257064,,0,0.0,0,0,0,000,Inactive,Inactive
1257200,,0,0.0,0,0,0,000,Inactive,Inactive
1257209,,0,0.0,0,0,0,000,Inactive,Inactive
1258249,,0,0.0,0,0,0,000,Inactive,Inactive
1258680,,0,0.0,0,0,0,000,Inactive,Inactive
1258698,,0,0.0,0,0,0,000,Inactive,Inactive
1259293,,0,0.0,0,0,0,000,Inactive,Inactive
1259756,,0,0.0,0,0,0,000,Inactive,Inactive
1260907,,0,0.0,0,0,0,000,Inactive,Inactive
1261302,,0,0.0,0,0,0,000,Inactive,Inactive
1261736,,0,0.0,0,0,0,000,Inactive,Inactive
1261986,,0,0.0,0,0,0,000,Inactive,Inactive
1262977,,0,0.0,0,0,0,000,Inactive,Inactive
1263539,,0,0.0,0,0,0,000,Inactive,Inactive
1264081,,0,0.0,0,0,0,000,Inactive,Inactive
1264368,,0,0.0,0,0,0,000,Inactive,Inactive
1264527,,0,0.0,0,0,0,000,Inactive,Inactive
1264783,,0,0.0,0,0,0,000,Inactive,Inactive
1266103,,0,0.0,0,0,0,000,Inactive,Inactive
1268096,,0,0.0,0,0,0,000,Inactive,Inactive
1269109,,0,0.0,0,0,0,000,Inactive,Inactive
1273696,,0,0.0,0,0,0,000,Inactive,Inactive
1273698,,0,0.0,0,0,0,000,Inactive,Inactive
1273745,,0,0.0,0,0,0,000,Inactive,Inactive
1273763,,0,0.0,0,0,0,000,Inactive,Inactive
1274287,,0,0.0,0,0,0,000,Inactive,Inactive
1274462,,0,0.0,0,0,0,000,Inactive,Inactive
1274793,,0,0.0,0,0,0,000,Inactive,Inactive
1275016,,0,0.0,0,0,0,000,Inactive,Inactive
1276345,,0,0.0,0,0,0,000,Inactive,Inactive
1276578,,0,0.0,0,0,0,000,Inactive,Inactive
1277272,,0,0.0,0,0,0,000,Inactive,Inactive
1277565,,0,0.0,0,0,0,000,Inactive,Inactive
1277876,,0,0.0,0,0,0,000,Inactive,Inactive
1277945,,0,0.0,0,0,0,000,Inactive,Inactive
1278100,,0,0.0,0,0,0,000,Inactive,Inactive
1281306,,0,0.0,0,0,0,000,Inactive,Inactive
1282276,,0,0.0,0,0,0,000,Inactive,Inactive
1282672,,0,0.0,0,0,0,000,Inactive,Inactive
1282854,,0,0.0,0,0,0,000,Inactive,Inactive
1286403,,0,0.0,0,0,0,000,Inactive,Inactive
1288552,,0,0.0,0,0,0,000,Inactive,Inactive
1288969,,0,0.0,0,0,0,000,Inactive,Inactive
1289166,,0,0.0,0,0,0,000,Inactive,Inactive
1289467,,0,0.0,0,0,0,000,Inactive,Inactive
1290504,,0,0.0,0,0,0,000,Inactive,Inactive
1291539,,0,0.0,0,0,0,000,Inactive,Inactive
1291689,,0,0.0,0,0,0,000,Inactive,Inactive
1292940,,0,0.0,0,0,0,000,Inactive,Inactive
1293064,,0,0.0,0,0,0,000,Inactive,Inactive
1293438,,0,0.0,0,0,0,000,Inactive,Inactive
1295146,,0,0.0,0,0,0,000,Inactive,Inactive
1296031,,0,0.0,0,0,0,000,Inactive,Inactive
1297248,,0,0.0,0,0,0,000,Inactive,Inactive
1299633,,0,0.0,0,0,0,000,Inactive,Inactive
1300898,,0,0.0,0,0,0,000,Inactive,Inactive
1302431,,0,0.0,0,0,0,000,Inactive,Inactive
1302706,,0,0.0,0,0,0,000,Inactive,Inactive
1304148,,0,0.0,0,0,0,000,Inactive,Inactive
1305187,,0,0.0,0,0,0,000,Inactive,Inactive
1305530,,0,0.0,0,0,0,000,Inactive,Inactive
1309220,,0,0.0,0,0,0,000,Inactive,Inactive
1309493,,0,0.0,0,0,0,000,Inactive,Inactive
1309518,,0,0.0,0,0,0,000,Inactive,Inactive
1309522,,0,0.0,0,0,0,000,Inactive,Inactive
1310474,,0,0.0,0,0,0,000,Inactive,Inactive
1310806,,0,0.0,0,0,0,000,Inactive,Inactive
1311207,,0,0.0,0,0,0,000,Inactive,Inactive
1313974,,0,0.0,0,0,0,000,Inactive,Inactive
1314053,,0,0.0,0,0,0,000,Inactive,Inactive
1314813,,0,0.0,0,0,0,000,Inactive,Inactive
1315230,,0,0.0,0,0,0,000,Inactive,Inactive
1315867,,0,0.0,0,0,0,000,Inactive,Inactive
1316505,,0,0.0,0,0,0,000,Inactive,Inactive
1316509,,0,0.0,0,0,0,000,Inactive,Inactive
1318772,,0,0.0,0,0,0,000,Inactive,Inactive
1319231,,0,0.0,0,0,0,000,Inactive,Inactive
1319794,,0,0.0,0,0,0,000,Inactive,Inactive
1320648,,0,0.0,0,0,0,000,Inactive,Inactive
1320732,,0,0.0,0,0,0,000,Inactive,Inactive
1320757,,0,0.0,0,0,0,000,Inactive,Inactive
1321345,,0,0.0,0,0,0,000,Inactive,Inactive
1322330,,0,0.0,0,0,0,000,Inactive,Inactive
1322537,,0,0.0,0,0,0,000,Inactive,Inactive
1323223,,0,0.0,0,0,0,000,Inactive,Inactive
1323737,,0,0.0,0,0,0,000,Inactive,Inactive
1327171,,0,0.0,0,0,0,000,Inactive,Inactive
1327175,,0,0.0,0,0,0,000,Inactive,Inactive
1329283,,0,0.0,0,0,0,000,Inactive,Inactive
1329591,,0,0.0,0,0,0,000,Inactive,Inactive
1330234,,0,0.0,0,0,0,000,Inactive,Inactive
1331616,,0,0.0,0,0,0,000,Inactive,Inactive
1332943,,0,0.0,0,0,0,000,Inactive,Inactive
1333364,,0,0.0,0,0,0,000,Inactive,Inactive
1334044,,0,0.0,0,0,0,000,Inactive,Inactive
1334070,,0,0.0,0,0,0,000,Inactive,Inactive
1334841,,0,0.0,0,0,0,000,Inactive,Inactive
1335555,,0,0.0,0,0,0,000,Inactive,Inactive
1335815,,0,0.0,0,0,0,000,Inactive,Inactive
1337299,,0,0.0,0,0,0,000,Inactive,Inactive
1338176,,0,0.0,0,0,0,000,Inactive,Inactive
1340902,,0,0.0,0,0,0,000,Inactive,Inactive
1341949,,0,0.0,0,0,0,000,Inactive,Inactive
1342156,,0,0.0,0,0,0,000,Inactive,Inactive
1342765,,0,0.0,0,0,0,000,Inactive,Inactive
1343128,,0,0.0,0,0,0,000,Inactive,Inactive
1343340,,0,0.0,0,0,0,000,Inactive,Inactive
1343427,,0,0.0,0,0,0,000,Inactive,Inactive
1343791,,0,0.0,0,0,0,000,Inactive,Inactive
1345019,,0,0.0,0,0,0,000,Inactive,Inactive
1345653,,0,0.0,0,0,0,000,Inactive,Inactive
1345881,,0,0.0,0,0,0,000,Inactive,Inactive
1346329,,0,0.0,0,0,0,000,Inactive,Inactive
1346388,,0,0.0,0,0,0,000,Inactive,Inactive
1346474,,0,0.0,0,0,0,000,Inactive,Inactive
1347594,,0,0.0,0,0,0,000,Inactive,Inactive
1348049,,0,0.0,0,0,0,000,Inactive,Inactive
1351360,,0,0.0,0,0,0,000,Inactive,Inactive
1352896,,0,0.0,0,0,0,000,Inactive,Inactive
1353546,,0,0.0,0,0,0,000,Inactive,Inactive
1353805,,0,0.0,0,0,0,000,Inactive,Inactive
1354184,,0,0.0,0,0,0,000,Inactive,Inactive
1354927,,0,0.0,0,0,0,000,Inactive,Inactive
1355773,,0,0.0,0,0,0,000,Inactive,Inactive
1356103,,0,0.0,0,0,0,000,Inactive,Inactive
1356740,,0,0.0,0,0,0,000,Inactive,Inactive
1356787,,0,0.0,0,0,0,000,Inactive,Inactive
1357077,,0,0.0,0,0,0,000,Inactive,Inactive
1357523,,0,0.0,0,0,0,000,Inactive,Inactive
1357568,,0,0.0,0,0,0,000,Inactive,Inactive
1357970,,0,0.0,0,0,0,000,Inactive,Inactive
1359128,,0,0.0,0,0,0,000,Inactive,Inactive
1360117,,0,0.0,0,0,0,000,Inactive,Inactive
1360473,,0,0.0,0,0,0,000,Inactive,Inactive
1361402,,0,0.0,0,0,0,000,Inactive,Inactive
1363298,,0,0.0,0,0,0,000,Inactive,Inactive
1365033,,0,0.0,0,0,0,000,Inactive,Inactive
1365325,,0,0.0,0,0,0,000,Inactive,Inactive
1365710,,0,0.0,0,0,0,000,Inactive,Inactive
1367924,,0,0.0,0,0,0,000,Inactive,Inactive
1368153,,0,0.0,0,0,0,000,Inactive,Inactive
1370668,,0,0.0,0,0,0,000,Inactive,Inactive
1371026,,0,0.0,0,0,0,000,Inactive,Inactive
1371085,,0,0.0,0,0,0,000,Inactive,Inactive
1371190,,0,0.0,0,0,0,000,Inactive,Inactive
1372790,,0,0.0,0,0,0,000,Inactive,Inactive
1373593,,0,0.0,0,0,0,000,Inactive,Inactive
1374056,,0,0.0,0,0,0,000,Inactive,Inactive
1377813,,0,0.0,0,0,0,000,Inactive,Inactive
1379338,,0,0.0,0,0,0,000,Inactive,Inactive
1380072,,0,0.0,0,0,0,000,Inactive,Inactive
1380601,,0,0.0,0,0,0,000,Inactive,Inactive
1380976,,0,0.0,0,0,0,000,Inactive,Inactive
1381227,,0,0.0,0,0,0,000,Inactive,Inactive
1383859,,0,0.0,0,0,0,000,Inactive,Inactive
1384582,,0,0.0,0,0,0,000,Inactive,Inactive
1385496,,0,0.0,0,0,0,000,Inactive,Inactive
1385560,,0,0.0,0,0,0,000,Inactive,Inactive
1387075,,0,0.0,0,0,0,000,Inactive,Inactive
1388017,,0,0.0,0,0,0,000,Inactive,Inactive
1388267,,0,0.0,0,0,0,000,Inactive,Inactive
1389689,,0,0.0,0,0,0,000,Inactive,Inactive
1390049,,0,0.0,0,0,0,000,Inactive,Inactive
1391361,,0,0.0,0,0,0,000,Inactive,Inactive
1392541,,0,0.0,0,0,0,000,Inactive,Inactive
1393653,,0,0.0,0,0,0,000,Inactive,Inactive
1394568,,0,0.0,0,0,0,000,Inactive,Inactive
1396677,,0,0.0,0,0,0,000,Inactive,Inactive
1396905,,0,0.0,0,0,0,000,Inactive,Inactive
1397118,,0,0.0,0,0,0,000,Inactive,Inactive
1397747,,0,0.0,0,0,0,000,Inactive,Inactive
1397996,,0,0.0,0,0,0,000,Inactive,Inactive
1398234,,0,0.0,0,0,0,000,Inactive,Inactive
1398757,,0,0.0,0,0,0,000,Inactive,Inactive
1400547,,0,0.0,0,0,0,000,Inactive,Inactive
1401244,,0,0.0,0,0,0,000,Inactive,Inactive
1401283,,0,0.0,0,0,0,000,Inactive,Inactive
1402796,,0,0.0,0,0,0,000,Inactive,Inactive
1403045,,0,0.0,0,0,0,000,Inactive,Inactive
1403655,,0,0.0,0,0,0,000,Inactive,Inactive
1403856,,0,0.0,0,0,0,000,Inactive,Inactive
1403996,,0,0.0,0,0,0,000,Inactive,Inactive
1404148,,0,0.0,0,0,0,000,Inactive,Inactive
1404240,,0,0.0,0,0,0,000,Inactive,Inactive
1404462,,0,0.0,0,0,0,000,Inactive,Inactive
1404713,,0,0.0,0,0,0,000,Inactive,Inactive
1405620,,0,0.0,0,0,0,000,Inactive,Inactive
1406318,,0,0.0,0,0,0,000,Inactive,Inactive
1407961,,0,0.0,0,0,0,000,Inactive,Inactive
1409429,,0,0.0,0,0,0,000,Inactive,Inactive
1411118,,0,0.0,0,0,0,000,Inactive,Inactive
1411294,,0,0.0,0,0,0,000,Inactive,Inactive
1411724,,0,0.0,0,0,0,000,Inactive,Inactive
1412023,,0,0.0,0,0,0,000,Inactive,Inactive
1412312,,0,0.0,0,0,0,000,Inactive,Inactive
1412902,,0,0.0,0,0,0,000,Inactive,Inactive
1412938,,0,0.0,0,0,0,000,Inactive,Inactive
1412984,,0,0.0,0,0,0,000,Inactive,Inactive
1413084,,0,0.0,0,0,0,000,Inactive,Inactive
1413791,,0,0.0,0,0,0,000,Inactive,Inactive
1416636,,0,0.0,0,0,0,000,Inactive,Inactive
1416848,,0,0.0,0,0,0,000,Inactive,Inactive
1416872,,0,0.0,0,0,0,000,Inactive,Inactive
1417193,,0,0.0,0,0,0,000,Inactive,Inactive
1417549,,0,0.0,0,0,0,000,Inactive,Inactive
1417679,,0,0.0,0,0,0,000,Inactive,Inactive
1417925,,0,0.0,0,0,0,000,Inactive,Inactive
1418261,,0,0.0,0,0,0,000,Inactive,Inactive
1418414,,0,0.0,0,0,0,000,Inactive,Inactive
1418791,,0,0.0,0,0,0,000,Inactive,Inactive
1419855,,0,0.0,0,0,0,000,Inactive,Inactive
1420651,,0,0.0,0,0,0,000,Inactive,Inactive
1421641,,0,0.0,0,0,0,000,Inactive,Inactive
1422304,,0,0.0,0,0,0,000,Inactive,Inactive
1422386,,0,0.0,0,0,0,000,Inactive,Inactive
1422395,,0,0.0,0,0,0,000,Inactive,Inactive
1424136,,0,0.0,0,0,0,000,Inactive,Inactive
1428268,,0,0.0,0,0,0,000,Inactive,Inactive
1428740,,0,0.0,0,0,0,000,Inactive,Inactive
1429289,,0,0.0,0,0,0,000,Inactive,Inactive
1430604,,0,0.0,0,0,0,000,Inactive,Inactive
1431393,,0,0.0,0,0,0,000,Inactive,Inactive
1431935,,0,0.0,0,0,0,000,Inactive,Inactive
1432818,,0,0.0,0,0,0,000,Inactive,Inactive
1433495,,0,0.0,0,0,0,000,Inactive,Inactive
1433764,,0,0.0,0,0,0,000,Inactive,Inactive
1434655,,0,0.0,0,0,0,000,Inactive,Inactive
1434894,,0,0.0,0,0,0,000,Inactive,Inactive
1435868,,0,0.0,0,0,0,000,Inactive,Inactive
1436392,,0,0.0,0,0,0,000,Inactive,Inactive
1439511,,0,0.0,0,0,0,000,Inactive,Inactive
1442865,,0,0.0,0,0,0,000,Inactive,Inactive
1443368,,0,0.0,0,0,0,000,Inactive,Inactive
1443760,,0,0.0,0,0,0,000,Inactive,Inactive
1446045,,0,0.0,0,0,0,000,Inactive,Inactive
1447359,,0,0.0,0,0,0,000,Inactive,Inactive
1447923,,0,0.0,0,0,0,000,Inactive,Inactive
1450204,,0,0.0,0,0,0,000,Inactive,Inactive
1450707,,0,0.0,0,0,0,000,Inactive,Inactive
1450775,,0,0.0,0,0,0,000,Inactive,Inactive
1451031,,0,0.0,0,0,0,000,Inactive,Inactive
1451363,,0,0.0,0,0,0,000,Inactive,Inactive
1451546,,0,0.0,0,0,0,000,Inactive,Inactive
1452337,,0,0.0,0,0,0,000,Inactive,Inactive
1454269,,0,0.0,0,0,0,000,Inactive,Inactive
1454667,,0,0.0,0,0,0,000,Inactive,Inactive
1455859,,0,0.0,0,0,0,000,Inactive,Inactive
1456455,,0,0.0,0,0,0,000,Inactive,Inactive
1456672,,0,0.0,0,0,0,000,Inactive,Inactive
1456818,,0,0.0,0,0,0,000,Inactive,Inactive
1457030,,0,0.0,0,0,0,000,Inactive,Inactive
1457076,,0,0.0,0,0,0,000,Inactive,Inactive
1458500,,0,0.0,0,0,0,000,Inactive,Inactive
1458605,,0,0.0,0,0,0,000,Inactive,Inactive
1460035,,0,0.0,0,0,0,000,Inactive,Inactive
1460970,,0,0.0,0,0,0,000,Inactive,Inactive
1461721,,0,0.0,0,0,0,000,Inactive,Inactive
1462000,,0,0.0,0,0,0,000,Inactive,Inactive
1462652,,0,0.0,0,0,0,000,Inactive,Inactive
1462685,,0,0.0,0,0,0,000,Inactive,Inactive
1462748,,0,0.0,0,0,0,000,Inactive,Inactive
1464010,,0,0.0,0,0,0,000,Inactive,Inactive
1464133,,0,0.0,0,0,0,000,Inactive,Inactive
1464371,,0,0.0,0,0,0,000,Inactive,Inactive
1464976,,0,0.0,0,0,0,000,Inactive,Inactive
1465493,,0,0.0,0,0,0,000,Inactive,Inactive
1465666,,0,0.0,0,0,0,000,Inactive,Inactive
1466044,,0,0.0,0,0,0,000,Inactive,Inactive
1467427,,0,0.0,0,0,0,000,Inactive,Inactive
1468344,,0,0.0,0,0,0,000,Inactive,Inactive
1468485,,0,0.0,0,0,0,000,Inactive,Inactive
1468600,,0,0.0,0,0,0,000,Inactive,Inactive
1469231,,0,0.0,0,0,0,000,Inactive,Inactive
1469295,,0,0.0,0,0,0,000,Inactive,Inactive
1470697,,0,0.0,0,0,0,000,Inactive,Inactive
1470705,,0,0.0,0,0,0,000,Inactive,Inactive
1470797,,0,0.0,0,0,0,000,Inactive,Inactive
1472233,,0,0.0,0,0,0,000,Inactive,Inactive
1472712,,0,0.0,0,0,0,000,Inactive,Inactive
1474128,,0,0.0,0,0,0,000,Inactive,Inactive
1475374,,0,0.0,0,0,0,000,Inactive,Inactive
1476040,,0,0.0,0,0,0,000,Inactive,Inactive
1476634,,0,0.0,0,0,0,000,Inactive,Inactive
1478876,,0,0.0,0,0,0,000,Inactive,Inactive
1481244,,0,0.0,0,0,0,000,Inactive,Inactive
1481530,,0,0.0,0,0,0,000,Inactive,Inactive
1484479,,0,0.0,0,0,0,000,Inactive,Inactive
1485318,,0,0.0,0,0,0,000,Inactive,Inactive
1485354,,0,0.0,0,0,0,000,Inactive,Inactive
1485367,,0,0.0,0,0,0,000,Inactive,Inactive
1488910,,0,0.0,0,0,0,000,Inactive,Inactive
1488975,,0,0.0,0,0,0,000,Inactive,Inactive
1489535,,0,0.0,0,0,0,000,Inactive,Inactive
1490061,,0,0.0,0,0,0,000,Inactive,Inactive
1491521,,0,0.0,0,0,0,000,Inactive,Inactive
1491897,,0,0.0,0,0,0,000,Inactive,Inactive
1492941,,0,0.0,0,0,0,000,Inactive,Inactive
1496326,,0,0.0,0,0,0,000,Inactive,Inactive
1496421,,0,0.0,0,0,0,000,Inactive,Inactive
1497017,,0,0.0,0,0,0,000,Inactive,Inactive
1497140,,0,0.0,0,0,0,000,Inactive,Inactive
1497974,,0,0.0,0,0,0,000,Inactive,Inactive
1498245,,0,0.0,0,0,0,000,Inactive,Inactive
1499879,,0,0.0,0,0,0,000,Inactive,Inactive
1500226,,0,0.0,0,0,0,000,Inactive,Inactive
1501353,,0,0.0,0,0,0,000,Inactive,Inactive
1502289,,0,0.0,0,0,0,000,Inactive,Inactive
1502479,,0,0.0,0,0,0,000,Inactive,Inactive
1503538,,0,0.0,0,0,0,000,Inactive,Inactive
1505524,,0,0.0,0,0,0,000,Inactive,Inactive
1505684,,0,0.0,0,0,0,000,Inactive,Inactive
1505768,,0,0.0,0,0,0,000,Inactive,Inactive
1505995,,0,0.0,0,0,0,000,Inactive,Inactive
1506205,,0,0.0,0,0,0,000,Inactive,Inactive
1506504,,0,0.0,0,0,0,000,Inactive,Inactive
1507267,,0,0.0,0,0,0,000,Inactive,Inactive
1507804,,0,0.0,0,0,0,000,Inactive,Inactive
1508265,,0,0.0,0,0,0,000,Inactive,Inactive
1509207,,0,0.0,0,0,0,000,Inactive,Inactive
1510265,,0,0.0,0,0,0,000,Inactive,Inactive
1510814,,0,0.0,0,0,0,000,Inactive,Inactive
1513427,,0,0.0,0,0,0,000,Inactive,Inactive
1515144,,0,0.0,0,0,0,000,Inactive,Inactive
1517822,,0,0.0,0,0,0,000,Inactive,Inactive
1520175,,0,0.0,0,0,0,000,Inactive,Inactive
1520702,,0,0.0,0,0,0,000,Inactive,Inactive
1521074,,0,0.0,0,0,0,000,Inactive,Inactive
1521152,,0,0.0,0,0,0,000,Inactive,Inactive
1521935,,0,0.0,0,0,0,000,Inactive,Inactive
1522859,,0,0.0,0,0,0,000,Inactive,Inactive
1524039,,0,0.0,0,0,0,000,Inactive,Inactive
1525189,,0,0.0,0,0,0,000,Inactive,Inactive
1526552,,0,0.0,0,0,0,000,Inactive,Inactive
1528100,,0,0.0,0,0,0,000,Inactive,Inactive
1528361,,0,0.0,0,0,0,000,Inactive,Inactive
1528994,,0,0.0,0,0,0,000,Inactive,Inactive
1529072,,0,0.0,0,0,0,000,Inactive,Inactive
1530330,,0,0.0,0,0,0,000,Inactive,Inactive
1530955,,0,0.0,0,0,0,000,Inactive,Inactive
1531937,,0,0.0,0,0,0,000,Inactive,Inactive
1532722,,0,0.0,0,0,0,000,Inactive,Inactive
1533148,,0,0.0,0,0,0,000,Inactive,Inactive
1534032,,0,0.0,0,0,0,000,Inactive,Inactive
1535615,,0,0.0,0,0,0,000,Inactive,Inactive
1535696,,0,0.0,0,0,0,000,Inactive,Inactive
1538028,,0,0.0,0,0,0,000,Inactive,Inactive
1538087,,0,0.0,0,0,0,000,Inactive,Inactive
1538233,,0,0.0,0,0,0,000,Inactive,Inactive
1538365,,0,0.0,0,0,0,000,Inactive,Inactive
1538894,,0,0.0,0,0,0,000,Inactive,Inactive
1539336,,0,0.0,0,0,0,000,Inactive,Inactive
1540192,,0,0.0,0,0,0,000,Inactive,Inactive
1540278,,0,0.0,0,0,0,000,Inactive,Inactive
1540544,,0,0.0,0,0,0,000,Inactive,Inactive
1541091,,0,0.0,0,0,0,000,Inactive,Inactive
1541599,,0,0.0,0,0,0,000,Inactive,Inactive
1542293,,0,0.0,0,0,0,000,Inactive,Inactive
1542383,,0,0.0,0,0,0,000,Inactive,Inactive
1542502,,0,0.0,0,0,0,000,Inactive,Inactive
1542787,,0,0.0,0,0,0,000,Inactive,Inactive
1543294,,0,0.0,0,0,0,000,Inactive,Inactive
1543785,,0,0.0,0,0,0,000,Inactive,Inactive
1543787,,0,0.0,0,0,0,000,Inactive,Inactive
1543958,,0,0.0,0,0,0,000,Inactive,Inactive
1544283,,0,0.0,0,0,0,000,Inactive,Inactive
1544423,,0,0.0,0,0,0,000,Inactive,Inactive
1544429,,0,0.0,0,0,0,000,Inactive,Inactive
1548093,,0,0.0,0,0,0,000,Inactive,Inactive
1548309,,0,0.0,0,0,0,000,Inactive,Inactive
1549273,,0,0.0,0,0,0,000,Inactive,Inactive
1549493,,0,0.0,0,0,0,000,Inactive,Inactive
1549716,,0,0.0,0,0,0,000,Inactive,Inactive
1549910,,0,0.0,0,0,0,000,Inactive,Inactive
1550157,,0,0.0,0,0,0,000,Inactive,Inactive
1550578,,0,0.0,0,0,0,000,Inactive,Inactive
1550879,,0,0.0,0,0,0,000,Inactive,Inactive
1550927,,0,0.0,0,0,0,000,Inactive,Inactive
1551040,,0,0.0,0,0,0,000,Inactive,Inactive
1552354,,0,0.0,0,0,0,000,Inactive,Inactive
1552753,,0,0.0,0,0,0,000,Inactive,Inactive
1552789,,0,0.0,0,0,0,000,Inactive,Inactive
1553365,,0,0.0,0,0,0,000,Inactive,Inactive
1553478,,0,0.0,0,0,0,000,Inactive,Inactive
1556280,,0,0.0,0,0,0,000,Inactive,Inactive
1557161,,0,0.0,0,0,0,000,Inactive,Inactive
1558208,,0,0.0,0,0,0,000,Inactive,Inactive
1558311,,0,0.0,0,0,0,000,Inactive,Inactive
1558616,,0,0.0,0,0,0,000,Inactive,Inactive
1561377,,0,0.0,0,0,0,000,Inactive,Inactive
1561677,,0,0.0,0,0,0,000,Inactive,Inactive
1563991,,0,0.0,0,0,0,000,Inactive,Inactive
1564187,,0,0.0,0,0,0,000,Inactive,Inactive
1564441,,0,0.0,0,0,0,000,Inactive,Inactive
1565185,,0,0.0,0,0,0,000,Inactive,Inactive
1565570,,0,0.0,0,0,0,000,Inactive,Inactive
1565622,,0,0.0,0,0,0,000,Inactive,Inactive
1566143,,0,0.0,0,0,0,000,Inactive,Inactive
1567678,,0,0.0,0,0,0,000,Inactive,Inactive
1567774,,0,0.0,0,0,0,000,Inactive,Inactive
1569038,,0,0.0,0,0,0,000,Inactive,Inactive
1570517,,0,0.0,0,0,0,000,Inactive,Inactive
1572081,,0,0.0,0,0,0,000,Inactive,Inactive
1572416,,0,0.0,0,0,0,000,Inactive,Inactive
1573906,,0,0.0,0,0,0,000,Inactive,Inactive
1574161,,0,0.0,0,0,0,000,Inactive,Inactive
1577224,,0,0.0,0,0,0,000,Inactive,Inactive
1578928,,0,0.0,0,0,0,000,Inactive,Inactive
1580446,,0,0.0,0,0,0,000,Inactive,Inactive
1581067,,0,0.0,0,0,0,000,Inactive,Inactive
1582959,,0,0.0,0,0,0,000,Inactive,Inactive
1583166,,0,0.0,0,0,0,000,Inactive,Inactive
1584334,,0,0.0,0,0,0,000,Inactive,Inactive
1584479,,0,0.0,0,0,0,000,Inactive,Inactive
1584831,,0,0.0,0,0,0,000,Inactive,Inactive
1585039,,0,0.0,0,0,0,000,Inactive,Inactive
1586224,,0,0.0,0,0,0,000,Inactive,Inactive
1586796,,0,0.0,0,0,0,000,Inactive,Inactive
1587267,,0,0.0,0,0,0,000,Inactive,Inactive
1587505,,0,0.0,0,0,0,000,Inactive,Inactive
1589415,,0,0.0,0,0,0,000,Inactive,Inactive
1589929,,0,0.0,0,0,0,000,Inactive,Inactive
1591346,,0,0.0,0,0,0,000,Inactive,Inactive
1591654,,0,0.0,0,0,0,000,Inactive,Inactive
1591733,,0,0.0,0,0,0,000,Inactive,Inactive
1592879,,0,0.0,0,0,0,000,Inactive,Inactive
1593234,,0,0.0,0,0,0,000,Inactive,Inactive
1594822,,0,0.0,0,0,0,000,Inactive,Inactive
1594939,,0,0.0,0,0,0,000,Inactive,Inactive
1595533,,0,0.0,0,0,0,000,Inactive,Inactive
1595731,,0,0.0,0,0,0,000,Inactive,Inactive
1597288,,0,0.0,0,0,0,000,Inactive,Inactive
1598996,,0,0.0,0,0,0,000,Inactive,Inactive
1599568,,0,0.0,0,0,0,000,Inactive,Inactive
1600646,,0,0.0,0,0,0,000,Inactive,Inactive
1601250,,0,0.0,0,0,0,000,Inactive,Inactive
1601867,,0,0.0,0,0,0,000,Inactive,Inactive
1602419,,0,0.0,0,0,0,000,Inactive,Inactive
1603102,,0,0.0,0,0,0,000,Inactive,Inactive
1603126,,0,0.0,0,0,0,000,Inactive,Inactive
1603672,,0,0.0,0,0,0,000,Inactive,Inactive
1604393,,0,0.0,0,0,0,000,Inactive,Inactive
1605191,,0,0.0,0,0,0,000,Inactive,Inactive
1606480,,0,0.0,0,0,0,000,Inactive,Inactive
1606765,,0,0.0,0,0,0,000,Inactive,Inactive
1609142,,0,0.0,0,0,0,000,Inactive,Inactive
1610072,,0,0.0,0,0,0,000,Inactive,Inactive
1610904,,0,0.0,0,0,0,000,Inactive,Inactive
1611742,,0,0.0,0,0,0,000,Inactive,Inactive
1611874,,0,0.0,0,0,0,000,Inactive,Inactive
1612618,,0,0.0,0,0,0,000,Inactive,Inactive
1614302,,0,0.0,0,0,0,000,Inactive,Inactive
1614307,,0,0.0,0,0,0,000,Inactive,Inactive
1617201,,0,0.0,0,0,0,000,Inactive,Inactive
1617755,,0,0.0,0,0,0,000,Inactive,Inactive
1619001,,0,0.0,0,0,0,000,Inactive,Inactive
1619613,,0,0.0,0,0,0,000,Inactive,Inactive
1621680,,0,0.0,0,0,0,000,Inactive,Inactive
1621682,,0,0.0,0,0,0,000,Inactive,Inactive
1621821,,0,0.0,0,0,0,000,Inactive,Inactive
1621880,,0,0.0,0,0,0,000,Inactive,Inactive
1622275,,0,0.0,0,0,0,000,Inactive,Inactive
1623062,,0,0.0,0,0,0,000,Inactive,Inactive
1623453,,0,0.0,0,0,0,000,Inactive,Inactive
1623897,,0,0.0,0,0,0,000,Inactive,Inactive
1624904,,0,0.0,0,0,0,000,Inactive,Inactive
1625186,,0,0.0,0,0,0,000,Inactive,Inactive
1626664,,0,0.0,0,0,0,000,Inactive,Inactive
1627568,,0,0.0,0,0,0,000,Inactive,Inactive
1627616,,0,0.0,0,0,0,000,Inactive,Inactive
1627852,,0,0.0,0,0,0,000,Inactive,Inactive
1627947,,0,0.0,0,0,0,000,Inactive,Inactive
1628061,,0,0.0,0,0,0,000,Inactive,Inactive
1630331,,0,0.0,0,0,0,000,Inactive,Inactive
1631360,,0,0.0,0,0,0,000,Inactive,Inactive
1632526,,0,0.0,0,0,0,000,Inactive,Inactive
1632947,,0,0.0,0,0,0,000,Inactive,Inactive
1633391,,0,0.0,0,0,0,000,Inactive,Inactive
1633535,,0,0.0,0,0,0,000,Inactive,Inactive
1634079,,0,0.0,0,0,0,000,Inactive,Inactive
1634950,,0,0.0,0,0,0,000,Inactive,Inactive
1635502,,0,0.0,0,0,0,000,Inactive,Inactive
1635734,,0,0.0,0,0,0,000,Inactive,Inactive
1637229,,0,0.0,0,0,0,000,Inactive,Inactive
1637430,,0,0.0,0,0,0,000,Inactive,Inactive
1637460,,0,0.0,0,0,0,000,Inactive,Inactive
1637523,,0,0.0,0,0,0,000,Inactive,Inactive
1638269,,0,0.0,0,0,0,000,Inactive,Inactive
1638518,,0,0.0,0,0,0,000,Inactive,Inactive
1638732,,0,0.0,0,0,0,000,Inactive,Inactive
1640057,,0,0.0,0,0,0,000,Inactive,Inactive
1640687,,0,0.0,0,0,0,000,Inactive,Inactive
1643141,,0,0.0,0,0,0,000,Inactive,Inactive
1643772,,0,0.0,0,0,0,000,Inactive,Inactive
1644122,,0,0.0,0,0,0,000,Inactive,Inactive
1645701,,0,0.0,0,0,0,000,Inactive,Inactive
1645764,,0,0.0,0,0,0,000,Inactive,Inactive
1646042,,0,0.0,0,0,0,000,Inactive,Inactive
1647227,,0,0.0,0,0,0,000,Inactive,Inactive
1647688,,0,0.0,0,0,0,000,Inactive,Inactive
1650041,,0,0.0,0,0,0,000,Inactive,Inactive
1650055,,0,0.0,0,0,0,000,Inactive,Inactive
1650325,,0,0.0,0,0,0,000,Inactive,Inactive
1650923,,0,0.0,0,0,0,000,Inactive,Inactive
1651932,,0,0.0,0,0,0,000,Inactive,Inactive
1653071,,0,0.0,0,0,0,000,Inactive,Inactive
1653591,,0,0.0,0,0,0,000,Inactive,Inactive
1653953,,0,0.0,0,0,0,000,Inactive,Inactive
1655123,,0,0.0,0,0,0,000,Inactive,Inactive
1655144,,0,0.0,0,0,0,000,Inactive,Inactive
1655634,,0,0.0,0,0,0,000,Inactive,Inactive
1657423,,0,0.0,0,0,0,000,Inactive,Inactive
1657638,,0,0.0,0,0,0,000,Inactive,Inactive
1657736,,0,0.0,0,0,0,000,Inactive,Inactive
1657806,,0,0.0,0,0,0,000,Inactive,Inactive
1659169,,0,0.0,0,0,0,000,Inactive,Inactive
1661304,,0,0.0,0,0,0,000,Inactive,Inactive
1663735,,0,0.0,0,0,0,000,Inactive,Inactive
1663825,,0,0.0,0,0,0,000,Inactive,Inactive
1664379,,0,0.0,0,0,0,000,Inactive,Inactive
1665562,,0,0.0,0,0,0,000,Inactive,Inactive
1665592,,0,0.0,0,0,0,000,Inactive,Inactive
1665992,,0,0.0,0,0,0,000,Inactive,Inactive
1667083,,0,0.0,0,0,0,000,Inactive,Inactive
1668155,,0,0.0,0,0,0,000,Inactive,Inactive
1668530,,0,0.0,0,0,0,000,Inactive,Inactive
1668986,,0,0.0,0,0,0,000,Inactive,Inactive
1669618,,0,0.0,0,0,0,000,Inactive,Inactive
1670839,,0,0.0,0,0,0,000,Inactive,Inactive
1672144,,0,0.0,0,0,0,000,Inactive,Inactive
1672198,,0,0.0,0,0,0,000,Inactive,Inactive
1673888,,0,0.0,0,0,0,000,Inactive,Inactive
1674060,,0,0.0,0,0,0,000,Inactive,Inactive
1675027,,0,0.0,0,0,0,000,Inactive,Inactive
1675506,,0,0.0,0,0,0,000,Inactive,Inactive
1675646,,0,0.0,0,0,0,000,Inactive,Inactive
1675731,,0,0.0,0,0,0,000,Inactive,Inactive
1676120,,0,0.0,0,0,0,000,Inactive,Inactive
1676748,,0,0.0,0,0,0,000,Inactive,Inactive
1677574,,0,0.0,0,0,0,000,Inactive,Inactive
1678411,,0,0.0,0,0,0,000,Inactive,Inactive
1678417,,0,0.0,0,0,0,000,Inactive,Inactive
1679285,,0,0.0,0,0,0,000,Inactive,Inactive
1679719,,0,0.0,0,0,0,000,Inactive,Inactive
1680095,,0,0.0,0,0,0,000,Inactive,Inactive
1680592,,0,0.0,0,0,0,000,Inactive,Inactive
1681051,,0,0.0,0,0,0,000,Inactive,Inactive
1681680,,0,0.0,0,0,0,000,Inactive,Inactive
1681885,,0,0.0,0,0,0,000,Inactive,Inactive
1684012,,0,0.0,0,0,0,000,Inactive,Inactive
1687867,,0,0.0,0,0,0,000,Inactive,Inactive
1687873,,0,0.0,0,0,0,000,Inactive,Inactive
1689949,,0,0.0,0,0,0,000,Inactive,Inactive
1691442,,0,0.0,0,0,0,000,Inactive,Inactive
1691778,,0,0.0,0,0,0,000,Inactive,Inactive
1692083,,0,0.0,0,0,0,000,Inactive,Inactive
1692832,,0,0.0,0,0,0,000,Inactive,Inactive
1693159,,0,0.0,0,0,0,000,Inactive,Inactive
1693201,,0,0.0,0,0,0,000,Inactive,Inactive
1694410,,0,0.0,0,0,0,000,Inactive,Inactive
1695039,,0,0.0,0,0,0,000,Inactive,Inactive
1695347,,0,0.0,0,0,0,000,Inactive,Inactive
1696270,,0,0.0,0,0,0,000,Inactive,Inactive
1697709,,0,0.0,0,0,0,000,Inactive,Inactive
1698365,,0,0.0,0,0,0,000,Inactive,Inactive
1698558,,0,0.0,0,0,0,000,Inactive,Inactive
1698654,,0,0.0,0,0,0,000,Inactive,Inactive
1698899,,0,0.0,0,0,0,000,Inactive,Inactive
1700548,,0,0.0,0,0,0,000,Inactive,Inactive
1700722,,0,0.0,0,0,0,000,Inactive,Inactive
1701356,,0,0.0,0,0,0,000,Inactive,Inactive
1701378,,0,0.0,0,0,0,000,Inactive,Inactive
1702039,,0,0.0,0,0,0,000,Inactive,Inactive
1702520,,0,0.0,0,0,0,000,Inactive,Inactive
1702738,,0,0.0,0,0,0,000,Inactive,Inactive
1703277,,0,0.0,0,0,0,000,Inactive,Inactive
1705071,,0,0.0,0,0,0,000,Inactive,Inactive
1705271,,0,0.0,0,0,0,000,Inactive,Inactive
1706036,,0,0.0,0,0,0,000,Inactive,Inactive
1707074,,0,0.0,0,0,0,000,Inactive,Inactive
1707423,,0,0.0,0,0,0,000,Inactive,Inactive
1707766,,0,0.0,0,0,0,000,Inactive,Inactive
1709117,,0,0.0,0,0,0,000,Inactive,Inactive
1709164,,0,0.0,0,0,0,000,Inactive,Inactive
1709773,,0,0.0,0,0,0,000,Inactive,Inactive
1709882,,0,0.0,0,0,0,000,Inactive,Inactive
1710077,,0,0.0,0,0,0,000,Inactive,Inactive
1710322,,0,0.0,0,0,0,000,Inactive,Inactive
1710983,,0,0.0,0,0,0,000,Inactive,Inactive
1711130,,0,0.0,0,0,0,000,Inactive,Inactive
1711282,,0,0.0,0,0,0,000,Inactive,Inactive
1711962,,0,0.0,0,0,0,000,Inactive,Inactive
1712358,,0,0.0,0,0,0,000,Inactive,Inactive
1713337,,0,0.0,0,0,0,000,Inactive,Inactive
1713485,,0,0.0,0,0,0,000,Inactive,Inactive
1714175,,0,0.0,0,0,0,000,Inactive,Inactive
1714248,,0,0.0,0,0,0,000,Inactive,Inactive
1715794,,0,0.0,0,0,0,000,Inactive,Inactive
1715827,,0,0.0,0,0,0,000,Inactive,Inactive
1716103,,0,0.0,0,0,0,000,Inactive,Inactive
1717956,,0,0.0,0,0,0,000,Inactive,Inactive
1718350,,0,0.0,0,0,0,000,Inactive,Inactive
1719335,,0,0.0,0,0,0,000,Inactive,Inactive
1719738,,0,0.0,0,0,0,000,Inactive,Inactive
1720719,,0,0.0,0,0,0,000,Inactive,Inactive
1723863,,0,0.0,0,0,0,000,Inactive,Inactive
1724894,,0,0.0,0,0,0,000,Inactive,Inactive
1725170,,0,0.0,0,0,0,000,Inactive,Inactive
1725275,,0,0.0,0,0,0,000,Inactive,Inactive
1726756,,0,0.0,0,0,0,000,Inactive,Inactive
1726992,,0,0.0,0,0,0,000,Inactive,Inactive
1727372,,0,0.0,0,0,0,000,Inactive,Inactive
1728188,,0,0.0,0,0,0,000,Inactive,Inactive
1728683,,0,0.0,0,0,0,000,Inactive,Inactive
1729311,,0,0.0,0,0,0,000,Inactive,Inactive
1729522,,0,0.0,0,0,0,000,Inactive,Inactive
1729596,,0,0.0,0,0,0,000,Inactive,Inactive
1729776,,0,0.0,0,0,0,000,Inactive,Inactive
1731021,,0,0.0,0,0,0,000,Inactive,Inactive
1731044,,0,0.0,0,0,0,000,Inactive,Inactive
1731078,,0,0.0,0,0,0,000,Inactive,Inactive
1731517,,0,0.0,0,0,0,000,Inactive,Inactive
1731578,,0,0.0,0,0,0,000,Inactive,Inactive
1733644,,0,0.0,0,0,0,000,Inactive,Inactive
1733739,,0,0.0,0,0,0,000,Inactive,Inactive
1733843,,0,0.0,0,0,0,000,Inactive,Inactive
1733863,,0,0.0,0,0,0,000,Inactive,Inactive
1735650,,0,0.0,0,0,0,000,Inactive,Inactive
1735869,,0,0.0,0,0,0,000,Inactive,Inactive
1736094,,0,0.0,0,0,0,000,Inactive,Inactive
1736968,,0,0.0,0,0,0,000,Inactive,Inactive
1737459,,0,0.0,0,0,0,000,Inactive,Inactive
1737861,,0,0.0,0,0,0,000,Inactive,Inactive
1737923,,0,0.0,0,0,0,000,Inactive,Inactive
1738647,,0,0.0,0,0,0,000,Inactive,Inactive
1738669,,0,0.0,0,0,0,000,Inactive,Inactive
1740032,,0,0.0,0,0,0,000,Inactive,Inactive
1741678,,0,0.0,0,0,0,000,Inactive,Inactive
1741903,,0,0.0,0,0,0,000,Inactive,Inactive
1743012,,0,0.0,0,0,0,000,Inactive,Inactive
1746301,,0,0.0,0,0,0,000,Inactive,Inactive
1746504,,0,0.0,0,0,0,000,Inactive,Inactive
1748351,,0,0.0,0,0,0,000,Inactive,Inactive
1749439,,0,0.0,0,0,0,000,Inactive,Inactive
1749591,,0,0.0,0,0,0,000,Inactive,Inactive
1750920,,0,0.0,0,0,0,000,Inactive,Inactive
1751403,,0,0.0,0,0,0,000,Inactive,Inactive
1751887,,0,0.0,0,0,0,000,Inactive,Inactive
1754480,,0,0.0,0,0,0,000,Inactive,Inactive
1755207,,0,0.0,0,0,0,000,Inactive,Inactive
1755967,,0,0.0,0,0,0,000,Inactive,Inactive
1756535,,0,0.0,0,0,0,000,Inactive,Inactive
1756625,,0,0.0,0,0,0,000,Inactive,Inactive
1759474,,0,0.0,0,0,0,000,Inactive,Inactive
1759497,,0,0.0,0,0,0,000,Inactive,Inactive
1761880,,0,0.0,0,0,0,000,Inactive,Inactive
1762408,,0,0.0,0,0,0,000,Inactive,Inactive
1762798,,0,0.0,0,0,0,000,Inactive,Inactive
1763375,,0,0.0,0,0,0,000,Inactive,Inactive
1765100,,0,0.0,0,0,0,000,Inactive,Inactive
1767742,,0,0.0,0,0,0,000,Inactive,Inactive
1768642,,0,0.0,0,0,0,000,Inactive,Inactive
1769593,,0,0.0,0,0,0,000,Inactive,Inactive
1769708,,0,0.0,0,0,0,000,Inactive,Inactive
1771623,,0,0.0,0,0,0,000,Inactive,Inactive
1771836,,0,0.0,0,0,0,000,Inactive,Inactive
1773123,,0,0.0,0,0,0,000,Inactive,Inactive
1773342,,0,0.0,0,0,0,000,Inactive,Inactive
1773767,,0,0.0,0,0,0,000,Inactive,Inactive
1773829,,0,0.0,0,0,0,000,Inactive,Inactive
1775648,,0,0.0,0,0,0,000,Inactive,Inactive
1775996,,0,0.0,0,0,0,000,Inactive,Inactive
1777187,,0,0.0,0,0,0,000,Inactive,Inactive
1777451,,0,0.0,0,0,0,000,Inactive,Inactive
1778008,,0,0.0,0,0,0,000,Inactive,Inactive
1779351,,0,0.0,0,0,0,000,Inactive,Inactive
1780414,,0,0.0,0,0,0,000,Inactive,Inactive
1780765,,0,0.0,0,0,0,000,Inactive,Inactive
1781952,,0,0.0,0,0,0,000,Inactive,Inactive
1782127,,0,0.0,0,0,0,000,Inactive,Inactive
1782611,,0,0.0,0,0,0,000,Inactive,Inactive
1783114,,0,0.0,0,0,0,000,Inactive,Inactive
1784084,,0,0.0,0,0,0,000,Inactive,Inactive
1784090,,0,0.0,0,0,0,000,Inactive,Inactive
1784223,,0,0.0,0,0,0,000,Inactive,Inactive
1784533,,0,0.0,0,0,0,000,Inactive,Inactive
1785189,,0,0.0,0,0,0,000,Inactive,Inactive
1785873,,0,0.0,0,0,0,000,Inactive,Inactive
1788235,,0,0.0,0,0,0,000,Inactive,Inactive
1789247,,0,0.0,0,0,0,000,Inactive,Inactive
1789966,,0,0.0,0,0,0,000,Inactive,Inactive
1791480,,0,0.0,0,0,0,000,Inactive,Inactive
1792323,,0,0.0,0,0,0,000,Inactive,Inactive
1794695,,0,0.0,0,0,0,000,Inactive,Inactive
1797790,,0,0.0,0,0,0,000,Inactive,Inactive
1801726,,0,0.0,0,0,0,000,Inactive,Inactive
1802070,,0,0.0,0,0,0,000,Inactive,Inactive
1802847,,0,0.0,0,0,0,000,Inactive,Inactive
1805165,,0,0.0,0,0,0,000,Inactive,Inactive
1806456,,0,0.0,0,0,0,000,Inactive,Inactive
1808142,,0,0.0,0,0,0,000,Inactive,Inactive
1808181,,0,0.0,0,0,0,000,Inactive,Inactive
1808624,,0,0.0,0,0,0,000,Inactive,Inactive
1808728,,0,0.0,0,0,0,000,Inactive,Inactive
1809117,,0,0.0,0,0,0,000,Inactive,Inactive
1809930,,0,0.0,0,0,0,000,Inactive,Inactive
1810281,,0,0.0,0,0,0,000,Inactive,Inactive
1810374,,0,0.0,0,0,0,000,Inactive,Inactive
1812636,,0,0.0,0,0,0,000,Inactive,Inactive
1813399,,0,0.0,0,0,0,000,Inactive,Inactive
1813779,,0,0.0,0,0,0,000,Inactive,Inactive
1814018,,0,0.0,0,0,0,000,Inactive,Inactive
1814659,,0,0.0,0,0,0,000,Inactive,Inactive
1815310,,0,0.0,0,0,0,000,Inactive,Inactive
1816052,,0,0.0,0,0,0,000,Inactive,Inactive
1817365,,0,0.0,0,0,0,000,Inactive,Inactive
1818082,,0,0.0,0,0,0,000,Inactive,Inactive
1820542,,0,0.0,0,0,0,000,Inactive,Inactive
1820710,,0,0.0,0,0,0,000,Inactive,Inactive
1820782,,0,0.0,0,0,0,000,Inactive,Inactive
1823873,,0,0.0,0,0,0,000,Inactive,Inactive
1825161,,0,0.0,0,0,0,000,Inactive,Inactive
1825577,,0,0.0,0,0,0,000,Inactive,Inactive
1827151,,0,0.0,0,0,0,000,Inactive,Inactive
1827689,,0,0.0,0,0,0,000,Inactive,Inactive
1827887,,0,0.0,0,0,0,000,Inactive,Inactive
1828414,,0,0.0,0,0,0,000,Inactive,Inactive
1828608,,0,0.0,0,0,0,000,Inactive,Inactive
1830441,,0,0.0,0,0,0,000,Inactive,Inactive
1832415,,0,0.0,0,0,0,000,Inactive,Inactive
1832804,,0,0.0,0,0,0,000,Inactive,Inactive
1832926,,0,0.0,0,0,0,000,Inactive,Inactive
1833687,,0,0.0,0,0,0,000,Inactive,Inactive
1833739,,0,0.0,0,0,0,000,Inactive,Inactive
1834027,,0,0.0,0,0,0,000,Inactive,Inactive
1836038,,0,0.0,0,0,0,000,Inactive,Inactive
1836507,,0,0.0,0,0,0,000,Inactive,Inactive
1837160,,0,0.0,0,0,0,000,Inactive,Inactive
1837300,,0,0.0,0,0,0,000,Inactive,Inactive
1837360,,0,0.0,0,0,0,000,Inactive,Inactive
1838182,,0,0.0,0,0,0,000,Inactive,Inactive
1841795,,0,0.0,0,0,0,000,Inactive,Inactive
1841888,,0,0.0,0,0,0,000,Inactive,Inactive
1842830,,0,0.0,0,0,0,000,Inactive,Inactive
1845296,,0,0.0,0,0,0,000,Inactive,Inactive
1845761,,0,0.0,0,0,0,000,Inactive,Inactive
1846768,,0,0.0,0,0,0,000,Inactive,Inactive
1846866,,0,0.0,0,0,0,000,Inactive,Inactive
1850913,,0,0.0,0,0,0,000,Inactive,Inactive
1851016,,0,0.0,0,0,0,000,Inactive,Inactive
1851176,,0,0.0,0,0,0,000,Inactive,Inactive
1851888,,0,0.0,0,0,0,000,Inactive,Inactive
1852391,,0,0.0,0,0,0,000,Inactive,Inactive
1853810,,0,0.0,0,0,0,000,Inactive,Inactive
1853858,,0,0.0,0,0,0,000,Inactive,Inactive
1854100,,0,0.0,0,0,0,000,Inactive,Inactive
1856070,,0,0.0,0,0,0,000,Inactive,Inactive
1856080,,0,0.0,0,0,0,000,Inactive,Inactive
1856179,,0,0.0,0,0,0,000,Inactive,Inactive
1856679,,0,0.0,0,0,0,000,Inactive,Inactive
1857319,,0,0.0,0,0,0,000,Inactive,Inactive
1857544,,0,0.0,0,0,0,000,Inactive,Inactive
1857564,,0,0.0,0,0,0,000,Inactive,Inactive
1858749,,0,0.0,0,0,0,000,Inactive,Inactive
1859011,,0,0.0,0,0,0,000,Inactive,Inactive
1859768,,0,0.0,0,0,0,000,Inactive,Inactive
1860245,,0,0.0,0,0,0,000,Inactive,Inactive
1861203,,0,0.0,0,0,0,000,Inactive,Inactive
1861308,,0,0.0,0,0,0,000,Inactive,Inactive
1864077,,0,0.0,0,0,0,000,Inactive,Inactive
1864481,,0,0.0,0,0,0,000,Inactive,Inactive
1866451,,0,0.0,0,0,0,000,Inactive,Inactive
1867738,,0,0.0,0,0,0,000,Inactive,Inactive
1867941,,0,0.0,0,0,0,000,Inactive,Inactive
1868062,,0,0.0,0,0,0,000,Inactive,Inactive
1869091,,0,0.0,0,0,0,000,Inactive,Inactive
1870431,,0,0.0,0,0,0,000,Inactive,Inactive
1870589,,0,0.0,0,0,0,000,Inactive,Inactive
1870842,,0,0.0,0,0,0,000,Inactive,Inactive
1871454,,0,0.0,0,0,0,000,Inactive,Inactive
1874375,,0,0.0,0,0,0,000,Inactive,Inactive
1874507,,0,0.0,0,0,0,000,Inactive,Inactive
1874700,,0,0.0,0,0,0,000,Inactive,Inactive
1874916,,0,0.0,0,0,0,000,Inactive,Inactive
1877532,,0,0.0,0,0,0,000,Inactive,Inactive
1877568,,0,0.0,0,0,0,000,Inactive,Inactive
1879346,,0,0.0,0,0,0,000,Inactive,Inactive
1880288,,0,0.0,0,0,0,000,Inactive,Inactive
1881517,,0,0.0,0,0,0,000,Inactive,Inactive
1881543,,0,0.0,0,0,0,000,Inactive,Inactive
1881758,,0,0.0,0,0,0,000,Inactive,Inactive
1882512,,0,0.0,0,0,0,000,Inactive,Inactive
1882911,,0,0.0,0,0,0,000,Inactive,Inactive
1885909,,0,0.0,0,0,0,000,Inactive,Inactive
1886699,,0,0.0,0,0,0,000,Inactive,Inactive
1886764,,0,0.0,0,0,0,000,Inactive,Inactive
1887539,,0,0.0,0,0,0,000,Inactive,Inactive
1888971,,0,0.0,0,0,0,000,Inactive,Inactive
1889574,,0,0.0,0,0,0,000,Inactive,Inactive
1891392,,0,0.0,0,0,0,000,Inactive,Inactive
1891564,,0,0.0,0,0,0,000,Inactive,Inactive
1891930,,0,0.0,0,0,0,000,Inactive,Inactive
1894812,,0,0.0,0,0,0,000,Inactive,Inactive
1894995,,0,0.0,0,0,0,000,Inactive,Inactive
1895173,,0,0.0,0,0,0,000,Inactive,Inactive
1895963,,0,0.0,0,0,0,000,Inactive,Inactive
1896050,,0,0.0,0,0,0,000,Inactive,Inactive
1897043,,0,0.0,0,0,0,000,Inactive,Inactive
1897140,,0,0.0,0,0,0,000,Inactive,Inactive
1899049,,0,0.0,0,0,0,000,Inactive,Inactive
1900386,,0,0.0,0,0,0,000,Inactive,Inactive
1902597,,0,0.0,0,0,0,000,Inactive,Inactive
1904541,,0,0.0,0,0,0,000,Inactive,Inactive
1906639,,0,0.0,0,0,0,000,Inactive,Inactive
1906758,,0,0.0,0,0,0,000,Inactive,Inactive
1907354,,0,0.0,0,0,0,000,Inactive,Inactive
1908686,,0,0.0,0,0,0,000,Inactive,Inactive
1908738,,0,0.0,0,0,0,000,Inactive,Inactive
1909555,,0,0.0,0,0,0,000,Inactive,Inactive
1909574,,0,0.0,0,0,0,000,Inactive,Inactive
1910024,,0,0.0,0,0,0,000,Inactive,Inactive
1910557,,0,0.0,0,0,0,000,Inactive,Inactive
1910912,,0,0.0,0,0,0,000,Inactive,Inactive
1910935,,0,0.0,0,0,0,000,Inactive,Inactive
1914297,,0,0.0,0,0,0,000,Inactive,Inactive
1914411,,0,0.0,0,0,0,000,Inactive,Inactive
1914860,,0,0.0,0,0,0,000,Inactive,Inactive
1914968,,0,0.0,0,0,0,000,Inactive,Inactive
1915107,,0,0.0,0,0,0,000,Inactive,Inactive
1915871,,0,0.0,0,0,0,000,Inactive,Inactive
1916216,,0,0.0,0,0,0,000,Inactive,Inactive
1916439,,0,0.0,0,0,0,000,Inactive,Inactive
1916704,,0,0.0,0,0,0,000,Inactive,Inactive
1917635,,0,0.0,0,0,0,000,Inactive,Inactive
1917764,,0,0.0,0,0,0,000,Inactive,Inactive
1919139,,0,0.0,0,0,0,000,Inactive,Inactive
1920224,,0,0.0,0,0,0,000,Inactive,Inactive
1921955,,0,0.0,0,0,0,000,Inactive,Inactive
1923045,,0,0.0,0,0,0,000,Inactive,Inactive
1923285,,0,0.0,0,0,0,000,Inactive,Inactive
1923883,,0,0.0,0,0,0,000,Inactive,Inactive
1924439,,0,0.0,0,0,0,000,Inactive,Inactive
1925368,,0,0.0,0,0,0,000,Inactive,Inactive
1927481,,0,0.0,0,0,0,000,Inactive,Inactive
1927482,,0,0.0,0,0,0,000,Inactive,Inactive
1927703,,0,0.0,0,0,0,000,Inactive,Inactive
1929429,,0,0.0,0,0,0,000,Inactive,Inactive
1929593,,0,0.0,0,0,0,000,Inactive,Inactive
1930719,,0,0.0,0,0,0,000,Inactive,Inactive
1931904,,0,0.0,0,0,0,000,Inactive,Inactive
1932419,,0,0.0,0,0,0,000,Inactive,Inactive
1932888,,0,0.0,0,0,0,000,Inactive,Inactive
1933488,,0,0.0,0,0,0,000,Inactive,Inactive
1933513,,0,0.0,0,0,0,000,Inactive,Inactive
1933782,,0,0.0,0,0,0,000,Inactive,Inactive
1933886,,0,0.0,0,0,0,000,Inactive,Inactive
1934859,,0,0.0,0,0,0,000,Inactive,Inactive
1935610,,0,0.0,0,0,0,000,Inactive,Inactive
1936343,,0,0.0,0,0,0,000,Inactive,Inactive
1936954,,0,0.0,0,0,0,000,Inactive,Inactive
1937256,,0,0.0,0,0,0,000,Inactive,Inactive
1937681,,0,0.0,0,0,0,000,Inactive,Inactive
1940260,,0,0.0,0,0,0,000,Inactive,Inactive
1941248,,0,0.0,0,0,0,000,Inactive,Inactive
1942337,,0,0.0,0,0,0,000,Inactive,Inactive
1944339,,0,0.0,0,0,0,000,Inactive,Inactive
1944969,,0,0.0,0,0,0,000,Inactive,Inactive
1945278,,0,0.0,0,0,0,000,Inactive,Inactive
1945512,,0,0.0,0,0,0,000,Inactive,Inactive
1946456,,0,0.0,0,0,0,000,Inactive,Inactive
1947154,,0,0.0,0,0,0,000,Inactive,Inactive
1949706,,0,0.0,0,0,0,000,Inactive,Inactive
1950172,,0,0.0,0,0,0,000,Inactive,Inactive
1950942,,0,0.0,0,0,0,000,Inactive,Inactive
1951299,,0,0.0,0,0,0,000,Inactive,Inactive
1951847,,0,0.0,0,0,0,000,Inactive,Inactive
1952797,,0,0.0,0,0,0,000,Inactive,Inactive
1952849,,0,0.0,0,0,0,000,Inactive,Inactive
1953143,,0,0.0,0,0,0,000,Inactive,Inactive
1953545,,0,0.0,0,0,0,000,Inactive,Inactive
1954649,,0,0.0,0,0,0,000,Inactive,Inactive
1954680,,0,0.0,0,0,0,000,Inactive,Inactive
1955324,,0,0.0,0,0,0,000,Inactive,Inactive
1956519,,0,0.0,0,0,0,000,Inactive,Inactive
1956556,,0,0.0,0,0,0,000,Inactive,Inactive
1959253,,0,0.0,0,0,0,000,Inactive,Inactive
1959586,,0,0.0,0,0,0,000,Inactive,Inactive
1960811,,0,0.0,0,0,0,000,Inactive,Inactive
1960843,,0,0.0,0,0,0,000,Inactive,Inactive
1961504,,0,0.0,0,0,0,000,Inactive,Inactive
1961900,,0,0.0,0,0,0,000,Inactive,Inactive
1962649,,0,0.0,0,0,0,000,Inactive,Inactive
1963376,,0,0.0,0,0,0,000,Inactive,Inactive
1964632,,0,0.0,0,0,0,000,Inactive,Inactive
1964680,,0,0.0,0,0,0,000,Inactive,Inactive
1965225,,0,0.0,0,0,0,000,Inactive,Inactive
1965427,,0,0.0,0,0,0,000,Inactive,Inactive
1965713,,0,0.0,0,0,0,000,Inactive,Inactive
1967544,,0,0.0,0,0,0,000,Inactive,Inactive
1968294,,0,0.0,0,0,0,000,Inactive,Inactive
1968482,,0,0.0,0,0,0,000,Inactive,Inactive
1970623,,0,0.0,0,0,0,000,Inactive,Inactive
1970651,,0,0.0,0,0,0,000,Inactive,Inactive
1971689,,0,0.0,0,0,0,000,Inactive,Inactive
1972041,,0,0.0,0,0,0,000,Inactive,Inactive
1972491,,0,0.0,0,0,0,000,Inactive,Inactive
1973405,,0,0.0,0,0,0,000,Inactive,Inactive
1975818,,0,0.0,0,0,0,000,Inactive,Inactive
1975846,,0,0.0,0,0,0,000,Inactive,Inactive
1976318,,0,0.0,0,0,0,000,Inactive,Inactive
1976444,,0,0.0,0,0,0,000,Inactive,Inactive
1976858,,0,0.0,0,0,0,000,Inactive,Inactive
1979929,,0,0.0,0,0,0,000,Inactive,Inactive
1980749,,0,0.0,0,0,0,000,Inactive,Inactive
1981776,,0,0.0,0,0,0,000,Inactive,Inactive
1982772,,0,0.0,0,0,0,000,Inactive,Inactive
1982854,,0,0.0,0,0,0,000,Inactive,Inactive
1984157,,0,0.0,0,0,0,000,Inactive,Inactive
1984691,,0,0.0,0,0,0,000,Inactive,Inactive
1984759,,0,0.0,0,0,0,000,Inactive,Inactive
1986003,,0,0.0,0,0,0,000,Inactive,Inactive
1986921,,0,0.0,0,0,0,000,Inactive,Inactive
1988197,,0,0.0,0,0,0,000,Inactive,Inactive
1988211,,0,0.0,0,0,0,000,Inactive,Inactive
1988267,,0,0.0,0,0,0,000,Inactive,Inactive
1988432,,0,0.0,0,0,0,000,Inactive,Inactive
1990229,,0,0.0,0,0,0,000,Inactive,Inactive
1993084,,0,0.0,0,0,0,000,Inactive,Inactive
1996127,,0,0.0,0,0,0,000,Inactive,Inactive
1997817,,0,0.0,0,0,0,000,Inactive,Inactive
1998500,,0,0.0,0,0,0,000,Inactive,Inactive
1998815,,0,0.0,0,0,0,000,Inactive,Inactive
1999417,,0,0.0,0,0,0,000,Inactive,Inactive
2000870,,0,0.0,0,0,0,000,Inactive,Inactive
2001280,,0,0.0,0,0,0,000,Inactive,Inactive
2001917,,0,0.0,0,0,0,000,Inactive,Inactive
2002224,,0,0.0,0,0,0,000,Inactive,Inactive
2002311,,0,0.0,0,0,0,000,Inactive,Inactive
2002773,,0,0.0,0,0,0,000,Inactive,Inactive
2003172,,0,0.0,0,0,0,000,Inactive,Inactive
2005064,,0,0.0,0,0,0,000,Inactive,Inactive
2005452,,0,0.0,0,0,0,000,Inactive,Inactive
2005495,,0,0.0,0,0,0,000,Inactive,Inactive
2006459,,0,0.0,0,0,0,000,Inactive,Inactive
2006760,,0,0.0,0,0,0,000,Inactive,Inactive
2007739,,0,0.0,0,0,0,000,Inactive,Inactive
2008641,,0,0.0,0,0,0,000,Inactive,Inactive
2010083,,0,0.0,0,0,0,000,Inactive,Inactive
2010595,,0,0.0,0,0,0,000,Inactive,Inactive
2011397,,0,0.0,0,0,0,000,Inactive,Inactive
2012701,,0,0.0,0,0,0,000,Inactive,Inactive
2013256,,0,0.0,0,0,0,000,Inactive,Inactive
2013273,,0,0.0,0,0,0,000,Inactive,Inactive
2015453,,0,0.0,0,0,0,000,Inactive,Inactive
2018228,,0,0.0,0,0,0,000,Inactive,Inactive
2018470,,0,0.0,0,0,0,000,Inactive,Inactive
2020749,,0,0.0,0,0,0,000,Inactive,Inactive
2021482,,0,0.0,0,0,0,000,Inactive,Inactive
2021930,,0,0.0,0,0,0,000,Inactive,Inactive
2022061,,0,0.0,0,0,0,000,Inactive,Inactive
2022652,,0,0.0,0,0,0,000,Inactive,Inactive
2023361,,0,0.0,0,0,0,000,Inactive,Inactive
2023886,,0,0.0,0,0,0,000,Inactive,Inactive
2024805,,0,0.0,0,0,0,000,Inactive,Inactive
2024932,,0,0.0,0,0,0,000,Inactive,Inactive
2025370,,0,0.0,0,0,0,000,Inactive,Inactive
2026215,,0,0.0,0,0,0,000,Inactive,Inactive
2027132,,0,0.0,0,0,0,000,Inactive,Inactive
2028151,,0,0.0,0,0,0,000,Inactive,Inactive
2029612,,0,0.0,0,0,0,000,Inactive,Inactive
2029992,,0,0.0,0,0,0,000,Inactive,Inactive
2030641,,0,0.0,0,0,0,000,Inactive,Inactive
2031123,,0,0.0,0,0,0,000,Inactive,Inactive
2031636,,0,0.0,0,0,0,000,Inactive,Inactive
2033268,,0,0.0,0,0,0,000,Inactive,Inactive
2033962,,0,0.0,0,0,0,000,Inactive,Inactive
2034051,,0,0.0,0,0,0,000,Inactive,Inactive
2034596,,0,0.0,0,0,0,000,Inactive,Inactive
2036433,,0,0.0,0,0,0,000,Inactive,Inactive
2037147,,0,0.0,0,0,0,000,Inactive,Inactive
2037434,,0,0.0,0,0,0,000,Inactive,Inactive
2037916,,0,0.0,0,0,0,000,Inactive,Inactive
2038634,,0,0.0,0,0,0,000,Inactive,Inactive
2040476,,0,0.0,0,0,0,000,Inactive,Inactive
2040933,,0,0.0,0,0,0,000,Inactive,Inactive
2041197,,0,0.0,0,0,0,000,Inactive,Inactive
2041693,,0,0.0,0,0,0,000,Inactive,Inactive
2042201,,0,0.0,0,0,0,000,Inactive,Inactive
2043457,,0,0.0,0,0,0,000,Inactive,Inactive
2043898,,0,0.0,0,0,0,000,Inactive,Inactive
2044188,,0,0.0,0,0,0,000,Inactive,Inactive
2044213,,0,0.0,0,0,0,000,Inactive,Inactive
2044307,,0,0.0,0,0,0,000,Inactive,Inactive
2045074,,0,0.0,0,0,0,000,Inactive,Inactive
2045543,,0,0.0,0,0,0,000,Inactive,Inactive
2045930,,0,0.0,0,0,0,000,Inactive,Inactive
2046034,,0,0.0,0,0,0,000,Inactive,Inactive
2047278,,0,0.0,0,0,0,000,Inactive,Inactive
2049020,,0,0.0,0,0,0,000,Inactive,Inactive
2049386,,0,0.0,0,0,0,000,Inactive,Inactive
2051163,,0,0.0,0,0,0,000,Inactive,Inactive
2051753,,0,0.0,0,0,0,000,Inactive,Inactive
2053164,,0,0.0,0,0,0,000,Inactive,Inactive
2054845,,0,0.0,0,0,0,000,Inactive,Inactive
2055131,,0,0.0,0,0,0,000,Inactive,Inactive
2056984,,0,0.0,0,0,0,000,Inactive,Inactive
2057009,,0,0.0,0,0,0,000,Inactive,Inactive
2057507,,0,0.0,0,0,0,000,Inactive,Inactive
2058358,,0,0.0,0,0,0,000,Inactive,Inactive
2058824,,0,0.0,0,0,0,000,Inactive,Inactive
2059607,,0,0.0,0,0,0,000,Inactive,Inactive
2061408,,0,0.0,0,0,0,000,Inactive,Inactive
2061782,,0,0.0,0,0,0,000,Inactive,Inactive
2062395,,0,0.0,0,0,0,000,Inactive,Inactive
2062596,,0,0.0,0,0,0,000,Inactive,Inactive
2062619,,0,0.0,0,0,0,000,Inactive,Inactive
2063061,,0,0.0,0,0,0,000,Inactive,Inactive
2063483,,0,0.0,0,0,0,000,Inactive,Inactive
2063584,,0,0.0,0,0,0,000,Inactive,Inactive
2064041,,0,0.0,0,0,0,000,Inactive,Inactive
2064256,,0,0.0,0,0,0,000,Inactive,Inactive
2064445,,0,0.0,0,0,0,000,Inactive,Inactive
2065092,,0,0.0,0,0,0,000,Inactive,Inactive
2068892,,0,0.0,0,0,0,000,Inactive,Inactive
2069358,,0,0.0,0,0,0,000,Inactive,Inactive
2069495,,0,0.0,0,0,0,000,Inactive,Inactive
2075236,,0,0.0,0,0,0,000,Inactive,Inactive
2075777,,0,0.0,0,0,0,000,Inactive,Inactive
2076154,,0,0.0,0,0,0,000,Inactive,Inactive
2076509,,0,0.0,0,0,0,000,Inactive,Inactive
2076703,,0,0.0,0,0,0,000,Inactive,Inactive
2078481,,0,0.0,0,0,0,000,Inactive,Inactive
2079114,,0,0.0,0,0,0,000,Inactive,Inactive
2079289,,0,0.0,0,0,0,000,Inactive,Inactive
2079915,,0,0.0,0,0,0,000,Inactive,Inactive
2079922,,0,0.0,0,0,0,000,Inactive,Inactive
2082022,,0,0.0,0,0,0,000,Inactive,Inactive
2083421,,0,0.0,0,0,0,000,Inactive,Inactive
2084881,,0,0.0,0,0,0,000,Inactive,Inactive
2085017,,0,0.0,0,0,0,000,Inactive,Inactive
2085404,,0,0.0,0,0,0,000,Inactive,Inactive
2087058,,0,0.0,0,0,0,000,Inactive,Inactive
2087983,,0,0.0,0,0,0,000,Inactive,Inactive
2088559,,0,0.0,0,0,0,000,Inactive,Inactive
2088753,,0,0.0,0,0,0,000,Inactive,Inactive
2089160,,0,0.0,0,0,0,000,Inactive,Inactive
2089653,,0,0.0,0,0,0,000,Inactive,Inactive
2089914,,0,0.0,0,0,0,000,Inactive,Inactive
2090432,,0,0.0,0,0,0,000,Inactive,Inactive
2091767,,0,0.0,0,0,0,000,Inactive,Inactive
2092412,,0,0.0,0,0,0,000,Inactive,Inactive
2092966,,0,0.0,0,0,0,000,Inactive,Inactive
2094015,,0,0.0,0,0,0,000,Inactive,Inactive
2095252,,0,0.0,0,0,0,000,Inactive,Inactive
2096004,,0,0.0,0,0,0,000,Inactive,Inactive
2097619,,0,0.0,0,0,0,000,Inactive,Inactive
2097629,,0,0.0,0,0,0,000,Inactive,Inactive
2097966,,0,0.0,0,0,0,000,Inactive,Inactive
2098140,,0,0.0,0,0,0,000,Inactive,Inactive
2099497,,0,0.0,0,0,0,000,Inactive,Inactive
2099618,,0,0.0,0,0,0,000,Inactive,Inactive
